date,symbol,company,sector,open,high,low,close,volume
2025-01-02,RELIANCE,Reliance Industries,Energy,2892.71,2923.71,2867.05,2876.62,1842145
2025-01-03,RELIANCE,Reliance Industries,Energy,2871.64,2888.18,2823.82,2870.61,7035207
2025-01-06,RELIANCE,Reliance Industries,Energy,2962.85,3004.57,2859.16,2905.23,1127365
2025-01-07,RELIANCE,Reliance Industries,Energy,3004.5,3017.06,2952.72,2986.04,745982
2025-01-08,RELIANCE,Reliance Industries,Energy,2979.16,2998.53,2941.3,2974.64,3184510
2025-01-09,RELIANCE,Reliance Industries,Energy,2985.65,3010.23,2926.83,2963.3,1896786
2025-01-10,RELIANCE,Reliance Industries,Energy,3019.15,3078.07,3007.13,3048.72,1425628
2025-01-13,RELIANCE,Reliance Industries,Energy,3118.81,3134.78,3040.89,3092.05,3690960
2025-01-14,RELIANCE,Reliance Industries,Energy,3075.28,3084.36,3042.26,3067.16,2858740
2025-01-15,RELIANCE,Reliance Industries,Energy,3095.91,3133.6,3072.65,3098.34,1833171
2025-01-16,RELIANCE,Reliance Industries,Energy,3047.38,3091.89,3017.45,3073.73,1236300
2025-01-17,RELIANCE,Reliance Industries,Energy,3075.69,3109.16,3043.71,3049.2,4039586
2025-01-20,RELIANCE,Reliance Industries,Energy,3042.46,3074.8,3030.82,3063.7,3574771
2025-01-21,RELIANCE,Reliance Industries,Energy,2959.23,2986.58,2919.14,2959.41,2367285
2025-01-22,RELIANCE,Reliance Industries,Energy,2885.7,2914.72,2861.8,2868.71,6902896
2025-01-23,RELIANCE,Reliance Industries,Energy,2832.97,2846.17,2801.09,2840.82,1387833
2025-01-24,RELIANCE,Reliance Industries,Energy,2786.84,2808.92,2772.43,2790.17,1080314
2025-01-27,RELIANCE,Reliance Industries,Energy,2817.21,2826.47,2785.68,2807.07,1708714
2025-01-28,RELIANCE,Reliance Industries,Energy,2761.15,2768.05,2744.84,2762.31,2438098
2025-01-29,RELIANCE,Reliance Industries,Energy,2699.43,2747.56,2674.21,2693.19,2858015
2025-01-30,RELIANCE,Reliance Industries,Energy,2763.44,2783.24,2726.89,2765.32,2189363
2025-01-31,RELIANCE,Reliance Industries,Energy,2744.29,2795.88,2727.68,2755.19,3034119
2025-02-03,RELIANCE,Reliance Industries,Energy,2733.63,2774.34,2704.57,2759.64,1256015
2025-02-04,RELIANCE,Reliance Industries,Energy,2710.1,2744.21,2665.51,2689.97,5530959
2025-02-05,RELIANCE,Reliance Industries,Energy,2631.02,2701.79,2598.7,2664.69,2389556
2025-02-06,RELIANCE,Reliance Industries,Energy,2702.73,2732.8,2625.86,2671.07,4621888
2025-02-07,RELIANCE,Reliance Industries,Energy,2619.19,2642.81,2581.6,2616.8,3018589
2025-02-10,RELIANCE,Reliance Industries,Energy,2626.28,2656.63,2614.05,2635.55,3213963
2025-02-11,RELIANCE,Reliance Industries,Energy,2603.72,2626.18,2599.73,2608.11,3420075
2025-02-12,RELIANCE,Reliance Industries,Energy,2605.19,2648.96,2581.29,2595.46,3198015
2025-02-13,RELIANCE,Reliance Industries,Energy,2571.59,2610.48,2539.83,2568.38,3560098
2025-02-14,RELIANCE,Reliance Industries,Energy,2662.92,2709.27,2650.07,2655.04,5193067
2025-02-17,RELIANCE,Reliance Industries,Energy,2664.88,2673.18,2630.4,2655.46,2785360
2025-02-18,RELIANCE,Reliance Industries,Energy,2592.75,2640.95,2563.85,2605.97,3692274
2025-02-19,RELIANCE,Reliance Industries,Energy,2639.94,2690.44,2622.3,2645.59,2379608
2025-02-20,RELIANCE,Reliance Industries,Energy,2599.32,2609.93,2552.0,2588.51,5519874
2025-02-21,RELIANCE,Reliance Industries,Energy,2585.32,2604.82,2578.05,2599.28,1723358
2025-02-24,RELIANCE,Reliance Industries,Energy,2504.01,2542.75,2498.31,2508.63,6731567
2025-02-25,RELIANCE,Reliance Industries,Energy,2437.77,2476.03,2405.16,2449.66,2445388
2025-02-26,RELIANCE,Reliance Industries,Energy,2450.06,2496.98,2426.98,2459.32,1138104
2025-02-27,RELIANCE,Reliance Industries,Energy,2505.46,2513.92,2461.33,2492.99,2682497
2025-02-28,RELIANCE,Reliance Industries,Energy,2510.12,2546.56,2480.69,2501.68,1718947
2025-03-03,RELIANCE,Reliance Industries,Energy,2486.33,2508.53,2473.43,2497.47,3969518
2025-03-04,RELIANCE,Reliance Industries,Energy,2475.87,2494.34,2438.92,2484.94,1746035
2025-03-05,RELIANCE,Reliance Industries,Energy,2420.1,2429.28,2384.49,2419.8,1955977
2025-03-06,RELIANCE,Reliance Industries,Energy,2387.73,2424.89,2357.15,2389.41,884301
2025-03-07,RELIANCE,Reliance Industries,Energy,2352.52,2399.74,2339.29,2370.56,1949401
2025-03-10,RELIANCE,Reliance Industries,Energy,2425.22,2449.21,2389.95,2416.61,659124
2025-03-11,RELIANCE,Reliance Industries,Energy,2424.57,2449.8,2407.26,2432.53,1046178
2025-03-12,RELIANCE,Reliance Industries,Energy,2359.17,2396.71,2350.28,2356.3,3798167
2025-03-13,RELIANCE,Reliance Industries,Energy,2374.09,2392.31,2331.65,2370.99,3851569
2025-03-14,RELIANCE,Reliance Industries,Energy,2340.08,2390.56,2332.3,2355.51,3159116
2025-03-17,RELIANCE,Reliance Industries,Energy,2316.28,2347.45,2276.54,2327.75,1468811
2025-03-18,RELIANCE,Reliance Industries,Energy,2342.87,2371.75,2322.76,2354.31,2435250
2025-03-19,RELIANCE,Reliance Industries,Energy,2380.3,2420.21,2370.42,2398.94,2495051
2025-03-20,RELIANCE,Reliance Industries,Energy,2439.81,2455.06,2414.89,2440.11,1322058
2025-03-21,RELIANCE,Reliance Industries,Energy,2394.43,2437.19,2356.5,2404.23,5715374
2025-03-24,RELIANCE,Reliance Industries,Energy,2396.27,2419.15,2359.64,2391.81,4050498
2025-03-25,RELIANCE,Reliance Industries,Energy,2402.36,2418.94,2367.01,2407.03,2213910
2025-03-26,RELIANCE,Reliance Industries,Energy,2452.17,2492.13,2420.37,2450.26,2537242
2025-03-27,RELIANCE,Reliance Industries,Energy,2428.69,2448.39,2397.68,2430.1,2803591
2025-03-28,RELIANCE,Reliance Industries,Energy,2414.33,2447.77,2377.07,2422.96,813293
2025-03-31,RELIANCE,Reliance Industries,Energy,2387.39,2426.57,2363.21,2375.67,2182221
2025-04-01,RELIANCE,Reliance Industries,Energy,2296.64,2352.47,2275.23,2325.47,1718066
2025-04-02,RELIANCE,Reliance Industries,Energy,2374.75,2381.84,2349.18,2360.41,1441089
2025-04-03,RELIANCE,Reliance Industries,Energy,2436.73,2478.1,2375.95,2418.98,2141883
2025-04-04,RELIANCE,Reliance Industries,Energy,2400.13,2445.02,2359.21,2416.81,6719530
2025-04-07,RELIANCE,Reliance Industries,Energy,2449.8,2477.91,2445.71,2461.44,3556419
2025-04-08,RELIANCE,Reliance Industries,Energy,2469.2,2486.79,2437.11,2478.44,1826026
2025-04-09,RELIANCE,Reliance Industries,Energy,2441.45,2486.18,2400.61,2450.65,3425376
2025-04-10,RELIANCE,Reliance Industries,Energy,2467.76,2496.24,2457.53,2467.58,5397501
2025-04-11,RELIANCE,Reliance Industries,Energy,2550.61,2576.29,2509.85,2536.88,4157189
2025-04-14,RELIANCE,Reliance Industries,Energy,2535.1,2577.33,2493.11,2536.26,2583351
2025-04-15,RELIANCE,Reliance Industries,Energy,2619.34,2657.08,2604.59,2608.7,1751505
2025-04-16,RELIANCE,Reliance Industries,Energy,2472.26,2495.63,2440.48,2486.73,3670447
2025-04-17,RELIANCE,Reliance Industries,Energy,2526.74,2542.66,2509.23,2524.51,3104049
2025-04-18,RELIANCE,Reliance Industries,Energy,2542.07,2555.35,2487.2,2529.48,4090417
2025-04-21,RELIANCE,Reliance Industries,Energy,2521.74,2556.15,2472.81,2516.88,3545344
2025-04-22,RELIANCE,Reliance Industries,Energy,2515.81,2526.0,2472.91,2522.04,4452851
2025-04-23,RELIANCE,Reliance Industries,Energy,2441.08,2467.17,2410.77,2432.82,1862484
2025-04-24,RELIANCE,Reliance Industries,Energy,2436.19,2470.21,2386.22,2424.17,5159591
2025-04-25,RELIANCE,Reliance Industries,Energy,2437.16,2479.55,2399.73,2440.73,2787013
2025-04-28,RELIANCE,Reliance Industries,Energy,2502.95,2523.71,2486.87,2506.63,7827821
2025-04-29,RELIANCE,Reliance Industries,Energy,2491.83,2529.11,2446.76,2484.25,1711272
2025-04-30,RELIANCE,Reliance Industries,Energy,2456.03,2463.11,2445.1,2449.09,6495247
2025-05-01,RELIANCE,Reliance Industries,Energy,2424.57,2465.32,2397.57,2427.95,2787490
2025-05-02,RELIANCE,Reliance Industries,Energy,2490.57,2498.45,2456.8,2468.93,1747193
2025-05-05,RELIANCE,Reliance Industries,Energy,2505.68,2525.11,2476.95,2484.52,1915834
2025-05-06,RELIANCE,Reliance Industries,Energy,2472.49,2508.47,2456.14,2461.83,2096144
2025-05-07,RELIANCE,Reliance Industries,Energy,2488.74,2497.57,2453.65,2485.56,3156873
2025-05-08,RELIANCE,Reliance Industries,Energy,2486.26,2503.09,2469.4,2490.89,3332924
2025-05-09,RELIANCE,Reliance Industries,Energy,2513.07,2568.98,2479.6,2535.32,1823496
2025-05-12,RELIANCE,Reliance Industries,Energy,2491.47,2537.45,2486.21,2504.3,2466735
2025-05-13,RELIANCE,Reliance Industries,Energy,2492.92,2522.58,2474.69,2490.53,8121699
2025-05-14,RELIANCE,Reliance Industries,Energy,2474.23,2505.89,2448.78,2473.95,6465235
2025-05-15,RELIANCE,Reliance Industries,Energy,2424.35,2449.14,2374.96,2409.76,3178053
2025-05-16,RELIANCE,Reliance Industries,Energy,2423.84,2436.64,2408.02,2423.57,2552804
2025-05-19,RELIANCE,Reliance Industries,Energy,2440.16,2456.94,2407.57,2435.93,2670612
2025-05-20,RELIANCE,Reliance Industries,Energy,2432.42,2447.09,2393.35,2437.13,3503370
2025-05-21,RELIANCE,Reliance Industries,Energy,2439.92,2480.04,2399.97,2427.81,1424405
2025-05-22,RELIANCE,Reliance Industries,Energy,2359.58,2392.77,2347.87,2366.93,2170014
2025-05-23,RELIANCE,Reliance Industries,Energy,2328.54,2368.32,2325.25,2349.96,998570
2025-05-26,RELIANCE,Reliance Industries,Energy,2337.92,2358.62,2299.5,2336.4,3113861
2025-05-27,RELIANCE,Reliance Industries,Energy,2298.05,2342.99,2294.93,2303.59,3568868
2025-05-28,RELIANCE,Reliance Industries,Energy,2288.35,2306.12,2252.04,2297.83,1916572
2025-05-29,RELIANCE,Reliance Industries,Energy,2321.05,2346.5,2292.32,2315.46,5941629
2025-05-30,RELIANCE,Reliance Industries,Energy,2391.78,2417.99,2351.21,2395.0,1273946
2025-06-02,RELIANCE,Reliance Industries,Energy,2403.3,2430.87,2368.26,2403.48,1117265
2025-06-03,RELIANCE,Reliance Industries,Energy,2414.17,2418.74,2370.8,2415.59,2828479
2025-06-04,RELIANCE,Reliance Industries,Energy,2424.56,2462.93,2396.51,2413.31,4446844
2025-06-05,RELIANCE,Reliance Industries,Energy,2330.59,2370.2,2297.86,2330.93,6311989
2025-06-06,RELIANCE,Reliance Industries,Energy,2323.81,2355.47,2305.6,2330.75,1942361
2025-06-09,RELIANCE,Reliance Industries,Energy,2314.06,2364.19,2292.87,2334.21,4524762
2025-06-10,RELIANCE,Reliance Industries,Energy,2424.68,2479.32,2396.39,2438.64,2447607
2025-06-11,RELIANCE,Reliance Industries,Energy,2400.16,2462.83,2362.11,2431.17,2273557
2025-06-12,RELIANCE,Reliance Industries,Energy,2456.65,2465.47,2401.98,2445.34,4064552
2025-06-13,RELIANCE,Reliance Industries,Energy,2432.06,2471.18,2397.86,2444.79,3578945
2025-06-16,RELIANCE,Reliance Industries,Energy,2391.71,2421.43,2372.33,2394.34,1050509
2025-06-17,RELIANCE,Reliance Industries,Energy,2412.85,2464.62,2393.15,2444.55,5631568
2025-06-18,RELIANCE,Reliance Industries,Energy,2490.69,2524.36,2445.05,2478.61,5340615
2025-06-19,RELIANCE,Reliance Industries,Energy,2527.63,2570.31,2502.17,2514.89,1772216
2025-06-20,RELIANCE,Reliance Industries,Energy,2483.67,2525.23,2467.61,2474.73,3108010
2025-06-23,RELIANCE,Reliance Industries,Energy,2570.98,2593.25,2520.37,2538.21,3280537
2025-06-24,RELIANCE,Reliance Industries,Energy,2483.01,2490.28,2460.62,2475.18,2885393
2025-06-25,RELIANCE,Reliance Industries,Energy,2513.77,2558.37,2487.21,2502.32,1847111
2025-06-26,RELIANCE,Reliance Industries,Energy,2599.63,2641.69,2586.71,2601.98,1727884
2025-06-27,RELIANCE,Reliance Industries,Energy,2551.4,2564.6,2547.02,2556.63,2465108
2025-06-30,RELIANCE,Reliance Industries,Energy,2503.41,2573.75,2500.14,2531.59,4764972
2025-07-01,RELIANCE,Reliance Industries,Energy,2522.76,2577.2,2477.87,2537.14,3371206
2025-07-02,RELIANCE,Reliance Industries,Energy,2523.9,2548.69,2494.36,2515.17,2038986
2025-07-03,RELIANCE,Reliance Industries,Energy,2459.22,2486.4,2427.54,2445.97,3821813
2025-07-04,RELIANCE,Reliance Industries,Energy,2442.76,2469.03,2412.09,2449.97,521832
2025-07-07,RELIANCE,Reliance Industries,Energy,2423.29,2427.97,2392.77,2404.1,4702582
2025-07-08,RELIANCE,Reliance Industries,Energy,2399.19,2441.8,2358.05,2425.55,960259
2025-07-09,RELIANCE,Reliance Industries,Energy,2369.61,2421.34,2335.57,2386.38,2048173
2025-07-10,RELIANCE,Reliance Industries,Energy,2460.84,2463.5,2447.73,2453.91,1350496
2025-07-11,RELIANCE,Reliance Industries,Energy,2445.44,2461.74,2400.7,2420.3,1226562
2025-07-14,RELIANCE,Reliance Industries,Energy,2387.84,2425.94,2349.77,2407.24,4733881
2025-07-15,RELIANCE,Reliance Industries,Energy,2445.13,2469.91,2401.76,2443.45,1932964
2025-07-16,RELIANCE,Reliance Industries,Energy,2372.67,2430.06,2351.44,2390.29,3024869
2025-07-17,RELIANCE,Reliance Industries,Energy,2424.22,2440.92,2373.59,2401.03,2436309
2025-07-18,RELIANCE,Reliance Industries,Energy,2467.36,2484.38,2449.05,2458.49,3250026
2025-07-21,RELIANCE,Reliance Industries,Energy,2388.26,2420.67,2345.63,2388.33,2607893
2025-07-22,RELIANCE,Reliance Industries,Energy,2396.55,2418.05,2384.72,2397.23,1234474
2025-07-23,RELIANCE,Reliance Industries,Energy,2415.92,2427.56,2368.38,2409.4,4324244
2025-07-24,RELIANCE,Reliance Industries,Energy,2435.17,2465.51,2405.84,2444.27,1905462
2025-07-25,RELIANCE,Reliance Industries,Energy,2406.24,2414.41,2363.73,2390.83,1062017
2025-07-28,RELIANCE,Reliance Industries,Energy,2336.95,2346.3,2312.27,2334.96,1975511
2025-07-29,RELIANCE,Reliance Industries,Energy,2356.13,2380.16,2344.53,2357.83,5707086
2025-07-30,RELIANCE,Reliance Industries,Energy,2364.08,2390.63,2354.62,2371.38,3990484
2025-07-31,RELIANCE,Reliance Industries,Energy,2372.88,2422.46,2361.62,2383.02,2063765
2025-08-01,RELIANCE,Reliance Industries,Energy,2415.13,2432.42,2388.83,2398.83,2063077
2025-08-04,RELIANCE,Reliance Industries,Energy,2392.45,2418.45,2336.64,2370.43,2094660
2025-08-05,RELIANCE,Reliance Industries,Energy,2363.17,2409.26,2346.74,2381.28,7834226
2025-08-06,RELIANCE,Reliance Industries,Energy,2390.03,2397.73,2385.29,2394.8,3084394
2025-08-07,RELIANCE,Reliance Industries,Energy,2375.63,2404.81,2323.64,2364.96,3167091
2025-08-08,RELIANCE,Reliance Industries,Energy,2422.79,2455.18,2383.96,2445.33,4405909
2025-08-11,RELIANCE,Reliance Industries,Energy,2465.46,2509.95,2424.11,2467.17,2850871
2025-08-12,RELIANCE,Reliance Industries,Energy,2398.28,2423.77,2355.32,2415.25,2168027
2025-08-13,RELIANCE,Reliance Industries,Energy,2443.77,2464.44,2434.1,2444.76,2244086
2025-08-14,RELIANCE,Reliance Industries,Energy,2373.5,2408.74,2355.14,2402.85,2403461
2025-08-15,RELIANCE,Reliance Industries,Energy,2412.44,2481.6,2378.93,2437.85,2449339
2025-08-18,RELIANCE,Reliance Industries,Energy,2493.39,2517.17,2457.72,2489.67,3730293
2025-08-19,RELIANCE,Reliance Industries,Energy,2439.66,2481.18,2430.84,2453.88,2572455
2025-08-20,RELIANCE,Reliance Industries,Energy,2487.78,2502.76,2450.79,2497.42,3740587
2025-08-21,RELIANCE,Reliance Industries,Energy,2496.47,2551.58,2484.45,2516.97,2391442
2025-08-22,RELIANCE,Reliance Industries,Energy,2570.1,2581.84,2542.95,2555.22,2610495
2025-08-25,RELIANCE,Reliance Industries,Energy,2632.65,2686.49,2605.99,2643.49,833001
2025-08-26,RELIANCE,Reliance Industries,Energy,2616.25,2644.68,2587.27,2632.87,4138241
2025-08-27,RELIANCE,Reliance Industries,Energy,2625.91,2637.05,2569.98,2598.2,3024843
2025-08-28,RELIANCE,Reliance Industries,Energy,2575.93,2580.1,2551.1,2557.64,4328392
2025-08-29,RELIANCE,Reliance Industries,Energy,2552.33,2575.37,2480.98,2521.1,508317
2025-09-01,RELIANCE,Reliance Industries,Energy,2522.69,2549.44,2504.72,2518.61,7884484
2025-09-02,RELIANCE,Reliance Industries,Energy,2524.22,2540.45,2516.14,2535.09,2315247
2025-09-03,RELIANCE,Reliance Industries,Energy,2525.96,2584.88,2485.27,2548.73,4598781
2025-09-04,RELIANCE,Reliance Industries,Energy,2586.55,2610.22,2541.94,2587.7,1411061
2025-09-05,RELIANCE,Reliance Industries,Energy,2564.28,2615.01,2524.13,2589.34,3501937
2025-09-08,RELIANCE,Reliance Industries,Energy,2680.31,2703.08,2618.88,2658.12,1400616
2025-09-09,RELIANCE,Reliance Industries,Energy,2673.85,2694.74,2614.39,2646.52,1773966
2025-09-10,RELIANCE,Reliance Industries,Energy,2778.09,2807.29,2748.38,2777.16,7163566
2025-09-11,RELIANCE,Reliance Industries,Energy,2803.09,2819.77,2796.14,2809.55,2251091
2025-09-12,RELIANCE,Reliance Industries,Energy,2767.87,2779.19,2745.34,2767.32,2817581
2025-09-15,RELIANCE,Reliance Industries,Energy,2749.19,2792.21,2695.17,2715.09,4034280
2025-09-16,RELIANCE,Reliance Industries,Energy,2741.22,2788.05,2724.91,2739.75,3283519
2025-09-17,RELIANCE,Reliance Industries,Energy,2751.36,2771.57,2693.53,2729.83,2715622
2025-09-18,RELIANCE,Reliance Industries,Energy,2754.93,2781.5,2728.95,2766.0,3055732
2025-09-19,RELIANCE,Reliance Industries,Energy,2784.55,2824.01,2777.92,2790.67,9376150
2025-09-22,RELIANCE,Reliance Industries,Energy,2803.94,2826.23,2774.9,2788.13,2422016
2025-09-23,RELIANCE,Reliance Industries,Energy,2755.24,2759.19,2712.1,2746.75,2792382
2025-09-24,RELIANCE,Reliance Industries,Energy,2690.04,2699.88,2666.82,2672.95,4455550
2025-09-25,RELIANCE,Reliance Industries,Energy,2653.53,2688.48,2611.5,2652.53,4592065
2025-09-26,RELIANCE,Reliance Industries,Energy,2679.13,2727.36,2653.9,2694.49,4802599
2025-09-29,RELIANCE,Reliance Industries,Energy,2722.05,2726.02,2681.13,2705.95,3552289
2025-09-30,RELIANCE,Reliance Industries,Energy,2638.37,2658.99,2609.16,2646.35,1333274
2025-10-01,RELIANCE,Reliance Industries,Energy,2664.14,2677.27,2615.77,2655.66,6139099
2025-10-02,RELIANCE,Reliance Industries,Energy,2687.93,2721.32,2656.65,2675.14,1330827
2025-10-03,RELIANCE,Reliance Industries,Energy,2635.34,2638.86,2600.66,2633.65,2952759
2025-10-06,RELIANCE,Reliance Industries,Energy,2658.51,2665.87,2613.94,2641.99,1651095
2025-10-07,RELIANCE,Reliance Industries,Energy,2654.64,2693.39,2631.16,2645.82,2413347
2025-10-08,RELIANCE,Reliance Industries,Energy,2611.21,2621.75,2551.13,2592.44,2995496
2025-10-09,RELIANCE,Reliance Industries,Energy,2579.76,2641.75,2542.21,2610.18,2983321
2025-10-10,RELIANCE,Reliance Industries,Energy,2637.01,2650.88,2604.85,2637.57,3152977
2025-10-13,RELIANCE,Reliance Industries,Energy,2701.38,2708.65,2648.45,2690.04,6072873
2025-10-14,RELIANCE,Reliance Industries,Energy,2738.63,2756.22,2695.51,2742.14,3208278
2025-10-15,RELIANCE,Reliance Industries,Energy,2677.04,2712.59,2640.35,2675.24,2185849
2025-10-16,RELIANCE,Reliance Industries,Energy,2634.64,2675.6,2591.08,2631.15,4248383
2025-10-17,RELIANCE,Reliance Industries,Energy,2646.84,2696.75,2612.81,2656.59,4809049
2025-10-20,RELIANCE,Reliance Industries,Energy,2670.09,2703.02,2636.55,2682.23,1272656
2025-10-21,RELIANCE,Reliance Industries,Energy,2716.81,2750.39,2676.98,2708.17,3472451
2025-10-22,RELIANCE,Reliance Industries,Energy,2907.1,2920.14,2857.09,2897.06,3676406
2025-10-23,RELIANCE,Reliance Industries,Energy,2932.83,2950.38,2917.16,2927.99,2122576
2025-10-24,RELIANCE,Reliance Industries,Energy,3030.87,3080.08,2941.26,2989.01,5327752
2025-10-27,RELIANCE,Reliance Industries,Energy,3069.43,3073.18,2993.41,3041.53,2301958
2025-10-28,RELIANCE,Reliance Industries,Energy,3053.37,3085.96,3048.79,3078.41,2678770
2025-10-29,RELIANCE,Reliance Industries,Energy,3032.24,3076.05,2986.64,3062.17,2273001
2025-10-30,RELIANCE,Reliance Industries,Energy,3109.88,3114.39,3095.32,3105.23,2521513
2025-10-31,RELIANCE,Reliance Industries,Energy,3052.71,3075.79,3032.27,3063.27,1367985
2025-11-03,RELIANCE,Reliance Industries,Energy,3045.75,3084.74,3004.21,3051.44,1132313
2025-11-04,RELIANCE,Reliance Industries,Energy,2971.12,3050.71,2960.03,3026.0,6009061
2025-11-05,RELIANCE,Reliance Industries,Energy,3011.44,3080.71,2966.56,3031.67,1569036
2025-11-06,RELIANCE,Reliance Industries,Energy,3161.62,3208.72,3111.35,3159.2,1449219
2025-11-07,RELIANCE,Reliance Industries,Energy,3071.89,3092.81,3024.87,3054.28,764851
2025-11-10,RELIANCE,Reliance Industries,Energy,3123.33,3140.23,3089.8,3093.23,1759204
2025-11-11,RELIANCE,Reliance Industries,Energy,3001.01,3027.07,2983.36,3004.67,1207547
2025-11-12,RELIANCE,Reliance Industries,Energy,2993.94,3026.97,2946.11,2980.35,6168150
2025-11-13,RELIANCE,Reliance Industries,Energy,3066.12,3083.16,2986.21,3039.96,4356592
2025-11-14,RELIANCE,Reliance Industries,Energy,3056.55,3092.04,3008.95,3044.69,1712249
2025-11-17,RELIANCE,Reliance Industries,Energy,3006.36,3030.29,2970.67,2986.85,8629015
2025-11-18,RELIANCE,Reliance Industries,Energy,2920.02,2980.21,2885.63,2949.58,4289892
2025-11-19,RELIANCE,Reliance Industries,Energy,2971.13,3011.98,2940.88,2986.85,2090981
2025-11-20,RELIANCE,Reliance Industries,Energy,2948.91,2966.62,2906.73,2948.77,632305
2025-11-21,RELIANCE,Reliance Industries,Energy,2935.38,3012.15,2927.1,2961.44,8813716
2025-11-24,RELIANCE,Reliance Industries,Energy,2963.68,3006.51,2922.37,2965.06,1164190
2025-11-25,RELIANCE,Reliance Industries,Energy,2946.69,2956.66,2901.56,2931.46,1011385
2025-11-26,RELIANCE,Reliance Industries,Energy,3018.18,3093.78,2965.75,3045.77,4387258
2025-11-27,RELIANCE,Reliance Industries,Energy,3071.81,3110.36,3050.88,3081.74,9565420
2025-11-28,RELIANCE,Reliance Industries,Energy,2989.24,3037.68,2935.71,2970.63,5352912
2025-12-01,RELIANCE,Reliance Industries,Energy,2985.2,3028.78,2931.56,2981.79,3409074
2025-12-02,RELIANCE,Reliance Industries,Energy,2963.03,2987.41,2939.38,2947.46,3467402
2025-12-03,RELIANCE,Reliance Industries,Energy,3018.92,3023.09,2943.17,2993.87,3997500
2025-12-04,RELIANCE,Reliance Industries,Energy,2936.04,2968.8,2898.77,2952.36,3795064
2025-12-05,RELIANCE,Reliance Industries,Energy,2914.06,2977.53,2907.78,2947.44,2918138
2025-12-08,RELIANCE,Reliance Industries,Energy,3000.59,3035.91,2957.21,2975.41,2647461
2025-12-09,RELIANCE,Reliance Industries,Energy,3012.79,3039.25,2973.51,3022.97,2415399
2025-12-10,RELIANCE,Reliance Industries,Energy,2970.46,2980.47,2952.52,2958.87,1651378
2025-12-11,RELIANCE,Reliance Industries,Energy,2950.86,2995.69,2910.17,2942.23,2142384
2025-12-12,RELIANCE,Reliance Industries,Energy,2928.67,2980.61,2898.18,2918.26,985273
2025-12-15,RELIANCE,Reliance Industries,Energy,2900.14,2928.96,2851.77,2885.11,2368374
2025-12-16,RELIANCE,Reliance Industries,Energy,2977.08,2989.61,2971.79,2977.94,1451453
2025-12-17,RELIANCE,Reliance Industries,Energy,3015.88,3032.86,2953.38,3000.84,1362493
2025-12-18,RELIANCE,Reliance Industries,Energy,2929.18,2937.79,2877.78,2933.94,2760005
2025-12-19,RELIANCE,Reliance Industries,Energy,2984.48,3033.86,2931.46,2983.58,5375717
2025-12-22,RELIANCE,Reliance Industries,Energy,3103.2,3112.51,3056.16,3098.75,4142770
2025-12-23,RELIANCE,Reliance Industries,Energy,3174.86,3209.15,3147.43,3157.57,1053918
2025-12-24,RELIANCE,Reliance Industries,Energy,3083.15,3100.6,3029.8,3072.48,1450626
2025-12-25,RELIANCE,Reliance Industries,Energy,3033.18,3078.68,3028.88,3046.93,4194251
2025-12-26,RELIANCE,Reliance Industries,Energy,3108.29,3155.28,3104.01,3117.63,1456334
2025-12-29,RELIANCE,Reliance Industries,Energy,3097.33,3144.12,3059.15,3079.17,2209447
2025-12-30,RELIANCE,Reliance Industries,Energy,3103.15,3119.0,3074.27,3105.0,3383191
2025-12-31,RELIANCE,Reliance Industries,Energy,3135.4,3153.27,3091.2,3149.53,1467706
2025-01-02,TCS,Tata Consultancy Services,IT,3901.73,3943.46,3868.37,3908.96,2737127
2025-01-03,TCS,Tata Consultancy Services,IT,3778.07,3876.57,3734.07,3816.66,2570958
2025-01-06,TCS,Tata Consultancy Services,IT,3771.42,3815.75,3736.31,3776.87,2750076
2025-01-07,TCS,Tata Consultancy Services,IT,3741.71,3828.5,3712.41,3800.12,2858980
2025-01-08,TCS,Tata Consultancy Services,IT,3680.19,3757.69,3614.33,3692.68,2211187
2025-01-09,TCS,Tata Consultancy Services,IT,3763.19,3774.03,3663.99,3723.43,5672986
2025-01-10,TCS,Tata Consultancy Services,IT,3706.85,3754.08,3663.86,3723.6,1036441
2025-01-13,TCS,Tata Consultancy Services,IT,3753.54,3768.57,3713.45,3762.12,1585052
2025-01-14,TCS,Tata Consultancy Services,IT,3749.77,3830.1,3706.46,3778.79,2361980
2025-01-15,TCS,Tata Consultancy Services,IT,3857.51,3937.41,3840.45,3873.09,1012615
2025-01-16,TCS,Tata Consultancy Services,IT,3886.6,3908.99,3853.4,3883.37,2269525
2025-01-17,TCS,Tata Consultancy Services,IT,3883.43,3943.98,3848.47,3854.91,6234505
2025-01-20,TCS,Tata Consultancy Services,IT,3869.79,3892.88,3829.83,3864.94,2528884
2025-01-21,TCS,Tata Consultancy Services,IT,3924.3,3988.99,3864.33,3904.28,2838217
2025-01-22,TCS,Tata Consultancy Services,IT,3922.94,3977.14,3890.23,3909.27,1250070
2025-01-23,TCS,Tata Consultancy Services,IT,3899.92,3971.16,3832.11,3913.69,1781208
2025-01-24,TCS,Tata Consultancy Services,IT,3827.46,3870.86,3764.45,3865.81,2033854
2025-01-27,TCS,Tata Consultancy Services,IT,3812.2,3887.59,3761.58,3821.22,2099181
2025-01-28,TCS,Tata Consultancy Services,IT,3753.21,3803.33,3688.76,3726.28,5059131
2025-01-29,TCS,Tata Consultancy Services,IT,3834.89,3868.88,3774.34,3845.12,3397435
2025-01-30,TCS,Tata Consultancy Services,IT,3733.76,3817.35,3721.73,3760.57,1356609
2025-01-31,TCS,Tata Consultancy Services,IT,3728.81,3750.38,3661.53,3715.17,2862995
2025-02-03,TCS,Tata Consultancy Services,IT,3671.56,3729.71,3657.16,3668.61,3288109
2025-02-04,TCS,Tata Consultancy Services,IT,3728.85,3740.04,3674.77,3729.18,4680349
2025-02-05,TCS,Tata Consultancy Services,IT,3728.43,3776.76,3689.76,3710.87,5963085
2025-02-06,TCS,Tata Consultancy Services,IT,3780.99,3834.38,3720.83,3795.7,1430449
2025-02-07,TCS,Tata Consultancy Services,IT,3753.92,3763.84,3687.25,3751.2,1600504
2025-02-10,TCS,Tata Consultancy Services,IT,3762.07,3790.82,3748.79,3771.54,1251850
2025-02-11,TCS,Tata Consultancy Services,IT,3736.23,3740.76,3683.39,3716.34,2198070
2025-02-12,TCS,Tata Consultancy Services,IT,3871.48,3906.21,3793.07,3861.32,3230987
2025-02-13,TCS,Tata Consultancy Services,IT,3764.01,3803.47,3729.31,3780.32,4303052
2025-02-14,TCS,Tata Consultancy Services,IT,3811.44,3854.03,3743.29,3802.92,2397718
2025-02-17,TCS,Tata Consultancy Services,IT,3808.36,3871.11,3766.44,3847.82,2096720
2025-02-18,TCS,Tata Consultancy Services,IT,3887.34,3911.05,3849.4,3878.02,2717623
2025-02-19,TCS,Tata Consultancy Services,IT,3861.43,3919.36,3838.81,3866.64,1579269
2025-02-20,TCS,Tata Consultancy Services,IT,3837.68,3866.17,3820.58,3859.15,7889533
2025-02-21,TCS,Tata Consultancy Services,IT,3896.9,3960.61,3809.84,3863.74,1032597
2025-02-24,TCS,Tata Consultancy Services,IT,3896.22,3956.57,3825.87,3855.06,2767371
2025-02-25,TCS,Tata Consultancy Services,IT,3959.73,4008.65,3885.46,3923.49,7608561
2025-02-26,TCS,Tata Consultancy Services,IT,4050.48,4126.41,4012.53,4081.17,2509367
2025-02-27,TCS,Tata Consultancy Services,IT,4055.28,4120.85,3998.14,4041.85,2251888
2025-02-28,TCS,Tata Consultancy Services,IT,3884.19,3960.18,3823.15,3943.81,2053808
2025-03-03,TCS,Tata Consultancy Services,IT,3952.5,3961.76,3869.5,3939.12,2263869
2025-03-04,TCS,Tata Consultancy Services,IT,4119.04,4144.52,4086.38,4123.6,5319383
2025-03-05,TCS,Tata Consultancy Services,IT,4028.33,4124.58,3967.63,4065.6,740645
2025-03-06,TCS,Tata Consultancy Services,IT,4137.38,4193.83,4079.47,4187.18,5810573
2025-03-07,TCS,Tata Consultancy Services,IT,4262.58,4362.37,4216.76,4315.3,1142380
2025-03-10,TCS,Tata Consultancy Services,IT,4243.26,4350.63,4170.06,4274.03,2158971
2025-03-11,TCS,Tata Consultancy Services,IT,4293.13,4386.67,4274.21,4319.51,1974284
2025-03-12,TCS,Tata Consultancy Services,IT,4432.09,4491.72,4419.43,4447.85,3455596
2025-03-13,TCS,Tata Consultancy Services,IT,4398.73,4428.47,4330.47,4419.27,1038027
2025-03-14,TCS,Tata Consultancy Services,IT,4419.46,4486.34,4367.56,4404.85,3223557
2025-03-17,TCS,Tata Consultancy Services,IT,4382.0,4431.0,4293.34,4360.49,7611505
2025-03-18,TCS,Tata Consultancy Services,IT,4282.67,4295.32,4213.28,4282.59,1181216
2025-03-19,TCS,Tata Consultancy Services,IT,4238.58,4249.58,4225.52,4234.25,2774939
2025-03-20,TCS,Tata Consultancy Services,IT,4153.95,4222.34,4076.3,4142.66,1737071
2025-03-21,TCS,Tata Consultancy Services,IT,4129.6,4198.18,4094.0,4146.86,3159863
2025-03-24,TCS,Tata Consultancy Services,IT,4067.73,4152.81,4028.36,4091.04,2526467
2025-03-25,TCS,Tata Consultancy Services,IT,4107.72,4175.42,4059.85,4109.89,1756763
2025-03-26,TCS,Tata Consultancy Services,IT,3961.32,4039.28,3894.97,3996.44,3269445
2025-03-27,TCS,Tata Consultancy Services,IT,4049.58,4089.25,4016.51,4021.84,6744195
2025-03-28,TCS,Tata Consultancy Services,IT,4088.54,4122.54,4046.6,4083.79,2250817
2025-03-31,TCS,Tata Consultancy Services,IT,3955.88,3981.15,3888.88,3938.86,3714178
2025-04-01,TCS,Tata Consultancy Services,IT,4011.89,4045.54,3914.26,3966.96,1227513
2025-04-02,TCS,Tata Consultancy Services,IT,4058.22,4115.67,4004.4,4056.21,1477351
2025-04-03,TCS,Tata Consultancy Services,IT,3972.42,4017.04,3956.47,3969.51,3241752
2025-04-04,TCS,Tata Consultancy Services,IT,4053.8,4156.77,4029.11,4090.61,5655081
2025-04-07,TCS,Tata Consultancy Services,IT,4107.55,4158.3,4078.4,4123.1,3040062
2025-04-08,TCS,Tata Consultancy Services,IT,4097.6,4143.99,4012.66,4072.42,2104565
2025-04-09,TCS,Tata Consultancy Services,IT,4025.19,4117.72,4002.09,4069.97,2499025
2025-04-10,TCS,Tata Consultancy Services,IT,4082.59,4157.98,4063.88,4112.5,1256797
2025-04-11,TCS,Tata Consultancy Services,IT,4105.43,4173.1,4034.5,4119.77,3486066
2025-04-14,TCS,Tata Consultancy Services,IT,4167.03,4188.02,4156.58,4161.37,4061587
2025-04-15,TCS,Tata Consultancy Services,IT,4117.77,4157.76,4020.53,4094.07,1949632
2025-04-16,TCS,Tata Consultancy Services,IT,4117.38,4128.8,4056.81,4108.19,1930477
2025-04-17,TCS,Tata Consultancy Services,IT,3979.3,4035.48,3919.27,4005.29,2893664
2025-04-18,TCS,Tata Consultancy Services,IT,3954.16,4036.02,3930.4,3998.87,1966184
2025-04-21,TCS,Tata Consultancy Services,IT,3899.3,3982.98,3894.46,3935.41,2410701
2025-04-22,TCS,Tata Consultancy Services,IT,3896.31,3963.17,3832.27,3884.88,7933844
2025-04-23,TCS,Tata Consultancy Services,IT,3999.74,4044.58,3912.56,3972.87,2182403
2025-04-24,TCS,Tata Consultancy Services,IT,4049.08,4107.78,3994.06,4052.5,2052797
2025-04-25,TCS,Tata Consultancy Services,IT,4142.51,4182.31,4084.51,4098.56,1750922
2025-04-28,TCS,Tata Consultancy Services,IT,4011.83,4066.96,3956.44,4019.61,3764429
2025-04-29,TCS,Tata Consultancy Services,IT,4001.87,4010.7,3942.06,3998.33,2262832
2025-04-30,TCS,Tata Consultancy Services,IT,4098.69,4120.52,4037.39,4087.23,1749159
2025-05-01,TCS,Tata Consultancy Services,IT,4138.9,4168.5,4041.81,4099.29,5170699
2025-05-02,TCS,Tata Consultancy Services,IT,4258.95,4310.66,4193.44,4272.07,5457945
2025-05-05,TCS,Tata Consultancy Services,IT,4317.83,4325.49,4254.82,4304.03,1796890
2025-05-06,TCS,Tata Consultancy Services,IT,4351.17,4365.88,4309.8,4320.63,895559
2025-05-07,TCS,Tata Consultancy Services,IT,4373.69,4398.64,4258.38,4298.31,4351076
2025-05-08,TCS,Tata Consultancy Services,IT,4311.08,4386.59,4300.36,4310.36,1715568
2025-05-09,TCS,Tata Consultancy Services,IT,4255.01,4328.78,4221.28,4300.26,3861805
2025-05-12,TCS,Tata Consultancy Services,IT,4313.79,4396.85,4279.62,4356.79,845974
2025-05-13,TCS,Tata Consultancy Services,IT,4445.75,4465.02,4424.15,4433.56,4084581
2025-05-14,TCS,Tata Consultancy Services,IT,4388.46,4438.42,4342.31,4372.61,1284213
2025-05-15,TCS,Tata Consultancy Services,IT,4257.6,4294.22,4245.31,4269.58,3736730
2025-05-16,TCS,Tata Consultancy Services,IT,4155.06,4173.84,4069.29,4130.17,2519702
2025-05-19,TCS,Tata Consultancy Services,IT,4162.05,4210.37,4090.84,4169.59,1479381
2025-05-20,TCS,Tata Consultancy Services,IT,4069.74,4092.92,4060.67,4088.45,1998547
2025-05-21,TCS,Tata Consultancy Services,IT,3902.91,3936.09,3835.64,3931.65,3646492
2025-05-22,TCS,Tata Consultancy Services,IT,3963.1,3981.82,3921.57,3960.72,2649928
2025-05-23,TCS,Tata Consultancy Services,IT,4145.1,4151.83,4114.81,4140.04,3447736
2025-05-26,TCS,Tata Consultancy Services,IT,4163.17,4174.98,4131.69,4141.24,7413725
2025-05-27,TCS,Tata Consultancy Services,IT,4226.37,4254.94,4165.4,4205.4,1057553
2025-05-28,TCS,Tata Consultancy Services,IT,4219.01,4280.79,4152.15,4213.27,6084579
2025-05-29,TCS,Tata Consultancy Services,IT,4198.21,4252.58,4143.54,4207.46,2647687
2025-05-30,TCS,Tata Consultancy Services,IT,4255.42,4320.32,4247.53,4278.75,1524946
2025-06-02,TCS,Tata Consultancy Services,IT,4278.72,4304.35,4248.57,4258.1,1202759
2025-06-03,TCS,Tata Consultancy Services,IT,4242.31,4352.38,4209.01,4280.3,2253026
2025-06-04,TCS,Tata Consultancy Services,IT,4313.82,4347.25,4280.87,4306.8,4150373
2025-06-05,TCS,Tata Consultancy Services,IT,4257.28,4267.84,4235.66,4256.73,2330630
2025-06-06,TCS,Tata Consultancy Services,IT,4353.96,4403.99,4309.4,4334.44,5739809
2025-06-09,TCS,Tata Consultancy Services,IT,4386.33,4399.2,4259.16,4322.53,1125406
2025-06-10,TCS,Tata Consultancy Services,IT,4242.95,4294.75,4171.68,4265.46,2483432
2025-06-11,TCS,Tata Consultancy Services,IT,4289.39,4349.83,4255.56,4308.35,1255425
2025-06-12,TCS,Tata Consultancy Services,IT,4247.57,4314.94,4170.84,4240.4,3053499
2025-06-13,TCS,Tata Consultancy Services,IT,4242.54,4284.1,4215.11,4244.25,4071774
2025-06-16,TCS,Tata Consultancy Services,IT,4232.15,4300.18,4193.64,4245.25,1983517
2025-06-17,TCS,Tata Consultancy Services,IT,4370.9,4449.05,4308.96,4329.93,596887
2025-06-18,TCS,Tata Consultancy Services,IT,4382.57,4396.75,4316.72,4368.65,2789081
2025-06-19,TCS,Tata Consultancy Services,IT,4347.71,4393.2,4271.01,4368.43,3178778
2025-06-20,TCS,Tata Consultancy Services,IT,4468.11,4502.55,4384.55,4434.48,3122558
2025-06-23,TCS,Tata Consultancy Services,IT,4539.23,4584.38,4507.08,4547.22,4933116
2025-06-24,TCS,Tata Consultancy Services,IT,4632.41,4669.41,4539.5,4594.7,1387094
2025-06-25,TCS,Tata Consultancy Services,IT,4584.56,4672.93,4570.4,4597.39,3634274
2025-06-26,TCS,Tata Consultancy Services,IT,4491.64,4550.65,4418.34,4490.68,4817089
2025-06-27,TCS,Tata Consultancy Services,IT,4449.5,4499.93,4364.28,4406.38,939946
2025-06-30,TCS,Tata Consultancy Services,IT,4353.51,4411.37,4315.9,4383.93,2980524
2025-07-01,TCS,Tata Consultancy Services,IT,4356.79,4422.16,4290.05,4337.59,1894569
2025-07-02,TCS,Tata Consultancy Services,IT,4345.85,4420.76,4274.46,4324.72,2390382
2025-07-03,TCS,Tata Consultancy Services,IT,4325.66,4395.65,4316.05,4330.86,3026820
2025-07-04,TCS,Tata Consultancy Services,IT,4343.95,4378.38,4289.2,4373.89,1912315
2025-07-07,TCS,Tata Consultancy Services,IT,4396.89,4448.85,4347.74,4370.09,1724007
2025-07-08,TCS,Tata Consultancy Services,IT,4408.47,4418.35,4350.56,4410.1,2547403
2025-07-09,TCS,Tata Consultancy Services,IT,4405.65,4440.75,4339.64,4416.99,1374796
2025-07-10,TCS,Tata Consultancy Services,IT,4244.04,4270.27,4181.79,4261.69,1375870
2025-07-11,TCS,Tata Consultancy Services,IT,4186.91,4238.55,4143.39,4191.34,3632590
2025-07-14,TCS,Tata Consultancy Services,IT,4191.38,4244.49,4140.98,4182.15,1329036
2025-07-15,TCS,Tata Consultancy Services,IT,4113.18,4125.3,4078.72,4092.75,3606589
2025-07-16,TCS,Tata Consultancy Services,IT,4136.45,4169.73,4077.79,4138.59,3224300
2025-07-17,TCS,Tata Consultancy Services,IT,4281.82,4319.31,4230.39,4254.28,967632
2025-07-18,TCS,Tata Consultancy Services,IT,4426.9,4459.1,4308.23,4349.31,1722247
2025-07-21,TCS,Tata Consultancy Services,IT,4323.01,4347.59,4297.8,4334.34,4821335
2025-07-22,TCS,Tata Consultancy Services,IT,4428.36,4488.54,4413.85,4452.37,1457393
2025-07-23,TCS,Tata Consultancy Services,IT,4530.3,4592.68,4413.81,4466.07,1936473
2025-07-24,TCS,Tata Consultancy Services,IT,4467.83,4477.69,4432.22,4440.76,3223359
2025-07-25,TCS,Tata Consultancy Services,IT,4377.24,4403.88,4317.16,4393.5,3846468
2025-07-28,TCS,Tata Consultancy Services,IT,4318.03,4402.08,4290.4,4371.34,2176992
2025-07-29,TCS,Tata Consultancy Services,IT,4342.0,4416.41,4337.65,4342.55,1799772
2025-07-30,TCS,Tata Consultancy Services,IT,4376.72,4430.84,4315.38,4357.6,5466257
2025-07-31,TCS,Tata Consultancy Services,IT,4376.74,4431.62,4364.09,4371.94,6505744
2025-08-01,TCS,Tata Consultancy Services,IT,4338.14,4405.21,4313.44,4373.93,4283038
2025-08-04,TCS,Tata Consultancy Services,IT,4427.24,4476.35,4352.67,4410.08,2620108
2025-08-05,TCS,Tata Consultancy Services,IT,4528.07,4533.38,4497.05,4506.36,1602787
2025-08-06,TCS,Tata Consultancy Services,IT,4598.5,4652.83,4515.17,4585.18,1583355
2025-08-07,TCS,Tata Consultancy Services,IT,4490.15,4564.35,4459.71,4464.46,3332335
2025-08-08,TCS,Tata Consultancy Services,IT,4257.88,4309.65,4235.76,4261.02,3146874
2025-08-11,TCS,Tata Consultancy Services,IT,4292.54,4403.09,4234.18,4334.38,5404165
2025-08-12,TCS,Tata Consultancy Services,IT,4221.29,4285.76,4194.37,4229.47,3575261
2025-08-13,TCS,Tata Consultancy Services,IT,4220.44,4233.31,4202.54,4214.05,1093732
2025-08-14,TCS,Tata Consultancy Services,IT,4134.22,4201.78,4097.58,4126.98,4458720
2025-08-15,TCS,Tata Consultancy Services,IT,4032.59,4041.18,3972.41,3994.77,1443913
2025-08-18,TCS,Tata Consultancy Services,IT,4014.03,4075.97,3952.52,4035.3,2024062
2025-08-19,TCS,Tata Consultancy Services,IT,4093.97,4107.96,4066.17,4092.06,2868820
2025-08-20,TCS,Tata Consultancy Services,IT,4055.62,4060.49,3992.85,4051.23,7492539
2025-08-21,TCS,Tata Consultancy Services,IT,3791.27,3895.49,3730.0,3863.91,13828697
2025-08-22,TCS,Tata Consultancy Services,IT,3820.61,3850.49,3788.62,3827.46,3490302
2025-08-25,TCS,Tata Consultancy Services,IT,3873.46,3909.33,3792.48,3855.99,2260379
2025-08-26,TCS,Tata Consultancy Services,IT,3764.51,3805.21,3727.04,3754.88,3354386
2025-08-27,TCS,Tata Consultancy Services,IT,3742.98,3775.35,3677.9,3768.78,4073494
2025-08-28,TCS,Tata Consultancy Services,IT,3766.68,3780.9,3757.2,3769.24,2095775
2025-08-29,TCS,Tata Consultancy Services,IT,3843.22,3883.56,3761.75,3810.06,6710389
2025-09-01,TCS,Tata Consultancy Services,IT,3798.83,3845.88,3763.14,3819.78,2837234
2025-09-02,TCS,Tata Consultancy Services,IT,3769.52,3820.01,3725.91,3754.4,3287243
2025-09-03,TCS,Tata Consultancy Services,IT,3794.12,3883.15,3749.52,3836.77,3605819
2025-09-04,TCS,Tata Consultancy Services,IT,3802.71,3886.2,3753.41,3827.36,3152397
2025-09-05,TCS,Tata Consultancy Services,IT,3837.3,3886.32,3822.89,3827.01,3965801
2025-09-08,TCS,Tata Consultancy Services,IT,3735.54,3795.52,3721.2,3764.25,1780334
2025-09-09,TCS,Tata Consultancy Services,IT,3734.2,3782.19,3685.2,3735.72,1839005
2025-09-10,TCS,Tata Consultancy Services,IT,3658.99,3698.61,3613.88,3677.71,1365070
2025-09-11,TCS,Tata Consultancy Services,IT,3657.1,3690.5,3593.38,3667.74,3183612
2025-09-12,TCS,Tata Consultancy Services,IT,3801.51,3856.3,3729.49,3782.21,3837057
2025-09-15,TCS,Tata Consultancy Services,IT,3704.63,3736.45,3626.99,3690.32,3215766
2025-09-16,TCS,Tata Consultancy Services,IT,3562.6,3636.85,3516.49,3584.62,6279319
2025-09-17,TCS,Tata Consultancy Services,IT,3688.38,3743.64,3658.64,3680.98,2492317
2025-09-18,TCS,Tata Consultancy Services,IT,3677.49,3734.78,3658.34,3668.58,3611411
2025-09-19,TCS,Tata Consultancy Services,IT,3646.76,3707.24,3574.05,3625.87,1371431
2025-09-22,TCS,Tata Consultancy Services,IT,3685.82,3725.95,3641.77,3695.19,2020582
2025-09-23,TCS,Tata Consultancy Services,IT,3611.69,3679.86,3605.12,3656.38,3665029
2025-09-24,TCS,Tata Consultancy Services,IT,3802.38,3843.81,3751.12,3778.02,3988028
2025-09-25,TCS,Tata Consultancy Services,IT,3825.08,3853.6,3759.04,3825.64,2126779
2025-09-26,TCS,Tata Consultancy Services,IT,3761.69,3836.13,3725.93,3793.57,2403464
2025-09-29,TCS,Tata Consultancy Services,IT,3944.28,3995.54,3909.45,3942.4,1084870
2025-09-30,TCS,Tata Consultancy Services,IT,3890.43,3950.54,3856.27,3900.99,2054278
2025-10-01,TCS,Tata Consultancy Services,IT,3980.03,4009.35,3936.66,3954.66,4079610
2025-10-02,TCS,Tata Consultancy Services,IT,3967.35,3992.8,3938.51,3977.54,3430319
2025-10-03,TCS,Tata Consultancy Services,IT,4076.91,4110.83,4042.66,4072.33,3292532
2025-10-06,TCS,Tata Consultancy Services,IT,4163.8,4202.77,4155.93,4188.43,2569384
2025-10-07,TCS,Tata Consultancy Services,IT,4162.86,4260.15,4104.37,4192.51,2509730
2025-10-08,TCS,Tata Consultancy Services,IT,4074.03,4165.8,4041.11,4137.33,1738658
2025-10-09,TCS,Tata Consultancy Services,IT,4158.78,4188.38,4096.49,4173.24,3671669
2025-10-10,TCS,Tata Consultancy Services,IT,4115.96,4129.91,4052.34,4124.0,3151333
2025-10-13,TCS,Tata Consultancy Services,IT,4270.13,4326.32,4250.47,4275.11,3276910
2025-10-14,TCS,Tata Consultancy Services,IT,4296.43,4347.25,4235.13,4287.33,1871932
2025-10-15,TCS,Tata Consultancy Services,IT,4252.22,4289.78,4213.82,4260.85,764871
2025-10-16,TCS,Tata Consultancy Services,IT,4284.31,4293.82,4208.45,4276.72,4570966
2025-10-17,TCS,Tata Consultancy Services,IT,4170.51,4207.97,4151.05,4174.73,1921161
2025-10-20,TCS,Tata Consultancy Services,IT,4071.2,4129.2,4020.22,4103.39,1555448
2025-10-21,TCS,Tata Consultancy Services,IT,4219.17,4271.96,4146.17,4193.69,3660882
2025-10-22,TCS,Tata Consultancy Services,IT,4117.62,4192.62,4092.83,4145.78,2015130
2025-10-23,TCS,Tata Consultancy Services,IT,4037.41,4098.61,4023.99,4069.31,4478354
2025-10-24,TCS,Tata Consultancy Services,IT,4113.16,4132.51,4060.61,4110.25,3510098
2025-10-27,TCS,Tata Consultancy Services,IT,4253.77,4329.48,4142.69,4199.62,3640983
2025-10-28,TCS,Tata Consultancy Services,IT,4271.22,4308.46,4228.56,4255.65,1179410
2025-10-29,TCS,Tata Consultancy Services,IT,4300.18,4388.69,4248.74,4333.65,4868860
2025-10-30,TCS,Tata Consultancy Services,IT,4276.93,4291.43,4243.35,4276.35,2886309
2025-10-31,TCS,Tata Consultancy Services,IT,4193.76,4232.57,4113.9,4168.61,2040486
2025-11-03,TCS,Tata Consultancy Services,IT,4295.95,4302.25,4264.15,4282.93,2705141
2025-11-04,TCS,Tata Consultancy Services,IT,4238.39,4300.63,4170.01,4259.77,941163
2025-11-05,TCS,Tata Consultancy Services,IT,4228.37,4316.01,4203.48,4242.24,3130052
2025-11-06,TCS,Tata Consultancy Services,IT,4351.6,4384.37,4313.85,4345.36,1419261
2025-11-07,TCS,Tata Consultancy Services,IT,4400.29,4407.61,4381.88,4390.61,1188060
2025-11-10,TCS,Tata Consultancy Services,IT,4438.82,4445.6,4415.57,4428.39,1082196
2025-11-11,TCS,Tata Consultancy Services,IT,4628.35,4663.51,4557.77,4602.74,4610191
2025-11-12,TCS,Tata Consultancy Services,IT,4507.57,4568.2,4482.56,4551.26,1768613
2025-11-13,TCS,Tata Consultancy Services,IT,4638.06,4644.54,4558.72,4629.09,5811513
2025-11-14,TCS,Tata Consultancy Services,IT,4602.09,4699.93,4596.34,4635.7,1861904
2025-11-17,TCS,Tata Consultancy Services,IT,4617.81,4700.95,4583.43,4659.96,977500
2025-11-18,TCS,Tata Consultancy Services,IT,4761.51,4818.38,4729.44,4790.03,1352834
2025-11-19,TCS,Tata Consultancy Services,IT,4848.29,4927.33,4829.31,4835.74,4933196
2025-11-20,TCS,Tata Consultancy Services,IT,4872.72,4899.05,4857.55,4884.53,2294572
2025-11-21,TCS,Tata Consultancy Services,IT,4981.5,5067.43,4940.77,4980.78,1849162
2025-11-24,TCS,Tata Consultancy Services,IT,4977.03,5008.58,4903.62,4950.05,2729997
2025-11-25,TCS,Tata Consultancy Services,IT,4867.78,4955.79,4829.46,4877.25,3294555
2025-11-26,TCS,Tata Consultancy Services,IT,4821.59,4875.83,4739.48,4787.48,4622150
2025-11-27,TCS,Tata Consultancy Services,IT,4587.26,4689.49,4536.26,4619.95,5545380
2025-11-28,TCS,Tata Consultancy Services,IT,4806.18,4891.39,4787.18,4792.79,2051185
2025-12-01,TCS,Tata Consultancy Services,IT,4693.86,4727.27,4652.14,4699.53,1205584
2025-12-02,TCS,Tata Consultancy Services,IT,4674.75,4763.89,4593.5,4682.69,1991493
2025-12-03,TCS,Tata Consultancy Services,IT,4668.49,4704.06,4615.44,4661.23,2884769
2025-12-04,TCS,Tata Consultancy Services,IT,4672.44,4724.31,4613.95,4688.89,1471413
2025-12-05,TCS,Tata Consultancy Services,IT,4773.21,4805.61,4729.62,4759.61,1476770
2025-12-08,TCS,Tata Consultancy Services,IT,4810.09,4884.58,4741.99,4835.24,3020354
2025-12-09,TCS,Tata Consultancy Services,IT,4825.39,4842.86,4718.74,4786.42,2433990
2025-12-10,TCS,Tata Consultancy Services,IT,4770.32,4823.65,4723.28,4773.94,2545505
2025-12-11,TCS,Tata Consultancy Services,IT,4744.93,4849.14,4661.46,4800.13,1647268
2025-12-12,TCS,Tata Consultancy Services,IT,4809.43,4876.53,4765.58,4780.56,2202449
2025-12-15,TCS,Tata Consultancy Services,IT,4940.88,5015.84,4914.45,4920.79,1503750
2025-12-16,TCS,Tata Consultancy Services,IT,4950.98,5008.4,4881.21,4966.24,4079195
2025-12-17,TCS,Tata Consultancy Services,IT,5028.51,5064.83,4954.48,5033.92,4417959
2025-12-18,TCS,Tata Consultancy Services,IT,5085.3,5123.56,5069.83,5096.0,905640
2025-12-19,TCS,Tata Consultancy Services,IT,5190.45,5228.11,5161.82,5205.68,1499392
2025-12-22,TCS,Tata Consultancy Services,IT,5204.9,5235.07,5198.14,5224.72,1097680
2025-12-23,TCS,Tata Consultancy Services,IT,5071.09,5139.68,5040.73,5104.85,1748533
2025-12-24,TCS,Tata Consultancy Services,IT,5131.0,5172.4,5058.44,5143.62,2387865
2025-12-25,TCS,Tata Consultancy Services,IT,5092.75,5181.51,5035.51,5085.37,1126353
2025-12-26,TCS,Tata Consultancy Services,IT,5018.77,5091.83,4984.05,5039.02,1505714
2025-12-29,TCS,Tata Consultancy Services,IT,5036.8,5129.39,4999.94,5094.22,1439238
2025-12-30,TCS,Tata Consultancy Services,IT,5213.95,5270.62,5204.47,5209.8,2801871
2025-12-31,TCS,Tata Consultancy Services,IT,5244.55,5262.2,5182.09,5213.88,2597190
2025-01-02,HDFCBANK,HDFC Bank,Financials,1740.24,1764.92,1697.61,1727.97,1066478
2025-01-03,HDFCBANK,HDFC Bank,Financials,1743.52,1752.21,1728.43,1734.16,2881115
2025-01-06,HDFCBANK,HDFC Bank,Financials,1711.65,1729.58,1703.2,1717.79,4587903
2025-01-07,HDFCBANK,HDFC Bank,Financials,1719.86,1722.46,1683.12,1710.07,3246680
2025-01-08,HDFCBANK,HDFC Bank,Financials,1757.38,1792.84,1727.95,1762.27,2496696
2025-01-09,HDFCBANK,HDFC Bank,Financials,1820.43,1842.92,1790.81,1805.49,1807945
2025-01-10,HDFCBANK,HDFC Bank,Financials,1755.05,1793.73,1751.78,1763.98,1371082
2025-01-13,HDFCBANK,HDFC Bank,Financials,1804.38,1814.32,1788.04,1791.03,3956674
2025-01-14,HDFCBANK,HDFC Bank,Financials,1811.9,1838.62,1792.41,1817.91,4132427
2025-01-15,HDFCBANK,HDFC Bank,Financials,1774.4,1803.38,1760.77,1781.06,1068375
2025-01-16,HDFCBANK,HDFC Bank,Financials,1815.61,1827.23,1805.33,1808.02,5993659
2025-01-17,HDFCBANK,HDFC Bank,Financials,1852.33,1887.45,1832.11,1858.8,3428181
2025-01-20,HDFCBANK,HDFC Bank,Financials,1819.14,1853.14,1816.97,1821.98,5398211
2025-01-21,HDFCBANK,HDFC Bank,Financials,1798.43,1827.29,1766.83,1792.62,1194969
2025-01-22,HDFCBANK,HDFC Bank,Financials,1837.29,1862.21,1814.83,1826.17,1179496
2025-01-23,HDFCBANK,HDFC Bank,Financials,1857.7,1868.32,1832.74,1835.83,2303333
2025-01-24,HDFCBANK,HDFC Bank,Financials,1850.9,1865.52,1830.54,1854.79,3296371
2025-01-27,HDFCBANK,HDFC Bank,Financials,1884.59,1917.34,1852.41,1866.9,6714633
2025-01-28,HDFCBANK,HDFC Bank,Financials,1879.7,1882.98,1846.7,1880.77,3686340
2025-01-29,HDFCBANK,HDFC Bank,Financials,1839.53,1863.76,1817.79,1836.62,2187624
2025-01-30,HDFCBANK,HDFC Bank,Financials,1864.38,1896.33,1853.79,1871.98,1421606
2025-01-31,HDFCBANK,HDFC Bank,Financials,1915.61,1937.8,1887.16,1912.14,4917454
2025-02-03,HDFCBANK,HDFC Bank,Financials,1908.78,1942.82,1894.31,1905.01,1470647
2025-02-04,HDFCBANK,HDFC Bank,Financials,1895.95,1916.28,1864.91,1904.28,6122364
2025-02-05,HDFCBANK,HDFC Bank,Financials,1848.84,1865.12,1835.21,1852.56,2138017
2025-02-06,HDFCBANK,HDFC Bank,Financials,1866.91,1874.83,1847.59,1870.45,5996109
2025-02-07,HDFCBANK,HDFC Bank,Financials,1885.15,1906.58,1881.64,1890.46,3631707
2025-02-10,HDFCBANK,HDFC Bank,Financials,1906.66,1917.03,1873.52,1889.1,2318552
2025-02-11,HDFCBANK,HDFC Bank,Financials,1919.37,1941.27,1890.29,1928.08,1878780
2025-02-12,HDFCBANK,HDFC Bank,Financials,1910.24,1946.38,1882.17,1917.26,2072574
2025-02-13,HDFCBANK,HDFC Bank,Financials,1949.4,1982.36,1928.19,1937.51,3164088
2025-02-14,HDFCBANK,HDFC Bank,Financials,1905.52,1913.44,1893.51,1902.73,2608373
2025-02-17,HDFCBANK,HDFC Bank,Financials,1903.13,1917.08,1874.34,1902.68,1803437
2025-02-18,HDFCBANK,HDFC Bank,Financials,1899.0,1930.88,1865.56,1897.47,2282322
2025-02-19,HDFCBANK,HDFC Bank,Financials,1902.11,1909.83,1897.13,1905.92,2610412
2025-02-20,HDFCBANK,HDFC Bank,Financials,1877.88,1898.88,1861.64,1894.01,775293
2025-02-21,HDFCBANK,HDFC Bank,Financials,1878.1,1897.41,1865.44,1890.29,3216465
2025-02-24,HDFCBANK,HDFC Bank,Financials,1934.38,1955.89,1888.82,1919.15,1458551
2025-02-25,HDFCBANK,HDFC Bank,Financials,1897.74,1911.61,1893.15,1904.83,1325722
2025-02-26,HDFCBANK,HDFC Bank,Financials,1835.87,1882.81,1827.44,1850.51,988320
2025-02-27,HDFCBANK,HDFC Bank,Financials,1905.1,1925.93,1878.83,1909.52,932067
2025-02-28,HDFCBANK,HDFC Bank,Financials,1945.04,1976.42,1941.4,1957.77,1186247
2025-03-03,HDFCBANK,HDFC Bank,Financials,1890.19,1922.95,1872.47,1913.01,1692707
2025-03-04,HDFCBANK,HDFC Bank,Financials,1925.7,1954.98,1909.3,1937.53,7319801
2025-03-05,HDFCBANK,HDFC Bank,Financials,1917.89,1944.3,1905.07,1920.76,1872092
2025-03-06,HDFCBANK,HDFC Bank,Financials,1918.61,1957.22,1903.82,1930.64,2756752
2025-03-07,HDFCBANK,HDFC Bank,Financials,1939.95,1968.46,1920.53,1941.64,3116016
2025-03-10,HDFCBANK,HDFC Bank,Financials,1933.94,1955.16,1926.7,1934.22,2686869
2025-03-11,HDFCBANK,HDFC Bank,Financials,1911.74,1943.04,1887.25,1907.71,2395751
2025-03-12,HDFCBANK,HDFC Bank,Financials,1867.24,1912.83,1839.81,1884.76,1295477
2025-03-13,HDFCBANK,HDFC Bank,Financials,1863.58,1889.43,1828.61,1854.43,5552792
2025-03-14,HDFCBANK,HDFC Bank,Financials,1810.76,1830.96,1804.21,1827.4,6754769
2025-03-17,HDFCBANK,HDFC Bank,Financials,1820.47,1827.97,1814.03,1825.93,990870
2025-03-18,HDFCBANK,HDFC Bank,Financials,1818.4,1826.78,1793.11,1803.13,1423437
2025-03-19,HDFCBANK,HDFC Bank,Financials,1821.97,1848.41,1808.96,1825.99,2143403
2025-03-20,HDFCBANK,HDFC Bank,Financials,1899.54,1914.71,1860.7,1875.6,1470783
2025-03-21,HDFCBANK,HDFC Bank,Financials,1849.83,1871.33,1826.6,1856.77,3302143
2025-03-24,HDFCBANK,HDFC Bank,Financials,1855.66,1895.43,1852.01,1865.51,1674879
2025-03-25,HDFCBANK,HDFC Bank,Financials,1889.76,1920.42,1880.05,1883.04,8224122
2025-03-26,HDFCBANK,HDFC Bank,Financials,1898.38,1931.05,1883.84,1899.79,4811902
2025-03-27,HDFCBANK,HDFC Bank,Financials,1881.09,1915.21,1856.92,1903.15,2810061
2025-03-28,HDFCBANK,HDFC Bank,Financials,1935.22,1959.89,1921.08,1929.35,4397926
2025-03-31,HDFCBANK,HDFC Bank,Financials,1959.32,1970.33,1923.69,1946.87,4593011
2025-04-01,HDFCBANK,HDFC Bank,Financials,1887.5,1912.35,1877.27,1904.28,1833303
2025-04-02,HDFCBANK,HDFC Bank,Financials,1912.31,1942.84,1881.59,1934.83,1595793
2025-04-03,HDFCBANK,HDFC Bank,Financials,1966.46,1979.91,1934.55,1966.51,2609789
2025-04-04,HDFCBANK,HDFC Bank,Financials,1928.57,1956.4,1916.9,1940.27,4015615
2025-04-07,HDFCBANK,HDFC Bank,Financials,1926.87,1971.76,1917.41,1942.38,2698710
2025-04-08,HDFCBANK,HDFC Bank,Financials,1975.85,1981.85,1951.32,1967.04,1050160
2025-04-09,HDFCBANK,HDFC Bank,Financials,1966.14,1992.68,1950.44,1960.42,1607591
2025-04-10,HDFCBANK,HDFC Bank,Financials,1984.41,2019.13,1959.74,1999.07,2400328
2025-04-11,HDFCBANK,HDFC Bank,Financials,2064.06,2097.22,2033.01,2084.93,2398094
2025-04-14,HDFCBANK,HDFC Bank,Financials,2049.34,2075.55,2023.84,2056.26,7397846
2025-04-15,HDFCBANK,HDFC Bank,Financials,2016.61,2028.91,1975.85,2005.97,1166487
2025-04-16,HDFCBANK,HDFC Bank,Financials,1993.97,2040.21,1978.52,2017.74,3301460
2025-04-17,HDFCBANK,HDFC Bank,Financials,2051.29,2068.47,2037.28,2044.76,5670645
2025-04-18,HDFCBANK,HDFC Bank,Financials,2041.18,2048.93,2009.48,2037.08,8719728
2025-04-21,HDFCBANK,HDFC Bank,Financials,2086.89,2097.41,2072.02,2091.18,2001450
2025-04-22,HDFCBANK,HDFC Bank,Financials,2022.77,2062.64,1997.66,2041.63,3275848
2025-04-23,HDFCBANK,HDFC Bank,Financials,2057.37,2101.7,2045.84,2067.91,3420062
2025-04-24,HDFCBANK,HDFC Bank,Financials,2041.1,2060.2,2036.24,2046.18,2783768
2025-04-25,HDFCBANK,HDFC Bank,Financials,2104.48,2138.74,2066.86,2110.33,2367716
2025-04-28,HDFCBANK,HDFC Bank,Financials,2186.29,2213.54,2178.3,2186.86,3177444
2025-04-29,HDFCBANK,HDFC Bank,Financials,2150.36,2193.88,2112.07,2157.56,620987
2025-04-30,HDFCBANK,HDFC Bank,Financials,2170.01,2202.47,2099.44,2137.08,3637981
2025-05-01,HDFCBANK,HDFC Bank,Financials,2174.87,2197.99,2139.53,2171.0,2679656
2025-05-02,HDFCBANK,HDFC Bank,Financials,2153.62,2182.99,2127.32,2156.74,2212071
2025-05-05,HDFCBANK,HDFC Bank,Financials,2170.83,2206.16,2132.51,2155.84,7706506
2025-05-06,HDFCBANK,HDFC Bank,Financials,2152.7,2174.5,2118.85,2157.69,1724741
2025-05-07,HDFCBANK,HDFC Bank,Financials,2086.55,2100.23,2071.65,2083.99,2002905
2025-05-08,HDFCBANK,HDFC Bank,Financials,2062.58,2086.77,2044.12,2084.31,7475604
2025-05-09,HDFCBANK,HDFC Bank,Financials,2040.01,2090.26,2016.49,2059.26,1581948
2025-05-12,HDFCBANK,HDFC Bank,Financials,2047.53,2077.46,2025.49,2041.81,1847304
2025-05-13,HDFCBANK,HDFC Bank,Financials,2097.58,2103.4,2078.36,2095.68,2305797
2025-05-14,HDFCBANK,HDFC Bank,Financials,2050.03,2072.19,2035.57,2049.12,3969716
2025-05-15,HDFCBANK,HDFC Bank,Financials,2085.59,2104.13,2057.91,2079.94,2802696
2025-05-16,HDFCBANK,HDFC Bank,Financials,2067.91,2076.57,2035.94,2070.33,1227950
2025-05-19,HDFCBANK,HDFC Bank,Financials,2070.15,2106.73,2051.61,2060.73,1865628
2025-05-20,HDFCBANK,HDFC Bank,Financials,2105.15,2114.94,2055.56,2090.87,1790054
2025-05-21,HDFCBANK,HDFC Bank,Financials,2096.67,2109.01,2070.01,2104.5,2396044
2025-05-22,HDFCBANK,HDFC Bank,Financials,2118.96,2150.6,2087.18,2126.96,3159787
2025-05-23,HDFCBANK,HDFC Bank,Financials,2175.38,2204.88,2142.24,2164.88,3146541
2025-05-26,HDFCBANK,HDFC Bank,Financials,2141.33,2156.17,2110.81,2152.83,941278
2025-05-27,HDFCBANK,HDFC Bank,Financials,2138.07,2164.15,2127.25,2129.97,4488229
2025-05-28,HDFCBANK,HDFC Bank,Financials,2086.05,2110.21,2054.94,2089.22,2872559
2025-05-29,HDFCBANK,HDFC Bank,Financials,2048.93,2064.69,2045.48,2059.01,5353675
2025-05-30,HDFCBANK,HDFC Bank,Financials,2169.58,2178.11,2134.15,2169.14,3191847
2025-06-02,HDFCBANK,HDFC Bank,Financials,2212.57,2242.24,2173.04,2218.6,4581462
2025-06-03,HDFCBANK,HDFC Bank,Financials,2172.27,2185.38,2152.54,2165.54,3231319
2025-06-04,HDFCBANK,HDFC Bank,Financials,2117.35,2153.24,2105.18,2114.85,5242061
2025-06-05,HDFCBANK,HDFC Bank,Financials,2136.68,2168.56,2104.14,2134.04,3331852
2025-06-06,HDFCBANK,HDFC Bank,Financials,2165.62,2204.0,2144.49,2155.92,2368927
2025-06-09,HDFCBANK,HDFC Bank,Financials,2180.39,2192.2,2143.85,2178.08,8724453
2025-06-10,HDFCBANK,HDFC Bank,Financials,2189.3,2227.58,2163.0,2168.96,4076591
2025-06-11,HDFCBANK,HDFC Bank,Financials,2171.32,2189.41,2158.13,2164.93,3427565
2025-06-12,HDFCBANK,HDFC Bank,Financials,2182.3,2197.37,2140.13,2178.57,1239023
2025-06-13,HDFCBANK,HDFC Bank,Financials,2186.17,2190.23,2155.62,2182.81,1230870
2025-06-16,HDFCBANK,HDFC Bank,Financials,2099.53,2103.51,2064.2,2096.48,2936693
2025-06-17,HDFCBANK,HDFC Bank,Financials,2089.43,2116.1,2075.05,2088.65,2708316
2025-06-18,HDFCBANK,HDFC Bank,Financials,2051.58,2075.55,2025.93,2057.48,1783402
2025-06-19,HDFCBANK,HDFC Bank,Financials,2054.01,2074.81,2031.21,2064.79,2701564
2025-06-20,HDFCBANK,HDFC Bank,Financials,2185.08,2210.08,2152.07,2176.57,5989665
2025-06-23,HDFCBANK,HDFC Bank,Financials,2207.77,2219.47,2164.21,2191.83,3664757
2025-06-24,HDFCBANK,HDFC Bank,Financials,2194.06,2217.8,2156.83,2180.34,1334739
2025-06-25,HDFCBANK,HDFC Bank,Financials,2223.89,2239.7,2199.0,2217.39,2351282
2025-06-26,HDFCBANK,HDFC Bank,Financials,2242.28,2275.91,2224.81,2237.54,1605698
2025-06-27,HDFCBANK,HDFC Bank,Financials,2265.83,2299.7,2223.63,2255.36,2019915
2025-06-30,HDFCBANK,HDFC Bank,Financials,2298.77,2319.73,2269.84,2280.9,1991328
2025-07-01,HDFCBANK,HDFC Bank,Financials,2372.73,2389.26,2336.02,2366.24,1922421
2025-07-02,HDFCBANK,HDFC Bank,Financials,2316.5,2335.63,2304.99,2319.02,1253533
2025-07-03,HDFCBANK,HDFC Bank,Financials,2331.4,2374.11,2304.28,2339.72,2330494
2025-07-04,HDFCBANK,HDFC Bank,Financials,2309.36,2324.56,2270.11,2301.64,1836674
2025-07-07,HDFCBANK,HDFC Bank,Financials,2331.35,2341.97,2314.6,2325.58,499121
2025-07-08,HDFCBANK,HDFC Bank,Financials,2300.84,2306.46,2283.43,2288.05,7732446
2025-07-09,HDFCBANK,HDFC Bank,Financials,2272.2,2292.5,2264.45,2271.78,4549939
2025-07-10,HDFCBANK,HDFC Bank,Financials,2272.18,2293.08,2235.07,2260.62,2032619
2025-07-11,HDFCBANK,HDFC Bank,Financials,2293.34,2336.43,2257.93,2301.23,2526010
2025-07-14,HDFCBANK,HDFC Bank,Financials,2365.54,2376.8,2336.06,2340.19,1312430
2025-07-15,HDFCBANK,HDFC Bank,Financials,2293.6,2310.75,2257.8,2288.66,6353070
2025-07-16,HDFCBANK,HDFC Bank,Financials,2287.7,2325.62,2272.14,2291.83,7097903
2025-07-17,HDFCBANK,HDFC Bank,Financials,2260.98,2297.43,2240.33,2263.48,2725010
2025-07-18,HDFCBANK,HDFC Bank,Financials,2177.92,2229.79,2141.35,2213.11,4389575
2025-07-21,HDFCBANK,HDFC Bank,Financials,2200.73,2224.77,2186.11,2205.35,2753019
2025-07-22,HDFCBANK,HDFC Bank,Financials,2207.28,2220.87,2174.44,2193.99,1198525
2025-07-23,HDFCBANK,HDFC Bank,Financials,2292.01,2330.64,2287.87,2290.7,1993292
2025-07-24,HDFCBANK,HDFC Bank,Financials,2334.34,2341.39,2303.95,2309.47,2688144
2025-07-25,HDFCBANK,HDFC Bank,Financials,2254.21,2292.25,2240.96,2253.12,1946999
2025-07-28,HDFCBANK,HDFC Bank,Financials,2242.33,2270.64,2227.83,2231.12,2216726
2025-07-29,HDFCBANK,HDFC Bank,Financials,2260.61,2295.84,2234.09,2273.03,2377432
2025-07-30,HDFCBANK,HDFC Bank,Financials,2367.19,2370.87,2339.92,2359.39,2391229
2025-07-31,HDFCBANK,HDFC Bank,Financials,2294.58,2315.43,2269.32,2292.98,2572898
2025-08-01,HDFCBANK,HDFC Bank,Financials,2224.79,2242.43,2207.5,2216.3,1395088
2025-08-04,HDFCBANK,HDFC Bank,Financials,2268.16,2300.4,2254.48,2291.83,1685280
2025-08-05,HDFCBANK,HDFC Bank,Financials,2313.28,2341.4,2280.45,2308.82,1233393
2025-08-06,HDFCBANK,HDFC Bank,Financials,2248.93,2313.47,2209.77,2273.65,4280583
2025-08-07,HDFCBANK,HDFC Bank,Financials,2285.28,2320.69,2281.04,2296.44,785201
2025-08-08,HDFCBANK,HDFC Bank,Financials,2182.1,2217.19,2146.89,2188.41,4715077
2025-08-11,HDFCBANK,HDFC Bank,Financials,2184.59,2194.16,2160.98,2189.42,5359029
2025-08-12,HDFCBANK,HDFC Bank,Financials,2198.02,2221.06,2174.75,2203.22,2117193
2025-08-13,HDFCBANK,HDFC Bank,Financials,2266.97,2273.72,2219.45,2240.75,597240
2025-08-14,HDFCBANK,HDFC Bank,Financials,2204.44,2229.61,2195.96,2200.75,2049446
2025-08-15,HDFCBANK,HDFC Bank,Financials,2193.9,2242.41,2188.36,2205.03,2413286
2025-08-18,HDFCBANK,HDFC Bank,Financials,2169.82,2196.4,2144.85,2169.18,1433991
2025-08-19,HDFCBANK,HDFC Bank,Financials,2198.56,2203.62,2165.2,2180.02,1883102
2025-08-20,HDFCBANK,HDFC Bank,Financials,2146.43,2161.52,2110.15,2145.76,5800233
2025-08-21,HDFCBANK,HDFC Bank,Financials,2109.29,2152.93,2092.6,2130.85,3603842
2025-08-22,HDFCBANK,HDFC Bank,Financials,2077.96,2109.95,2070.83,2093.51,1503477
2025-08-25,HDFCBANK,HDFC Bank,Financials,2119.67,2151.83,2091.02,2118.88,1038327
2025-08-26,HDFCBANK,HDFC Bank,Financials,2140.26,2184.44,2127.44,2152.47,2088468
2025-08-27,HDFCBANK,HDFC Bank,Financials,2148.97,2173.47,2122.95,2144.24,2223070
2025-08-28,HDFCBANK,HDFC Bank,Financials,2168.75,2184.69,2118.97,2146.58,3284453
2025-08-29,HDFCBANK,HDFC Bank,Financials,2103.13,2114.36,2057.36,2091.47,1862401
2025-09-01,HDFCBANK,HDFC Bank,Financials,2061.69,2086.85,2031.86,2081.02,3312209
2025-09-02,HDFCBANK,HDFC Bank,Financials,2083.4,2098.05,2053.98,2079.97,7247274
2025-09-03,HDFCBANK,HDFC Bank,Financials,2182.11,2199.62,2151.57,2178.93,3915003
2025-09-04,HDFCBANK,HDFC Bank,Financials,2140.03,2166.76,2099.7,2136.18,2434745
2025-09-05,HDFCBANK,HDFC Bank,Financials,2168.56,2220.07,2155.49,2193.34,2260436
2025-09-08,HDFCBANK,HDFC Bank,Financials,2211.99,2238.47,2209.74,2233.57,2054680
2025-09-09,HDFCBANK,HDFC Bank,Financials,2216.24,2263.08,2203.78,2245.75,4785752
2025-09-10,HDFCBANK,HDFC Bank,Financials,2319.95,2329.44,2306.83,2317.74,1770511
2025-09-11,HDFCBANK,HDFC Bank,Financials,2330.05,2342.74,2301.51,2334.19,2562960
2025-09-12,HDFCBANK,HDFC Bank,Financials,2373.07,2408.81,2323.79,2351.47,2571397
2025-09-15,HDFCBANK,HDFC Bank,Financials,2329.52,2354.19,2303.69,2350.16,1897067
2025-09-16,HDFCBANK,HDFC Bank,Financials,2419.82,2439.48,2399.8,2402.86,1175195
2025-09-17,HDFCBANK,HDFC Bank,Financials,2448.07,2460.71,2415.29,2451.25,2985976
2025-09-18,HDFCBANK,HDFC Bank,Financials,2440.69,2479.62,2408.86,2424.62,2417511
2025-09-19,HDFCBANK,HDFC Bank,Financials,2376.41,2401.29,2338.88,2368.02,3291762
2025-09-22,HDFCBANK,HDFC Bank,Financials,2372.23,2383.93,2335.62,2360.31,1864160
2025-09-23,HDFCBANK,HDFC Bank,Financials,2335.79,2358.07,2311.38,2327.27,4892690
2025-09-24,HDFCBANK,HDFC Bank,Financials,2333.08,2364.43,2317.89,2325.54,1543519
2025-09-25,HDFCBANK,HDFC Bank,Financials,2386.11,2427.37,2372.07,2378.27,6410343
2025-09-26,HDFCBANK,HDFC Bank,Financials,2347.9,2370.84,2312.36,2359.64,956084
2025-09-29,HDFCBANK,HDFC Bank,Financials,2374.51,2412.65,2319.58,2358.76,3175338
2025-09-30,HDFCBANK,HDFC Bank,Financials,2359.05,2402.05,2330.63,2362.17,3247149
2025-10-01,HDFCBANK,HDFC Bank,Financials,2381.79,2438.97,2375.22,2399.19,1614030
2025-10-02,HDFCBANK,HDFC Bank,Financials,2310.23,2337.5,2285.07,2303.12,3157268
2025-10-03,HDFCBANK,HDFC Bank,Financials,2288.75,2315.54,2248.37,2278.89,5053221
2025-10-06,HDFCBANK,HDFC Bank,Financials,2291.64,2309.64,2255.84,2288.47,738628
2025-10-07,HDFCBANK,HDFC Bank,Financials,2322.38,2371.07,2315.39,2338.82,3296299
2025-10-08,HDFCBANK,HDFC Bank,Financials,2316.35,2342.31,2314.03,2319.04,634442
2025-10-09,HDFCBANK,HDFC Bank,Financials,2248.81,2276.95,2212.26,2241.64,1469871
2025-10-10,HDFCBANK,HDFC Bank,Financials,2260.98,2286.32,2245.01,2267.54,6124715
2025-10-13,HDFCBANK,HDFC Bank,Financials,2257.44,2287.77,2230.57,2242.51,1815408
2025-10-14,HDFCBANK,HDFC Bank,Financials,2186.45,2228.36,2183.79,2195.39,1310825
2025-10-15,HDFCBANK,HDFC Bank,Financials,2166.28,2179.17,2144.22,2171.6,2242127
2025-10-16,HDFCBANK,HDFC Bank,Financials,2169.26,2202.14,2131.76,2165.25,7796221
2025-10-17,HDFCBANK,HDFC Bank,Financials,2153.38,2175.31,2105.53,2142.55,912894
2025-10-20,HDFCBANK,HDFC Bank,Financials,2069.35,2101.14,2036.49,2058.35,1402239
2025-10-21,HDFCBANK,HDFC Bank,Financials,2085.71,2109.84,2065.39,2092.41,5696649
2025-10-22,HDFCBANK,HDFC Bank,Financials,2125.58,2157.2,2120.39,2141.26,6945035
2025-10-23,HDFCBANK,HDFC Bank,Financials,2175.54,2211.56,2144.84,2167.23,2361751
2025-10-24,HDFCBANK,HDFC Bank,Financials,2117.89,2134.9,2102.09,2123.71,1264670
2025-10-27,HDFCBANK,HDFC Bank,Financials,2143.7,2176.61,2092.89,2116.86,7916939
2025-10-28,HDFCBANK,HDFC Bank,Financials,2124.91,2144.52,2101.35,2117.46,6008853
2025-10-29,HDFCBANK,HDFC Bank,Financials,2141.53,2162.38,2130.24,2141.13,3631738
2025-10-30,HDFCBANK,HDFC Bank,Financials,2179.64,2193.25,2162.07,2167.74,1599145
2025-10-31,HDFCBANK,HDFC Bank,Financials,2152.05,2175.17,2126.36,2139.96,2433485
2025-11-03,HDFCBANK,HDFC Bank,Financials,2152.6,2166.65,2138.31,2143.98,2288948
2025-11-04,HDFCBANK,HDFC Bank,Financials,2158.7,2166.09,2150.05,2162.48,2998940
2025-11-05,HDFCBANK,HDFC Bank,Financials,2222.51,2235.01,2180.53,2220.01,5553017
2025-11-06,HDFCBANK,HDFC Bank,Financials,2279.67,2282.19,2229.82,2249.05,4055078
2025-11-07,HDFCBANK,HDFC Bank,Financials,2311.31,2352.06,2258.98,2281.9,1382279
2025-11-10,HDFCBANK,HDFC Bank,Financials,2294.61,2334.57,2250.01,2286.25,5330066
2025-11-11,HDFCBANK,HDFC Bank,Financials,2338.79,2363.31,2296.87,2345.21,2969855
2025-11-12,HDFCBANK,HDFC Bank,Financials,2403.06,2435.22,2337.67,2363.45,3647992
2025-11-13,HDFCBANK,HDFC Bank,Financials,2334.76,2350.82,2293.28,2327.76,5600681
2025-11-14,HDFCBANK,HDFC Bank,Financials,2395.05,2424.77,2371.83,2387.49,1356518
2025-11-17,HDFCBANK,HDFC Bank,Financials,2398.46,2453.97,2383.59,2418.44,2451221
2025-11-18,HDFCBANK,HDFC Bank,Financials,2405.68,2446.8,2381.29,2400.12,1866361
2025-11-19,HDFCBANK,HDFC Bank,Financials,2374.91,2398.94,2345.38,2380.36,1055450
2025-11-20,HDFCBANK,HDFC Bank,Financials,2392.0,2428.3,2361.86,2394.02,3025212
2025-11-21,HDFCBANK,HDFC Bank,Financials,2446.21,2459.72,2399.58,2414.94,9950739
2025-11-24,HDFCBANK,HDFC Bank,Financials,2413.36,2467.72,2405.48,2424.48,908689
2025-11-25,HDFCBANK,HDFC Bank,Financials,2435.89,2442.55,2407.27,2439.04,2456005
2025-11-26,HDFCBANK,HDFC Bank,Financials,2507.0,2542.96,2499.03,2514.65,3555832
2025-11-27,HDFCBANK,HDFC Bank,Financials,2505.14,2595.47,2478.0,2564.15,2675091
2025-11-28,HDFCBANK,HDFC Bank,Financials,2606.57,2639.67,2541.06,2573.98,2349189
2025-12-01,HDFCBANK,HDFC Bank,Financials,2591.8,2626.6,2558.34,2618.62,1223507
2025-12-02,HDFCBANK,HDFC Bank,Financials,2575.44,2619.11,2535.5,2571.0,2841475
2025-12-03,HDFCBANK,HDFC Bank,Financials,2585.99,2601.01,2545.03,2590.44,1648837
2025-12-04,HDFCBANK,HDFC Bank,Financials,2676.58,2707.59,2650.43,2675.84,749636
2025-12-05,HDFCBANK,HDFC Bank,Financials,2673.22,2686.01,2630.64,2666.41,4822615
2025-12-08,HDFCBANK,HDFC Bank,Financials,2635.81,2652.21,2596.52,2626.8,4235083
2025-12-09,HDFCBANK,HDFC Bank,Financials,2591.89,2623.74,2581.07,2597.01,2572052
2025-12-10,HDFCBANK,HDFC Bank,Financials,2570.52,2591.32,2543.46,2547.12,2835680
2025-12-11,HDFCBANK,HDFC Bank,Financials,2500.89,2521.51,2486.3,2512.16,4513918
2025-12-12,HDFCBANK,HDFC Bank,Financials,2502.66,2512.43,2475.11,2496.41,2828304
2025-12-15,HDFCBANK,HDFC Bank,Financials,2450.86,2470.74,2406.27,2434.25,4110317
2025-12-16,HDFCBANK,HDFC Bank,Financials,2442.5,2476.39,2398.27,2435.9,2122671
2025-12-17,HDFCBANK,HDFC Bank,Financials,2457.9,2516.72,2447.24,2476.44,5144261
2025-12-18,HDFCBANK,HDFC Bank,Financials,2444.82,2450.76,2429.33,2436.97,2982383
2025-12-19,HDFCBANK,HDFC Bank,Financials,2499.21,2523.83,2455.78,2504.59,2781580
2025-12-22,HDFCBANK,HDFC Bank,Financials,2539.75,2546.62,2521.44,2528.61,1243285
2025-12-23,HDFCBANK,HDFC Bank,Financials,2564.87,2579.84,2541.44,2576.53,2927405
2025-12-24,HDFCBANK,HDFC Bank,Financials,2536.62,2578.25,2508.83,2547.06,1582040
2025-12-25,HDFCBANK,HDFC Bank,Financials,2558.87,2616.34,2532.76,2587.25,1759861
2025-12-26,HDFCBANK,HDFC Bank,Financials,2540.11,2549.69,2531.19,2537.43,1596532
2025-12-29,HDFCBANK,HDFC Bank,Financials,2568.8,2591.94,2563.75,2579.11,1390775
2025-12-30,HDFCBANK,HDFC Bank,Financials,2586.6,2591.75,2579.37,2588.12,8043907
2025-12-31,HDFCBANK,HDFC Bank,Financials,2594.75,2654.66,2566.33,2614.93,5199316
2025-01-02,BHARTIARTL,Bharti Airtel,Telecom,2006.4,2030.65,1977.1,2018.18,2266951
2025-01-03,BHARTIARTL,Bharti Airtel,Telecom,1990.95,2026.21,1964.48,1974.57,1513227
2025-01-06,BHARTIARTL,Bharti Airtel,Telecom,1958.98,2001.48,1954.76,1977.89,1987155
2025-01-07,BHARTIARTL,Bharti Airtel,Telecom,1923.07,1958.14,1910.79,1932.63,3020796
2025-01-08,BHARTIARTL,Bharti Airtel,Telecom,1896.79,1942.81,1886.29,1909.2,3027928
2025-01-09,BHARTIARTL,Bharti Airtel,Telecom,1883.65,1897.61,1860.38,1878.41,1525747
2025-01-10,BHARTIARTL,Bharti Airtel,Telecom,1922.81,1950.94,1893.76,1921.08,1911814
2025-01-13,BHARTIARTL,Bharti Airtel,Telecom,1924.69,1940.84,1878.39,1908.14,4513955
2025-01-14,BHARTIARTL,Bharti Airtel,Telecom,1951.75,1982.55,1915.71,1945.6,3284816
2025-01-15,BHARTIARTL,Bharti Airtel,Telecom,1961.73,1975.55,1947.77,1967.54,7826978
2025-01-16,BHARTIARTL,Bharti Airtel,Telecom,2034.09,2084.98,2008.29,2049.91,4784402
2025-01-17,BHARTIARTL,Bharti Airtel,Telecom,2009.49,2018.97,1983.53,1996.14,4691028
2025-01-20,BHARTIARTL,Bharti Airtel,Telecom,2046.67,2060.07,2038.03,2042.18,1165281
2025-01-21,BHARTIARTL,Bharti Airtel,Telecom,2087.04,2115.95,2058.19,2085.14,3805372
2025-01-22,BHARTIARTL,Bharti Airtel,Telecom,2066.75,2082.65,2047.05,2049.44,2428034
2025-01-23,BHARTIARTL,Bharti Airtel,Telecom,2080.04,2111.09,2063.49,2087.42,1846423
2025-01-24,BHARTIARTL,Bharti Airtel,Telecom,2110.05,2128.1,2087.02,2100.88,2742031
2025-01-27,BHARTIARTL,Bharti Airtel,Telecom,2095.58,2124.12,2066.35,2093.12,4204507
2025-01-28,BHARTIARTL,Bharti Airtel,Telecom,2068.52,2078.62,2033.98,2062.91,3292832
2025-01-29,BHARTIARTL,Bharti Airtel,Telecom,2046.73,2050.81,2024.47,2037.04,1542076
2025-01-30,BHARTIARTL,Bharti Airtel,Telecom,2113.1,2125.99,2081.74,2113.01,3760842
2025-01-31,BHARTIARTL,Bharti Airtel,Telecom,2116.62,2135.8,2101.21,2113.88,1760534
2025-02-03,BHARTIARTL,Bharti Airtel,Telecom,2149.28,2157.57,2126.07,2144.49,2816419
2025-02-04,BHARTIARTL,Bharti Airtel,Telecom,2124.1,2139.04,2086.56,2114.82,2115832
2025-02-05,BHARTIARTL,Bharti Airtel,Telecom,2081.98,2102.25,2055.38,2085.98,2216466
2025-02-06,BHARTIARTL,Bharti Airtel,Telecom,2106.54,2131.64,2069.07,2127.44,3810362
2025-02-07,BHARTIARTL,Bharti Airtel,Telecom,2074.87,2099.28,2064.85,2076.61,1410838
2025-02-10,BHARTIARTL,Bharti Airtel,Telecom,2049.67,2094.98,2024.54,2061.92,7287408
2025-02-11,BHARTIARTL,Bharti Airtel,Telecom,2081.37,2088.82,2040.55,2064.0,918230
2025-02-12,BHARTIARTL,Bharti Airtel,Telecom,2067.01,2092.06,2032.79,2068.97,1799616
2025-02-13,BHARTIARTL,Bharti Airtel,Telecom,2076.8,2102.35,2055.58,2063.13,3064570
2025-02-14,BHARTIARTL,Bharti Airtel,Telecom,2097.24,2114.28,2050.01,2078.65,3447548
2025-02-17,BHARTIARTL,Bharti Airtel,Telecom,2114.79,2142.11,2082.96,2105.41,2365593
2025-02-18,BHARTIARTL,Bharti Airtel,Telecom,2118.94,2151.12,2106.92,2134.09,2422320
2025-02-19,BHARTIARTL,Bharti Airtel,Telecom,2085.19,2117.16,2066.29,2097.07,3133320
2025-02-20,BHARTIARTL,Bharti Airtel,Telecom,2084.15,2089.53,2070.24,2087.19,2201639
2025-02-21,BHARTIARTL,Bharti Airtel,Telecom,2152.7,2180.17,2109.77,2132.91,5379204
2025-02-24,BHARTIARTL,Bharti Airtel,Telecom,2170.67,2197.24,2133.17,2168.11,3966692
2025-02-25,BHARTIARTL,Bharti Airtel,Telecom,2111.58,2118.9,2089.03,2115.4,4040401
2025-02-26,BHARTIARTL,Bharti Airtel,Telecom,2127.39,2145.09,2102.41,2129.63,1469474
2025-02-27,BHARTIARTL,Bharti Airtel,Telecom,2077.63,2114.29,2034.47,2054.65,2393189
2025-02-28,BHARTIARTL,Bharti Airtel,Telecom,2068.25,2085.12,2053.36,2057.21,2119191
2025-03-03,BHARTIARTL,Bharti Airtel,Telecom,2129.12,2149.42,2117.75,2128.3,1437937
2025-03-04,BHARTIARTL,Bharti Airtel,Telecom,2086.13,2127.31,2066.59,2092.84,3047681
2025-03-05,BHARTIARTL,Bharti Airtel,Telecom,2089.78,2117.36,2049.31,2062.25,1860016
2025-03-06,BHARTIARTL,Bharti Airtel,Telecom,2093.47,2116.28,2082.88,2091.43,3585015
2025-03-07,BHARTIARTL,Bharti Airtel,Telecom,2032.45,2063.81,2013.0,2034.19,1387752
2025-03-10,BHARTIARTL,Bharti Airtel,Telecom,2001.63,2043.41,1988.65,2011.84,6435072
2025-03-11,BHARTIARTL,Bharti Airtel,Telecom,2025.82,2052.07,2014.9,2034.24,1527004
2025-03-12,BHARTIARTL,Bharti Airtel,Telecom,2004.82,2030.09,1987.0,2011.83,2820479
2025-03-13,BHARTIARTL,Bharti Airtel,Telecom,2013.75,2028.98,1997.54,2004.09,3864426
2025-03-14,BHARTIARTL,Bharti Airtel,Telecom,2055.26,2091.09,1997.66,2031.73,1826567
2025-03-17,BHARTIARTL,Bharti Airtel,Telecom,2052.8,2079.19,2015.71,2047.96,3995419
2025-03-18,BHARTIARTL,Bharti Airtel,Telecom,2046.32,2063.59,2019.66,2058.62,1271553
2025-03-19,BHARTIARTL,Bharti Airtel,Telecom,2029.9,2078.95,2024.21,2046.88,5556428
2025-03-20,BHARTIARTL,Bharti Airtel,Telecom,2052.58,2080.23,2023.45,2061.33,2519531
2025-03-21,BHARTIARTL,Bharti Airtel,Telecom,2052.28,2062.03,2022.04,2057.56,1800860
2025-03-24,BHARTIARTL,Bharti Airtel,Telecom,2070.62,2096.81,2041.53,2075.34,2120688
2025-03-25,BHARTIARTL,Bharti Airtel,Telecom,2064.5,2081.2,2051.56,2057.61,3900857
2025-03-26,BHARTIARTL,Bharti Airtel,Telecom,2053.27,2085.96,2027.16,2051.67,1812741
2025-03-27,BHARTIARTL,Bharti Airtel,Telecom,1995.94,2024.94,1965.64,2015.93,1655567
2025-03-28,BHARTIARTL,Bharti Airtel,Telecom,2026.93,2057.43,1993.67,2015.47,2213213
2025-03-31,BHARTIARTL,Bharti Airtel,Telecom,1967.79,2007.67,1944.19,1986.85,1308604
2025-04-01,BHARTIARTL,Bharti Airtel,Telecom,1951.57,1955.34,1930.68,1947.8,6804538
2025-04-02,BHARTIARTL,Bharti Airtel,Telecom,1942.21,1991.95,1922.81,1957.65,1830837
2025-04-03,BHARTIARTL,Bharti Airtel,Telecom,1982.67,2001.93,1962.82,1965.93,3949859
2025-04-04,BHARTIARTL,Bharti Airtel,Telecom,1987.43,2006.28,1963.86,1994.42,2805268
2025-04-07,BHARTIARTL,Bharti Airtel,Telecom,1988.53,2006.39,1975.02,1979.74,1454696
2025-04-08,BHARTIARTL,Bharti Airtel,Telecom,2012.16,2043.52,1978.33,1995.07,2491825
2025-04-09,BHARTIARTL,Bharti Airtel,Telecom,2013.01,2028.12,2000.98,2015.65,3847764
2025-04-10,BHARTIARTL,Bharti Airtel,Telecom,2020.36,2041.29,1999.6,2032.6,2254091
2025-04-11,BHARTIARTL,Bharti Airtel,Telecom,2013.41,2019.84,1996.65,2003.2,4818693
2025-04-14,BHARTIARTL,Bharti Airtel,Telecom,2027.62,2039.92,1983.75,2009.39,4384713
2025-04-15,BHARTIARTL,Bharti Airtel,Telecom,2024.48,2053.35,1993.99,2023.36,4144134
2025-04-16,BHARTIARTL,Bharti Airtel,Telecom,2025.5,2043.76,2016.79,2024.43,1941536
2025-04-17,BHARTIARTL,Bharti Airtel,Telecom,1942.82,1958.7,1937.43,1949.21,1380405
2025-04-18,BHARTIARTL,Bharti Airtel,Telecom,1944.54,1963.1,1937.79,1955.62,1783927
2025-04-21,BHARTIARTL,Bharti Airtel,Telecom,2035.01,2048.56,2001.92,2034.29,2784931
2025-04-22,BHARTIARTL,Bharti Airtel,Telecom,1999.66,2056.25,1979.7,2021.92,3375263
2025-04-23,BHARTIARTL,Bharti Airtel,Telecom,1993.55,2009.87,1975.72,1996.23,757241
2025-04-24,BHARTIARTL,Bharti Airtel,Telecom,2014.63,2050.49,2004.79,2010.44,2488869
2025-04-25,BHARTIARTL,Bharti Airtel,Telecom,2042.3,2061.19,1998.19,2022.55,2727102
2025-04-28,BHARTIARTL,Bharti Airtel,Telecom,2070.05,2078.42,2034.22,2066.78,2146076
2025-04-29,BHARTIARTL,Bharti Airtel,Telecom,2024.9,2057.6,1990.34,2020.81,5085998
2025-04-30,BHARTIARTL,Bharti Airtel,Telecom,2036.49,2066.3,2012.78,2048.23,3152733
2025-05-01,BHARTIARTL,Bharti Airtel,Telecom,2065.08,2097.87,2060.38,2070.81,5139194
2025-05-02,BHARTIARTL,Bharti Airtel,Telecom,2081.07,2117.95,2060.33,2066.34,2220011
2025-05-05,BHARTIARTL,Bharti Airtel,Telecom,2077.62,2083.62,2073.8,2079.77,4186660
2025-05-06,BHARTIARTL,Bharti Airtel,Telecom,2110.63,2124.74,2099.28,2119.14,6144622
2025-05-07,BHARTIARTL,Bharti Airtel,Telecom,2133.7,2181.79,2126.64,2153.26,5143440
2025-05-08,BHARTIARTL,Bharti Airtel,Telecom,2098.64,2122.04,2087.27,2109.82,1371099
2025-05-09,BHARTIARTL,Bharti Airtel,Telecom,2132.08,2150.66,2115.99,2141.81,2174435
2025-05-12,BHARTIARTL,Bharti Airtel,Telecom,2139.4,2143.74,2102.97,2140.17,2067727
2025-05-13,BHARTIARTL,Bharti Airtel,Telecom,2138.85,2146.78,2114.52,2143.84,3271932
2025-05-14,BHARTIARTL,Bharti Airtel,Telecom,2131.54,2177.94,2099.15,2147.52,3646563
2025-05-15,BHARTIARTL,Bharti Airtel,Telecom,2159.84,2166.94,2114.55,2142.57,1576015
2025-05-16,BHARTIARTL,Bharti Airtel,Telecom,2193.99,2213.62,2183.01,2189.39,2595039
2025-05-19,BHARTIARTL,Bharti Airtel,Telecom,2197.15,2221.98,2157.42,2186.96,823106
2025-05-20,BHARTIARTL,Bharti Airtel,Telecom,2138.9,2161.52,2126.76,2143.77,5525426
2025-05-21,BHARTIARTL,Bharti Airtel,Telecom,2113.84,2132.55,2088.75,2129.44,1886050
2025-05-22,BHARTIARTL,Bharti Airtel,Telecom,2144.82,2175.53,2122.61,2137.14,2578005
2025-05-23,BHARTIARTL,Bharti Airtel,Telecom,2217.08,2219.69,2146.03,2185.28,2108513
2025-05-26,BHARTIARTL,Bharti Airtel,Telecom,2215.36,2246.27,2197.77,2209.88,4695506
2025-05-27,BHARTIARTL,Bharti Airtel,Telecom,2165.06,2212.16,2152.62,2176.93,525010
2025-05-28,BHARTIARTL,Bharti Airtel,Telecom,2267.86,2294.2,2229.72,2275.18,2477264
2025-05-29,BHARTIARTL,Bharti Airtel,Telecom,2281.07,2310.04,2277.84,2286.93,2358652
2025-05-30,BHARTIARTL,Bharti Airtel,Telecom,2344.29,2365.64,2310.29,2340.35,1947975
2025-06-02,BHARTIARTL,Bharti Airtel,Telecom,2352.95,2370.87,2303.77,2334.9,6460555
2025-06-03,BHARTIARTL,Bharti Airtel,Telecom,2350.98,2396.18,2315.2,2358.25,1534584
2025-06-04,BHARTIARTL,Bharti Airtel,Telecom,2406.87,2445.85,2352.76,2394.82,3822018
2025-06-05,BHARTIARTL,Bharti Airtel,Telecom,2416.62,2464.72,2374.13,2448.29,3041131
2025-06-06,BHARTIARTL,Bharti Airtel,Telecom,2487.36,2524.46,2482.11,2495.87,5003443
2025-06-09,BHARTIARTL,Bharti Airtel,Telecom,2544.92,2587.56,2498.08,2536.05,1732103
2025-06-10,BHARTIARTL,Bharti Airtel,Telecom,2531.97,2575.91,2492.44,2522.68,1670558
2025-06-11,BHARTIARTL,Bharti Airtel,Telecom,2499.12,2523.25,2467.75,2497.73,4568245
2025-06-12,BHARTIARTL,Bharti Airtel,Telecom,2517.3,2539.2,2505.68,2513.68,3158879
2025-06-13,BHARTIARTL,Bharti Airtel,Telecom,2539.89,2571.58,2509.28,2556.91,1068841
2025-06-16,BHARTIARTL,Bharti Airtel,Telecom,2544.83,2591.76,2499.79,2547.68,1858320
2025-06-17,BHARTIARTL,Bharti Airtel,Telecom,2609.0,2617.94,2554.69,2597.55,3091947
2025-06-18,BHARTIARTL,Bharti Airtel,Telecom,2636.6,2695.46,2614.28,2666.5,3963236
2025-06-19,BHARTIARTL,Bharti Airtel,Telecom,2622.81,2638.82,2618.41,2623.59,1720670
2025-06-20,BHARTIARTL,Bharti Airtel,Telecom,2573.25,2599.96,2554.82,2585.12,503309
2025-06-23,BHARTIARTL,Bharti Airtel,Telecom,2589.07,2609.48,2540.8,2579.62,3333635
2025-06-24,BHARTIARTL,Bharti Airtel,Telecom,2589.29,2641.59,2555.82,2594.93,1277767
2025-06-25,BHARTIARTL,Bharti Airtel,Telecom,2566.68,2576.44,2544.07,2571.47,824279
2025-06-26,BHARTIARTL,Bharti Airtel,Telecom,2665.31,2694.19,2629.98,2635.09,526508
2025-06-27,BHARTIARTL,Bharti Airtel,Telecom,2624.52,2662.64,2602.85,2656.26,3911731
2025-06-30,BHARTIARTL,Bharti Airtel,Telecom,2638.77,2668.85,2615.09,2659.2,2683254
2025-07-01,BHARTIARTL,Bharti Airtel,Telecom,2597.73,2619.74,2548.04,2591.54,2208204
2025-07-02,BHARTIARTL,Bharti Airtel,Telecom,2548.05,2572.71,2501.08,2531.19,5366919
2025-07-03,BHARTIARTL,Bharti Airtel,Telecom,2539.71,2558.75,2523.72,2545.01,3549544
2025-07-04,BHARTIARTL,Bharti Airtel,Telecom,2447.06,2463.95,2422.76,2448.33,6081526
2025-07-07,BHARTIARTL,Bharti Airtel,Telecom,2488.63,2500.12,2483.35,2493.94,1162166
2025-07-08,BHARTIARTL,Bharti Airtel,Telecom,2484.98,2503.15,2441.41,2487.84,2452941
2025-07-09,BHARTIARTL,Bharti Airtel,Telecom,2626.08,2679.98,2607.38,2634.06,1027468
2025-07-10,BHARTIARTL,Bharti Airtel,Telecom,2720.91,2791.36,2696.09,2744.54,2203683
2025-07-11,BHARTIARTL,Bharti Airtel,Telecom,2727.38,2754.99,2708.18,2736.67,2180495
2025-07-14,BHARTIARTL,Bharti Airtel,Telecom,2749.85,2779.29,2698.09,2732.53,3528695
2025-07-15,BHARTIARTL,Bharti Airtel,Telecom,2760.03,2828.4,2726.2,2782.59,2563441
2025-07-16,BHARTIARTL,Bharti Airtel,Telecom,2841.05,2872.18,2803.66,2869.01,3522477
2025-07-17,BHARTIARTL,Bharti Airtel,Telecom,2733.86,2826.74,2718.67,2785.57,3680993
2025-07-18,BHARTIARTL,Bharti Airtel,Telecom,2715.42,2761.91,2679.94,2697.11,8178440
2025-07-21,BHARTIARTL,Bharti Airtel,Telecom,2664.11,2674.8,2655.77,2667.99,2101975
2025-07-22,BHARTIARTL,Bharti Airtel,Telecom,2731.16,2741.39,2664.29,2697.05,1489928
2025-07-23,BHARTIARTL,Bharti Airtel,Telecom,2713.24,2769.43,2708.69,2722.25,2862332
2025-07-24,BHARTIARTL,Bharti Airtel,Telecom,2784.91,2813.15,2744.77,2775.75,1608073
2025-07-25,BHARTIARTL,Bharti Airtel,Telecom,2685.93,2720.3,2643.53,2716.92,5648382
2025-07-28,BHARTIARTL,Bharti Airtel,Telecom,2616.9,2630.98,2562.69,2604.74,2139390
2025-07-29,BHARTIARTL,Bharti Airtel,Telecom,2673.1,2696.22,2623.17,2646.01,1831661
2025-07-30,BHARTIARTL,Bharti Airtel,Telecom,2615.02,2648.44,2584.65,2607.62,1929126
2025-07-31,BHARTIARTL,Bharti Airtel,Telecom,2544.08,2578.33,2508.12,2513.92,3711441
2025-08-01,BHARTIARTL,Bharti Airtel,Telecom,2510.18,2566.68,2479.05,2521.49,2292240
2025-08-04,BHARTIARTL,Bharti Airtel,Telecom,2590.6,2605.85,2520.22,2558.5,1756589
2025-08-05,BHARTIARTL,Bharti Airtel,Telecom,2553.47,2579.83,2540.29,2553.9,6247830
2025-08-06,BHARTIARTL,Bharti Airtel,Telecom,2565.87,2591.7,2513.2,2533.88,1561110
2025-08-07,BHARTIARTL,Bharti Airtel,Telecom,2532.49,2552.49,2489.05,2527.62,2549384
2025-08-08,BHARTIARTL,Bharti Airtel,Telecom,2487.25,2521.51,2447.67,2511.77,3578912
2025-08-11,BHARTIARTL,Bharti Airtel,Telecom,2446.54,2495.02,2433.98,2451.83,1019239
2025-08-12,BHARTIARTL,Bharti Airtel,Telecom,2433.88,2471.62,2396.19,2421.27,3255786
2025-08-13,BHARTIARTL,Bharti Airtel,Telecom,2445.42,2468.58,2434.51,2444.96,1399313
2025-08-14,BHARTIARTL,Bharti Airtel,Telecom,2459.83,2487.78,2453.11,2460.09,3930714
2025-08-15,BHARTIARTL,Bharti Airtel,Telecom,2461.54,2480.52,2420.95,2468.52,1472310
2025-08-18,BHARTIARTL,Bharti Airtel,Telecom,2445.34,2470.39,2389.03,2425.29,3659453
2025-08-19,BHARTIARTL,Bharti Airtel,Telecom,2409.77,2449.32,2376.22,2418.34,4592841
2025-08-20,BHARTIARTL,Bharti Airtel,Telecom,2362.88,2385.93,2320.28,2324.53,4015174
2025-08-21,BHARTIARTL,Bharti Airtel,Telecom,2341.78,2383.55,2297.14,2332.93,2870582
2025-08-22,BHARTIARTL,Bharti Airtel,Telecom,2400.9,2428.25,2373.65,2393.87,2201359
2025-08-25,BHARTIARTL,Bharti Airtel,Telecom,2322.48,2348.34,2306.64,2331.3,1820770
2025-08-26,BHARTIARTL,Bharti Airtel,Telecom,2307.34,2340.25,2283.59,2307.65,5614540
2025-08-27,BHARTIARTL,Bharti Airtel,Telecom,2341.99,2351.12,2316.31,2322.24,1701598
2025-08-28,BHARTIARTL,Bharti Airtel,Telecom,2389.66,2407.67,2342.61,2375.54,1413267
2025-08-29,BHARTIARTL,Bharti Airtel,Telecom,2354.52,2373.59,2328.85,2357.33,3604718
2025-09-01,BHARTIARTL,Bharti Airtel,Telecom,2330.0,2349.43,2319.18,2328.9,1613515
2025-09-02,BHARTIARTL,Bharti Airtel,Telecom,2255.13,2287.35,2237.85,2247.29,1482538
2025-09-03,BHARTIARTL,Bharti Airtel,Telecom,2258.89,2279.74,2243.07,2252.37,1130102
2025-09-04,BHARTIARTL,Bharti Airtel,Telecom,2326.35,2369.93,2321.77,2336.06,1916863
2025-09-05,BHARTIARTL,Bharti Airtel,Telecom,2355.98,2381.43,2322.84,2348.66,2388815
2025-09-08,BHARTIARTL,Bharti Airtel,Telecom,2349.9,2365.92,2312.76,2348.66,2857625
2025-09-09,BHARTIARTL,Bharti Airtel,Telecom,2332.84,2398.12,2329.82,2363.22,4218624
2025-09-10,BHARTIARTL,Bharti Airtel,Telecom,2384.05,2396.09,2359.36,2363.69,3340380
2025-09-11,BHARTIARTL,Bharti Airtel,Telecom,2356.22,2367.57,2305.03,2330.04,2250856
2025-09-12,BHARTIARTL,Bharti Airtel,Telecom,2354.43,2388.16,2319.28,2365.5,2241808
2025-09-15,BHARTIARTL,Bharti Airtel,Telecom,2385.78,2398.74,2360.49,2376.06,3309765
2025-09-16,BHARTIARTL,Bharti Airtel,Telecom,2382.32,2385.07,2361.26,2377.77,5033946
2025-09-17,BHARTIARTL,Bharti Airtel,Telecom,2347.98,2376.2,2310.94,2336.97,2679857
2025-09-18,BHARTIARTL,Bharti Airtel,Telecom,2396.48,2419.69,2379.19,2392.74,1931445
2025-09-19,BHARTIARTL,Bharti Airtel,Telecom,2399.31,2443.09,2395.83,2422.33,1448045
2025-09-22,BHARTIARTL,Bharti Airtel,Telecom,2387.69,2441.02,2355.46,2399.19,1129107
2025-09-23,BHARTIARTL,Bharti Airtel,Telecom,2430.83,2469.58,2402.55,2443.41,3606504
2025-09-24,BHARTIARTL,Bharti Airtel,Telecom,2443.26,2481.57,2396.16,2422.5,3435556
2025-09-25,BHARTIARTL,Bharti Airtel,Telecom,2405.99,2414.1,2356.86,2389.37,3434394
2025-09-26,BHARTIARTL,Bharti Airtel,Telecom,2398.51,2424.12,2328.23,2357.65,2329207
2025-09-29,BHARTIARTL,Bharti Airtel,Telecom,2294.58,2330.73,2273.16,2283.44,5420048
2025-09-30,BHARTIARTL,Bharti Airtel,Telecom,2290.58,2328.87,2274.57,2303.73,1915589
2025-10-01,BHARTIARTL,Bharti Airtel,Telecom,2221.83,2258.15,2214.84,2228.72,4227829
2025-10-02,BHARTIARTL,Bharti Airtel,Telecom,2183.23,2199.22,2173.34,2180.33,2447292
2025-10-03,BHARTIARTL,Bharti Airtel,Telecom,2100.03,2105.43,2073.51,2099.75,1789073
2025-10-06,BHARTIARTL,Bharti Airtel,Telecom,2106.04,2124.54,2064.62,2097.33,3463163
2025-10-07,BHARTIARTL,Bharti Airtel,Telecom,2089.93,2108.62,2053.63,2092.5,3131745
2025-10-08,BHARTIARTL,Bharti Airtel,Telecom,2071.51,2113.78,2047.31,2081.03,3042336
2025-10-09,BHARTIARTL,Bharti Airtel,Telecom,2062.81,2073.43,2034.37,2042.81,2614293
2025-10-10,BHARTIARTL,Bharti Airtel,Telecom,1996.93,2035.4,1991.35,2000.52,2448436
2025-10-13,BHARTIARTL,Bharti Airtel,Telecom,2006.82,2052.93,1977.08,2018.04,9298892
2025-10-14,BHARTIARTL,Bharti Airtel,Telecom,2003.84,2014.28,1977.19,1998.85,4795278
2025-10-15,BHARTIARTL,Bharti Airtel,Telecom,2002.61,2024.94,1979.56,2011.03,3720453
2025-10-16,BHARTIARTL,Bharti Airtel,Telecom,1946.91,2011.91,1919.1,1979.79,2658548
2025-10-17,BHARTIARTL,Bharti Airtel,Telecom,1988.28,2022.94,1961.29,1987.04,4350223
2025-10-20,BHARTIARTL,Bharti Airtel,Telecom,2029.66,2051.82,1998.83,2034.45,3324063
2025-10-21,BHARTIARTL,Bharti Airtel,Telecom,2065.87,2079.21,2052.7,2056.72,2536292
2025-10-22,BHARTIARTL,Bharti Airtel,Telecom,2040.06,2062.59,2012.1,2042.28,2115582
2025-10-23,BHARTIARTL,Bharti Airtel,Telecom,2046.9,2078.6,2015.24,2052.55,2391178
2025-10-24,BHARTIARTL,Bharti Airtel,Telecom,2042.09,2056.03,2030.12,2044.48,437165
2025-10-27,BHARTIARTL,Bharti Airtel,Telecom,2058.18,2086.01,2021.27,2045.59,2807013
2025-10-28,BHARTIARTL,Bharti Airtel,Telecom,2031.9,2038.24,2019.02,2034.42,1911004
2025-10-29,BHARTIARTL,Bharti Airtel,Telecom,2011.57,2032.94,1976.79,2029.21,6002999
2025-10-30,BHARTIARTL,Bharti Airtel,Telecom,2032.3,2053.19,2029.11,2037.77,2526740
2025-10-31,BHARTIARTL,Bharti Airtel,Telecom,1990.66,2016.18,1969.05,2002.15,1299995
2025-11-03,BHARTIARTL,Bharti Airtel,Telecom,1969.14,1981.68,1958.81,1966.34,2432347
2025-11-04,BHARTIARTL,Bharti Airtel,Telecom,1909.39,1935.91,1884.36,1917.98,1406246
2025-11-05,BHARTIARTL,Bharti Airtel,Telecom,1860.38,1875.53,1852.96,1863.5,3243538
2025-11-06,BHARTIARTL,Bharti Airtel,Telecom,1833.88,1841.71,1814.3,1823.41,2933838
2025-11-07,BHARTIARTL,Bharti Airtel,Telecom,1825.89,1840.83,1808.72,1829.38,4233810
2025-11-10,BHARTIARTL,Bharti Airtel,Telecom,1811.49,1843.32,1770.91,1800.71,1618185
2025-11-11,BHARTIARTL,Bharti Airtel,Telecom,1825.01,1839.59,1809.72,1818.08,2547201
2025-11-12,BHARTIARTL,Bharti Airtel,Telecom,1817.88,1835.52,1811.6,1819.94,1180016
2025-11-13,BHARTIARTL,Bharti Airtel,Telecom,1753.06,1775.15,1728.69,1756.18,3677057
2025-11-14,BHARTIARTL,Bharti Airtel,Telecom,1790.37,1822.09,1760.69,1777.59,3325665
2025-11-17,BHARTIARTL,Bharti Airtel,Telecom,1792.91,1813.46,1763.32,1804.25,3283741
2025-11-18,BHARTIARTL,Bharti Airtel,Telecom,1766.63,1794.99,1760.46,1772.69,2502227
2025-11-19,BHARTIARTL,Bharti Airtel,Telecom,1794.39,1818.03,1765.4,1786.81,3140606
2025-11-20,BHARTIARTL,Bharti Airtel,Telecom,1776.36,1796.48,1751.25,1759.97,6041650
2025-11-21,BHARTIARTL,Bharti Airtel,Telecom,1765.31,1769.73,1757.31,1763.77,2137183
2025-11-24,BHARTIARTL,Bharti Airtel,Telecom,1728.96,1750.58,1702.57,1724.33,2698093
2025-11-25,BHARTIARTL,Bharti Airtel,Telecom,1668.24,1672.86,1649.73,1669.37,1375643
2025-11-26,BHARTIARTL,Bharti Airtel,Telecom,1662.15,1680.66,1635.59,1658.53,1550763
2025-11-27,BHARTIARTL,Bharti Airtel,Telecom,1675.69,1698.43,1645.14,1655.5,2638176
2025-11-28,BHARTIARTL,Bharti Airtel,Telecom,1648.15,1655.71,1630.15,1644.31,4588045
2025-12-01,BHARTIARTL,Bharti Airtel,Telecom,1612.88,1637.57,1597.22,1609.93,2171322
2025-12-02,BHARTIARTL,Bharti Airtel,Telecom,1592.93,1601.41,1564.68,1598.98,2195778
2025-12-03,BHARTIARTL,Bharti Airtel,Telecom,1614.14,1638.9,1597.78,1607.37,1998713
2025-12-04,BHARTIARTL,Bharti Airtel,Telecom,1590.7,1620.9,1581.13,1606.72,1862974
2025-12-05,BHARTIARTL,Bharti Airtel,Telecom,1631.35,1639.01,1601.31,1612.64,2940339
2025-12-08,BHARTIARTL,Bharti Airtel,Telecom,1581.39,1599.05,1564.63,1593.83,1097241
2025-12-09,BHARTIARTL,Bharti Airtel,Telecom,1630.28,1658.33,1619.47,1628.08,5057172
2025-12-10,BHARTIARTL,Bharti Airtel,Telecom,1586.09,1597.83,1559.82,1594.27,1733787
2025-12-11,BHARTIARTL,Bharti Airtel,Telecom,1608.13,1615.95,1599.25,1608.9,3718564
2025-12-12,BHARTIARTL,Bharti Airtel,Telecom,1632.6,1655.13,1606.11,1643.77,1243327
2025-12-15,BHARTIARTL,Bharti Airtel,Telecom,1662.52,1681.71,1654.08,1658.65,3611606
2025-12-16,BHARTIARTL,Bharti Airtel,Telecom,1664.24,1681.32,1633.16,1653.27,3617778
2025-12-17,BHARTIARTL,Bharti Airtel,Telecom,1624.37,1643.35,1597.7,1638.21,3088241
2025-12-18,BHARTIARTL,Bharti Airtel,Telecom,1670.56,1680.45,1662.96,1669.42,1446801
2025-12-19,BHARTIARTL,Bharti Airtel,Telecom,1625.17,1635.56,1596.79,1627.33,2867791
2025-12-22,BHARTIARTL,Bharti Airtel,Telecom,1587.8,1606.97,1573.98,1599.56,1304226
2025-12-23,BHARTIARTL,Bharti Airtel,Telecom,1598.65,1611.42,1561.62,1588.75,2175527
2025-12-24,BHARTIARTL,Bharti Airtel,Telecom,1619.0,1645.85,1598.75,1624.78,4403800
2025-12-25,BHARTIARTL,Bharti Airtel,Telecom,1642.35,1650.07,1626.51,1636.54,3874733
2025-12-26,BHARTIARTL,Bharti Airtel,Telecom,1609.95,1621.6,1601.92,1608.68,2520963
2025-12-29,BHARTIARTL,Bharti Airtel,Telecom,1599.64,1612.57,1589.78,1600.34,1462499
2025-12-30,BHARTIARTL,Bharti Airtel,Telecom,1597.66,1625.78,1579.19,1583.28,3565712
2025-12-31,BHARTIARTL,Bharti Airtel,Telecom,1571.03,1598.09,1558.3,1563.68,2526791
2025-01-02,ICICIBANK,ICICI Bank,Financials,1384.08,1402.26,1375.68,1390.02,2359756
2025-01-03,ICICIBANK,ICICI Bank,Financials,1390.19,1431.18,1385.81,1410.16,3501969
2025-01-06,ICICIBANK,ICICI Bank,Financials,1391.86,1433.81,1370.53,1410.11,2465190
2025-01-07,ICICIBANK,ICICI Bank,Financials,1447.15,1462.01,1430.88,1441.19,2218549
2025-01-08,ICICIBANK,ICICI Bank,Financials,1399.72,1430.66,1382.6,1413.35,2581561
2025-01-09,ICICIBANK,ICICI Bank,Financials,1330.05,1354.91,1318.07,1333.1,1793498
2025-01-10,ICICIBANK,ICICI Bank,Financials,1336.33,1343.92,1330.48,1340.33,2069956
2025-01-13,ICICIBANK,ICICI Bank,Financials,1361.73,1368.46,1332.77,1347.9,793822
2025-01-14,ICICIBANK,ICICI Bank,Financials,1308.76,1325.84,1304.77,1307.42,4270966
2025-01-15,ICICIBANK,ICICI Bank,Financials,1291.22,1310.59,1274.6,1284.92,2946533
2025-01-16,ICICIBANK,ICICI Bank,Financials,1342.49,1370.16,1328.67,1349.16,1633769
2025-01-17,ICICIBANK,ICICI Bank,Financials,1333.7,1353.09,1322.48,1342.27,7103552
2025-01-20,ICICIBANK,ICICI Bank,Financials,1377.62,1381.09,1341.8,1360.47,2622557
2025-01-21,ICICIBANK,ICICI Bank,Financials,1345.26,1356.62,1324.81,1345.08,1413984
2025-01-22,ICICIBANK,ICICI Bank,Financials,1286.35,1301.39,1268.2,1295.01,4004810
2025-01-23,ICICIBANK,ICICI Bank,Financials,1293.01,1300.7,1289.42,1291.56,3111849
2025-01-24,ICICIBANK,ICICI Bank,Financials,1280.3,1304.07,1274.8,1285.9,3105919
2025-01-27,ICICIBANK,ICICI Bank,Financials,1274.48,1280.08,1261.58,1277.16,1978076
2025-01-28,ICICIBANK,ICICI Bank,Financials,1272.43,1294.25,1250.93,1275.04,3202921
2025-01-29,ICICIBANK,ICICI Bank,Financials,1283.7,1294.32,1262.14,1281.61,2164790
2025-01-30,ICICIBANK,ICICI Bank,Financials,1288.06,1302.4,1259.07,1278.66,3394167
2025-01-31,ICICIBANK,ICICI Bank,Financials,1258.55,1261.73,1242.39,1250.08,876841
2025-02-03,ICICIBANK,ICICI Bank,Financials,1256.17,1270.02,1245.75,1261.52,1969264
2025-02-04,ICICIBANK,ICICI Bank,Financials,1217.62,1220.83,1206.66,1217.76,6446104
2025-02-05,ICICIBANK,ICICI Bank,Financials,1174.28,1194.65,1168.99,1173.3,1639520
2025-02-06,ICICIBANK,ICICI Bank,Financials,1192.42,1209.97,1187.57,1189.38,1793519
2025-02-07,ICICIBANK,ICICI Bank,Financials,1202.92,1213.52,1180.19,1200.71,1954065
2025-02-10,ICICIBANK,ICICI Bank,Financials,1192.46,1205.72,1186.39,1199.95,1281648
2025-02-11,ICICIBANK,ICICI Bank,Financials,1172.65,1192.43,1164.35,1170.29,742105
2025-02-12,ICICIBANK,ICICI Bank,Financials,1165.23,1173.22,1153.06,1155.85,2202224
2025-02-13,ICICIBANK,ICICI Bank,Financials,1145.73,1155.15,1126.5,1150.85,2693963
2025-02-14,ICICIBANK,ICICI Bank,Financials,1119.62,1131.46,1106.11,1118.25,2428837
2025-02-17,ICICIBANK,ICICI Bank,Financials,1103.61,1122.63,1089.99,1103.82,2308522
2025-02-18,ICICIBANK,ICICI Bank,Financials,1106.55,1118.41,1088.29,1117.22,2559887
2025-02-19,ICICIBANK,ICICI Bank,Financials,1146.51,1152.3,1138.49,1146.37,4387912
2025-02-20,ICICIBANK,ICICI Bank,Financials,1136.2,1157.47,1123.06,1138.17,2251384
2025-02-21,ICICIBANK,ICICI Bank,Financials,1162.35,1166.89,1152.21,1154.13,1823112
2025-02-24,ICICIBANK,ICICI Bank,Financials,1116.3,1119.56,1110.17,1114.83,2141853
2025-02-25,ICICIBANK,ICICI Bank,Financials,1124.39,1140.57,1107.38,1128.51,3438142
2025-02-26,ICICIBANK,ICICI Bank,Financials,1123.11,1140.69,1097.01,1112.63,5435249
2025-02-27,ICICIBANK,ICICI Bank,Financials,1117.88,1129.42,1110.1,1119.23,1769702
2025-02-28,ICICIBANK,ICICI Bank,Financials,1114.01,1134.64,1105.76,1114.68,2639803
2025-03-03,ICICIBANK,ICICI Bank,Financials,1141.34,1155.95,1129.85,1141.62,3011346
2025-03-04,ICICIBANK,ICICI Bank,Financials,1117.16,1126.65,1116.04,1124.11,1448274
2025-03-05,ICICIBANK,ICICI Bank,Financials,1134.98,1157.59,1129.19,1137.26,2528231
2025-03-06,ICICIBANK,ICICI Bank,Financials,1122.04,1140.97,1116.95,1131.99,1116467
2025-03-07,ICICIBANK,ICICI Bank,Financials,1135.99,1142.68,1123.28,1129.22,944889
2025-03-10,ICICIBANK,ICICI Bank,Financials,1125.02,1137.74,1108.48,1125.93,3058734
2025-03-11,ICICIBANK,ICICI Bank,Financials,1108.68,1116.09,1102.3,1109.25,2024169
2025-03-12,ICICIBANK,ICICI Bank,Financials,1116.57,1119.33,1104.69,1109.41,2794197
2025-03-13,ICICIBANK,ICICI Bank,Financials,1102.28,1109.74,1091.72,1108.6,2475515
2025-03-14,ICICIBANK,ICICI Bank,Financials,1098.53,1123.48,1081.27,1113.86,1461218
2025-03-17,ICICIBANK,ICICI Bank,Financials,1116.11,1133.11,1110.3,1116.0,2438543
2025-03-18,ICICIBANK,ICICI Bank,Financials,1129.05,1144.62,1126.42,1132.47,1268817
2025-03-19,ICICIBANK,ICICI Bank,Financials,1151.17,1172.47,1143.04,1151.75,5372672
2025-03-20,ICICIBANK,ICICI Bank,Financials,1135.29,1141.96,1114.93,1130.43,1185906
2025-03-21,ICICIBANK,ICICI Bank,Financials,1161.25,1167.95,1136.66,1148.56,2244782
2025-03-24,ICICIBANK,ICICI Bank,Financials,1129.28,1133.47,1107.76,1124.49,1409227
2025-03-25,ICICIBANK,ICICI Bank,Financials,1146.42,1150.76,1117.16,1136.84,3421306
2025-03-26,ICICIBANK,ICICI Bank,Financials,1138.34,1156.7,1121.86,1149.98,2083404
2025-03-27,ICICIBANK,ICICI Bank,Financials,1111.64,1127.74,1098.36,1110.88,1879534
2025-03-28,ICICIBANK,ICICI Bank,Financials,1115.49,1133.79,1102.73,1113.18,3997029
2025-03-31,ICICIBANK,ICICI Bank,Financials,1098.38,1123.65,1096.53,1104.24,2540796
2025-04-01,ICICIBANK,ICICI Bank,Financials,1096.98,1102.41,1070.28,1089.6,3321595
2025-04-02,ICICIBANK,ICICI Bank,Financials,1121.69,1139.62,1108.13,1116.53,1457265
2025-04-03,ICICIBANK,ICICI Bank,Financials,1103.39,1111.1,1099.43,1103.84,1154470
2025-04-04,ICICIBANK,ICICI Bank,Financials,1081.58,1091.43,1068.24,1088.26,2651843
2025-04-07,ICICIBANK,ICICI Bank,Financials,1086.9,1107.39,1080.56,1090.17,2097875
2025-04-08,ICICIBANK,ICICI Bank,Financials,1102.42,1117.11,1090.34,1104.06,3528348
2025-04-09,ICICIBANK,ICICI Bank,Financials,1101.17,1105.88,1089.09,1101.69,2392505
2025-04-10,ICICIBANK,ICICI Bank,Financials,1122.56,1134.61,1112.94,1125.26,2798496
2025-04-11,ICICIBANK,ICICI Bank,Financials,1135.09,1143.15,1117.82,1136.47,1023706
2025-04-14,ICICIBANK,ICICI Bank,Financials,1099.15,1114.02,1086.35,1092.36,7063431
2025-04-15,ICICIBANK,ICICI Bank,Financials,1082.09,1091.81,1072.75,1082.39,2284067
2025-04-16,ICICIBANK,ICICI Bank,Financials,1078.82,1098.05,1061.0,1071.87,3669162
2025-04-17,ICICIBANK,ICICI Bank,Financials,1081.03,1083.64,1067.75,1081.55,1578445
2025-04-18,ICICIBANK,ICICI Bank,Financials,1033.87,1041.14,1016.11,1030.88,2961500
2025-04-21,ICICIBANK,ICICI Bank,Financials,1062.41,1088.51,1054.22,1078.6,1221068
2025-04-22,ICICIBANK,ICICI Bank,Financials,1089.6,1100.01,1076.28,1089.34,3205692
2025-04-23,ICICIBANK,ICICI Bank,Financials,1101.98,1109.0,1088.8,1092.69,2055470
2025-04-24,ICICIBANK,ICICI Bank,Financials,1117.27,1132.24,1097.55,1116.37,2540460
2025-04-25,ICICIBANK,ICICI Bank,Financials,1160.3,1182.38,1151.58,1163.91,3669944
2025-04-28,ICICIBANK,ICICI Bank,Financials,1170.86,1202.67,1155.17,1182.62,1269208
2025-04-29,ICICIBANK,ICICI Bank,Financials,1207.56,1225.3,1201.67,1203.29,1715698
2025-04-30,ICICIBANK,ICICI Bank,Financials,1218.17,1237.0,1201.19,1206.6,3214973
2025-05-01,ICICIBANK,ICICI Bank,Financials,1198.14,1216.48,1187.02,1204.01,7927300
2025-05-02,ICICIBANK,ICICI Bank,Financials,1204.15,1222.27,1175.16,1194.18,2317167
2025-05-05,ICICIBANK,ICICI Bank,Financials,1179.99,1187.26,1165.17,1176.9,3460508
2025-05-06,ICICIBANK,ICICI Bank,Financials,1164.62,1173.67,1143.27,1162.82,2357157
2025-05-07,ICICIBANK,ICICI Bank,Financials,1135.49,1142.74,1124.54,1135.01,7275596
2025-05-08,ICICIBANK,ICICI Bank,Financials,1129.25,1144.06,1118.7,1133.92,956302
2025-05-09,ICICIBANK,ICICI Bank,Financials,1104.52,1110.98,1096.65,1099.99,2633548
2025-05-12,ICICIBANK,ICICI Bank,Financials,1106.02,1125.21,1088.04,1104.21,1022490
2025-05-13,ICICIBANK,ICICI Bank,Financials,1104.02,1111.0,1098.19,1103.93,629818
2025-05-14,ICICIBANK,ICICI Bank,Financials,1106.29,1110.24,1088.27,1107.29,2944369
2025-05-15,ICICIBANK,ICICI Bank,Financials,1096.68,1108.25,1078.6,1097.32,2699359
2025-05-16,ICICIBANK,ICICI Bank,Financials,1155.51,1160.82,1135.83,1158.54,2137486
2025-05-19,ICICIBANK,ICICI Bank,Financials,1181.38,1190.78,1169.75,1187.36,2358165
2025-05-20,ICICIBANK,ICICI Bank,Financials,1158.51,1166.73,1144.02,1161.24,13740606
2025-05-21,ICICIBANK,ICICI Bank,Financials,1163.41,1176.95,1146.84,1166.57,2169061
2025-05-22,ICICIBANK,ICICI Bank,Financials,1165.33,1175.08,1150.55,1154.27,3309705
2025-05-23,ICICIBANK,ICICI Bank,Financials,1133.31,1150.2,1120.6,1133.65,1749167
2025-05-26,ICICIBANK,ICICI Bank,Financials,1103.59,1121.78,1101.84,1106.76,2940761
2025-05-27,ICICIBANK,ICICI Bank,Financials,1110.96,1125.02,1100.45,1115.82,2192981
2025-05-28,ICICIBANK,ICICI Bank,Financials,1107.18,1114.56,1098.57,1102.58,1994723
2025-05-29,ICICIBANK,ICICI Bank,Financials,1126.68,1133.87,1117.61,1122.23,6798383
2025-05-30,ICICIBANK,ICICI Bank,Financials,1146.7,1162.93,1134.52,1142.75,4776664
2025-06-02,ICICIBANK,ICICI Bank,Financials,1167.71,1173.68,1157.96,1171.47,2695278
2025-06-03,ICICIBANK,ICICI Bank,Financials,1146.85,1155.37,1133.55,1153.96,703965
2025-06-04,ICICIBANK,ICICI Bank,Financials,1167.15,1184.1,1161.66,1164.3,2049786
2025-06-05,ICICIBANK,ICICI Bank,Financials,1171.64,1188.75,1160.43,1178.02,11055807
2025-06-06,ICICIBANK,ICICI Bank,Financials,1167.57,1172.2,1162.78,1168.43,2202133
2025-06-09,ICICIBANK,ICICI Bank,Financials,1153.53,1159.3,1140.27,1152.67,4586239
2025-06-10,ICICIBANK,ICICI Bank,Financials,1188.03,1208.05,1172.48,1186.53,5525418
2025-06-11,ICICIBANK,ICICI Bank,Financials,1186.54,1210.47,1174.13,1191.86,2819954
2025-06-12,ICICIBANK,ICICI Bank,Financials,1203.63,1221.74,1187.32,1205.98,1573478
2025-06-13,ICICIBANK,ICICI Bank,Financials,1172.6,1199.55,1164.74,1188.62,654992
2025-06-16,ICICIBANK,ICICI Bank,Financials,1168.98,1180.49,1146.72,1163.01,3642173
2025-06-17,ICICIBANK,ICICI Bank,Financials,1147.98,1171.79,1138.39,1151.55,1597076
2025-06-18,ICICIBANK,ICICI Bank,Financials,1153.1,1173.19,1138.83,1149.44,2754327
2025-06-19,ICICIBANK,ICICI Bank,Financials,1133.79,1139.08,1114.33,1127.88,1257203
2025-06-20,ICICIBANK,ICICI Bank,Financials,1128.21,1144.89,1126.65,1128.13,2160652
2025-06-23,ICICIBANK,ICICI Bank,Financials,1093.39,1099.06,1080.15,1094.3,2546796
2025-06-24,ICICIBANK,ICICI Bank,Financials,1054.21,1077.64,1042.07,1072.67,2897989
2025-06-25,ICICIBANK,ICICI Bank,Financials,1087.26,1100.84,1079.25,1086.05,1354102
2025-06-26,ICICIBANK,ICICI Bank,Financials,1105.79,1114.51,1095.59,1098.29,4828769
2025-06-27,ICICIBANK,ICICI Bank,Financials,1089.2,1109.35,1086.43,1090.98,1800381
2025-06-30,ICICIBANK,ICICI Bank,Financials,1084.94,1087.67,1053.55,1071.43,995343
2025-07-01,ICICIBANK,ICICI Bank,Financials,1052.63,1062.84,1038.67,1052.05,2354498
2025-07-02,ICICIBANK,ICICI Bank,Financials,1045.3,1062.77,1042.0,1045.4,2547715
2025-07-03,ICICIBANK,ICICI Bank,Financials,1052.93,1075.27,1045.49,1057.95,2730855
2025-07-04,ICICIBANK,ICICI Bank,Financials,1069.8,1079.99,1057.95,1076.05,5288124
2025-07-07,ICICIBANK,ICICI Bank,Financials,1070.09,1077.83,1050.64,1066.86,2195135
2025-07-08,ICICIBANK,ICICI Bank,Financials,1046.08,1058.14,1043.32,1045.14,2340816
2025-07-09,ICICIBANK,ICICI Bank,Financials,1055.44,1059.36,1045.32,1050.59,1362797
2025-07-10,ICICIBANK,ICICI Bank,Financials,1042.5,1060.69,1018.74,1035.44,3925898
2025-07-11,ICICIBANK,ICICI Bank,Financials,1024.29,1043.18,1023.11,1026.19,2766715
2025-07-14,ICICIBANK,ICICI Bank,Financials,1059.18,1063.24,1046.44,1051.08,1984318
2025-07-15,ICICIBANK,ICICI Bank,Financials,1069.82,1073.09,1048.69,1067.15,876971
2025-07-16,ICICIBANK,ICICI Bank,Financials,1077.05,1079.69,1058.38,1070.62,5532929
2025-07-17,ICICIBANK,ICICI Bank,Financials,1043.09,1063.76,1037.41,1046.53,1272605
2025-07-18,ICICIBANK,ICICI Bank,Financials,1039.7,1055.44,1037.47,1050.93,1805951
2025-07-21,ICICIBANK,ICICI Bank,Financials,1079.89,1088.61,1069.87,1071.46,3044632
2025-07-22,ICICIBANK,ICICI Bank,Financials,1076.61,1085.9,1059.15,1064.64,1294576
2025-07-23,ICICIBANK,ICICI Bank,Financials,1091.78,1103.99,1073.52,1090.96,1099505
2025-07-24,ICICIBANK,ICICI Bank,Financials,1116.67,1119.26,1107.66,1116.78,777337
2025-07-25,ICICIBANK,ICICI Bank,Financials,1149.16,1156.26,1133.94,1150.67,3716710
2025-07-28,ICICIBANK,ICICI Bank,Financials,1160.56,1180.1,1138.23,1157.45,1852318
2025-07-29,ICICIBANK,ICICI Bank,Financials,1171.56,1190.83,1160.87,1170.15,12507009
2025-07-30,ICICIBANK,ICICI Bank,Financials,1197.77,1217.55,1192.68,1200.41,1446859
2025-07-31,ICICIBANK,ICICI Bank,Financials,1203.05,1212.17,1191.27,1210.56,1506053
2025-08-01,ICICIBANK,ICICI Bank,Financials,1214.36,1222.33,1180.39,1200.12,1831846
2025-08-04,ICICIBANK,ICICI Bank,Financials,1193.55,1207.49,1173.43,1190.91,2857693
2025-08-05,ICICIBANK,ICICI Bank,Financials,1194.97,1203.29,1192.43,1196.5,1930306
2025-08-06,ICICIBANK,ICICI Bank,Financials,1175.66,1195.01,1154.25,1169.18,3501086
2025-08-07,ICICIBANK,ICICI Bank,Financials,1154.64,1180.37,1142.26,1166.64,1459460
2025-08-08,ICICIBANK,ICICI Bank,Financials,1194.68,1197.34,1170.58,1190.13,1169311
2025-08-11,ICICIBANK,ICICI Bank,Financials,1143.95,1162.77,1140.14,1143.66,929854
2025-08-12,ICICIBANK,ICICI Bank,Financials,1171.8,1196.03,1159.99,1175.71,735889
2025-08-13,ICICIBANK,ICICI Bank,Financials,1204.2,1207.0,1180.79,1199.93,1880152
2025-08-14,ICICIBANK,ICICI Bank,Financials,1203.82,1215.92,1180.99,1190.48,2118591
2025-08-15,ICICIBANK,ICICI Bank,Financials,1205.7,1213.13,1191.55,1202.6,1766500
2025-08-18,ICICIBANK,ICICI Bank,Financials,1195.77,1212.39,1193.14,1203.15,4953844
2025-08-19,ICICIBANK,ICICI Bank,Financials,1232.76,1237.76,1223.22,1230.27,4912128
2025-08-20,ICICIBANK,ICICI Bank,Financials,1258.92,1272.55,1244.36,1252.52,2079544
2025-08-21,ICICIBANK,ICICI Bank,Financials,1214.71,1242.57,1193.98,1221.46,932052
2025-08-22,ICICIBANK,ICICI Bank,Financials,1237.32,1249.13,1227.69,1234.86,1830525
2025-08-25,ICICIBANK,ICICI Bank,Financials,1234.56,1237.54,1219.91,1230.78,1797485
2025-08-26,ICICIBANK,ICICI Bank,Financials,1232.01,1247.34,1216.71,1233.11,1741708
2025-08-27,ICICIBANK,ICICI Bank,Financials,1211.84,1225.7,1207.28,1217.44,1703262
2025-08-28,ICICIBANK,ICICI Bank,Financials,1238.54,1275.77,1227.06,1256.24,1745229
2025-08-29,ICICIBANK,ICICI Bank,Financials,1273.93,1291.0,1256.67,1280.26,2021202
2025-09-01,ICICIBANK,ICICI Bank,Financials,1254.99,1269.13,1235.24,1263.72,1762517
2025-09-02,ICICIBANK,ICICI Bank,Financials,1237.63,1242.88,1219.5,1233.87,2803498
2025-09-03,ICICIBANK,ICICI Bank,Financials,1233.39,1250.74,1210.63,1225.8,3048024
2025-09-04,ICICIBANK,ICICI Bank,Financials,1235.41,1242.69,1231.52,1235.87,1515031
2025-09-05,ICICIBANK,ICICI Bank,Financials,1240.91,1259.15,1219.72,1241.71,5029782
2025-09-08,ICICIBANK,ICICI Bank,Financials,1278.49,1284.24,1266.08,1270.22,1458278
2025-09-09,ICICIBANK,ICICI Bank,Financials,1290.14,1298.49,1270.53,1288.79,1026854
2025-09-10,ICICIBANK,ICICI Bank,Financials,1308.66,1323.49,1301.46,1311.79,3082431
2025-09-11,ICICIBANK,ICICI Bank,Financials,1317.19,1342.52,1294.97,1320.04,1594748
2025-09-12,ICICIBANK,ICICI Bank,Financials,1283.67,1309.24,1266.68,1287.55,2983213
2025-09-15,ICICIBANK,ICICI Bank,Financials,1281.3,1289.33,1263.6,1283.53,666492
2025-09-16,ICICIBANK,ICICI Bank,Financials,1312.53,1321.84,1302.36,1308.54,5377058
2025-09-17,ICICIBANK,ICICI Bank,Financials,1311.89,1316.54,1296.69,1307.85,3618472
2025-09-18,ICICIBANK,ICICI Bank,Financials,1329.78,1342.64,1305.03,1320.22,1095300
2025-09-19,ICICIBANK,ICICI Bank,Financials,1299.26,1324.76,1280.95,1313.17,1108450
2025-09-22,ICICIBANK,ICICI Bank,Financials,1289.25,1310.39,1285.68,1289.35,6271634
2025-09-23,ICICIBANK,ICICI Bank,Financials,1288.74,1310.41,1264.66,1287.01,1666510
2025-09-24,ICICIBANK,ICICI Bank,Financials,1301.93,1311.73,1273.79,1294.68,1580101
2025-09-25,ICICIBANK,ICICI Bank,Financials,1257.76,1291.9,1250.72,1279.92,718896
2025-09-26,ICICIBANK,ICICI Bank,Financials,1283.26,1304.1,1255.89,1275.0,2061353
2025-09-29,ICICIBANK,ICICI Bank,Financials,1257.18,1275.68,1241.64,1253.95,2205700
2025-09-30,ICICIBANK,ICICI Bank,Financials,1276.53,1281.07,1265.23,1279.71,3705476
2025-10-01,ICICIBANK,ICICI Bank,Financials,1268.87,1281.64,1260.82,1273.44,1158119
2025-10-02,ICICIBANK,ICICI Bank,Financials,1299.78,1317.93,1285.64,1307.25,1083431
2025-10-03,ICICIBANK,ICICI Bank,Financials,1329.33,1350.34,1311.5,1343.75,3203744
2025-10-06,ICICIBANK,ICICI Bank,Financials,1338.26,1348.22,1327.57,1342.32,4349201
2025-10-07,ICICIBANK,ICICI Bank,Financials,1326.9,1329.08,1303.07,1318.49,1053541
2025-10-08,ICICIBANK,ICICI Bank,Financials,1271.48,1286.66,1253.16,1269.52,4531819
2025-10-09,ICICIBANK,ICICI Bank,Financials,1234.11,1243.14,1217.95,1236.39,2552156
2025-10-10,ICICIBANK,ICICI Bank,Financials,1191.52,1208.59,1189.28,1206.31,4557543
2025-10-13,ICICIBANK,ICICI Bank,Financials,1247.18,1253.33,1217.41,1236.72,2405287
2025-10-14,ICICIBANK,ICICI Bank,Financials,1230.91,1257.94,1220.09,1239.79,624401
2025-10-15,ICICIBANK,ICICI Bank,Financials,1247.64,1268.31,1240.82,1248.98,2299539
2025-10-16,ICICIBANK,ICICI Bank,Financials,1193.56,1210.62,1187.47,1199.56,4478865
2025-10-17,ICICIBANK,ICICI Bank,Financials,1174.9,1184.38,1163.36,1174.18,1529178
2025-10-20,ICICIBANK,ICICI Bank,Financials,1199.46,1220.6,1174.21,1193.4,2019621
2025-10-21,ICICIBANK,ICICI Bank,Financials,1194.65,1205.33,1185.77,1200.03,2269177
2025-10-22,ICICIBANK,ICICI Bank,Financials,1192.65,1202.92,1176.26,1197.33,507406
2025-10-23,ICICIBANK,ICICI Bank,Financials,1202.97,1217.2,1199.79,1209.99,6268467
2025-10-24,ICICIBANK,ICICI Bank,Financials,1246.2,1251.1,1234.77,1246.1,1522774
2025-10-27,ICICIBANK,ICICI Bank,Financials,1246.12,1255.41,1219.46,1241.64,3301725
2025-10-28,ICICIBANK,ICICI Bank,Financials,1255.43,1276.12,1226.15,1243.69,2383583
2025-10-29,ICICIBANK,ICICI Bank,Financials,1242.39,1262.8,1236.7,1248.49,4992721
2025-10-30,ICICIBANK,ICICI Bank,Financials,1299.45,1313.18,1287.07,1302.75,3125585
2025-10-31,ICICIBANK,ICICI Bank,Financials,1261.35,1282.65,1247.81,1254.04,2196977
2025-11-03,ICICIBANK,ICICI Bank,Financials,1274.08,1276.41,1259.86,1269.97,1529372
2025-11-04,ICICIBANK,ICICI Bank,Financials,1271.41,1277.23,1249.77,1267.85,3877182
2025-11-05,ICICIBANK,ICICI Bank,Financials,1292.8,1306.53,1263.21,1281.29,892166
2025-11-06,ICICIBANK,ICICI Bank,Financials,1272.89,1287.48,1260.47,1266.64,3566306
2025-11-07,ICICIBANK,ICICI Bank,Financials,1274.71,1276.84,1244.92,1266.03,1365903
2025-11-10,ICICIBANK,ICICI Bank,Financials,1285.94,1296.03,1268.55,1282.75,4978092
2025-11-11,ICICIBANK,ICICI Bank,Financials,1361.17,1377.56,1345.03,1355.14,2731922
2025-11-12,ICICIBANK,ICICI Bank,Financials,1388.95,1406.82,1362.28,1375.39,3562842
2025-11-13,ICICIBANK,ICICI Bank,Financials,1338.7,1371.0,1323.59,1354.95,2615315
2025-11-14,ICICIBANK,ICICI Bank,Financials,1335.12,1353.83,1321.08,1345.16,953594
2025-11-17,ICICIBANK,ICICI Bank,Financials,1340.98,1344.46,1322.34,1334.71,1557200
2025-11-18,ICICIBANK,ICICI Bank,Financials,1290.0,1302.78,1277.64,1292.11,3618663
2025-11-19,ICICIBANK,ICICI Bank,Financials,1281.74,1289.05,1276.61,1284.95,2739982
2025-11-20,ICICIBANK,ICICI Bank,Financials,1293.17,1324.7,1274.01,1302.41,4786670
2025-11-21,ICICIBANK,ICICI Bank,Financials,1279.34,1290.96,1260.06,1273.06,3120807
2025-11-24,ICICIBANK,ICICI Bank,Financials,1289.15,1305.89,1284.99,1297.6,1469033
2025-11-25,ICICIBANK,ICICI Bank,Financials,1313.83,1332.26,1291.14,1309.51,1613580
2025-11-26,ICICIBANK,ICICI Bank,Financials,1303.17,1315.5,1270.94,1292.72,2645593
2025-11-27,ICICIBANK,ICICI Bank,Financials,1284.37,1298.04,1262.4,1289.95,700169
2025-11-28,ICICIBANK,ICICI Bank,Financials,1317.37,1347.23,1307.79,1327.58,6275692
2025-12-01,ICICIBANK,ICICI Bank,Financials,1325.06,1366.82,1320.68,1345.64,3187546
2025-12-02,ICICIBANK,ICICI Bank,Financials,1356.15,1373.02,1333.18,1346.39,4909439
2025-12-03,ICICIBANK,ICICI Bank,Financials,1335.56,1343.58,1331.67,1341.17,1048078
2025-12-04,ICICIBANK,ICICI Bank,Financials,1346.86,1361.18,1320.88,1343.55,4957004
2025-12-05,ICICIBANK,ICICI Bank,Financials,1325.48,1350.32,1320.02,1331.71,8530219
2025-12-08,ICICIBANK,ICICI Bank,Financials,1293.2,1297.5,1275.0,1281.79,1209017
2025-12-09,ICICIBANK,ICICI Bank,Financials,1339.57,1346.12,1318.9,1329.42,3821189
2025-12-10,ICICIBANK,ICICI Bank,Financials,1339.91,1361.35,1323.65,1333.67,2501526
2025-12-11,ICICIBANK,ICICI Bank,Financials,1343.13,1345.57,1323.64,1343.76,1069137
2025-12-12,ICICIBANK,ICICI Bank,Financials,1348.09,1366.68,1331.14,1342.9,3278470
2025-12-15,ICICIBANK,ICICI Bank,Financials,1320.45,1337.67,1315.29,1325.67,3954177
2025-12-16,ICICIBANK,ICICI Bank,Financials,1313.67,1333.12,1306.39,1321.76,1796196
2025-12-17,ICICIBANK,ICICI Bank,Financials,1279.63,1285.68,1267.28,1284.24,4747151
2025-12-18,ICICIBANK,ICICI Bank,Financials,1324.52,1357.36,1319.88,1337.39,999570
2025-12-19,ICICIBANK,ICICI Bank,Financials,1304.95,1317.52,1290.08,1308.21,1098751
2025-12-22,ICICIBANK,ICICI Bank,Financials,1293.88,1307.06,1270.79,1284.43,2695056
2025-12-23,ICICIBANK,ICICI Bank,Financials,1264.42,1290.72,1247.79,1274.76,2535149
2025-12-24,ICICIBANK,ICICI Bank,Financials,1309.58,1326.54,1282.72,1304.83,1685690
2025-12-25,ICICIBANK,ICICI Bank,Financials,1298.6,1328.22,1277.16,1305.69,3902306
2025-12-26,ICICIBANK,ICICI Bank,Financials,1265.22,1289.98,1243.6,1277.16,3347730
2025-12-29,ICICIBANK,ICICI Bank,Financials,1302.94,1316.69,1296.22,1306.51,4007899
2025-12-30,ICICIBANK,ICICI Bank,Financials,1336.22,1359.22,1319.94,1324.22,2336293
2025-12-31,ICICIBANK,ICICI Bank,Financials,1345.0,1361.02,1329.38,1337.59,3482358
2025-01-02,INFY,Infosys,IT,1838.83,1867.9,1833.97,1835.9,1109984
2025-01-03,INFY,Infosys,IT,1888.98,1912.64,1879.13,1904.51,6748745
2025-01-06,INFY,Infosys,IT,1864.0,1882.4,1832.74,1877.41,1764717
2025-01-07,INFY,Infosys,IT,1949.69,1981.39,1916.47,1949.31,2370433
2025-01-08,INFY,Infosys,IT,1952.33,1965.9,1925.46,1951.31,4359043
2025-01-09,INFY,Infosys,IT,1882.55,1923.53,1856.16,1903.78,17413940
2025-01-10,INFY,Infosys,IT,1945.34,1965.3,1940.37,1951.42,1260896
2025-01-13,INFY,Infosys,IT,1960.48,1966.63,1937.58,1956.63,3201744
2025-01-14,INFY,Infosys,IT,2004.54,2026.62,1977.57,1987.38,1694075
2025-01-15,INFY,Infosys,IT,2027.17,2052.13,2018.9,2031.96,1858846
2025-01-16,INFY,Infosys,IT,2035.01,2054.24,2004.94,2045.13,1682320
2025-01-17,INFY,Infosys,IT,2031.85,2049.49,2017.48,2024.15,1346058
2025-01-20,INFY,Infosys,IT,2056.92,2090.49,2038.47,2060.51,2443864
2025-01-21,INFY,Infosys,IT,2065.87,2088.67,2026.41,2061.36,1111059
2025-01-22,INFY,Infosys,IT,2089.94,2095.48,2078.95,2087.63,4208199
2025-01-23,INFY,Infosys,IT,2037.96,2058.98,1972.15,2007.54,2576784
2025-01-24,INFY,Infosys,IT,2027.19,2053.44,1988.25,2024.49,3153869
2025-01-27,INFY,Infosys,IT,1990.46,2031.01,1969.66,2002.03,1934573
2025-01-28,INFY,Infosys,IT,2070.26,2094.47,2054.38,2062.41,2042814
2025-01-29,INFY,Infosys,IT,2085.71,2093.87,2072.42,2086.37,2928384
2025-01-30,INFY,Infosys,IT,2105.76,2133.29,2078.99,2096.21,1317930
2025-01-31,INFY,Infosys,IT,2110.83,2141.87,2097.62,2115.4,2053192
2025-02-03,INFY,Infosys,IT,2080.93,2083.88,2066.23,2078.23,1558156
2025-02-04,INFY,Infosys,IT,2151.91,2169.12,2102.28,2139.78,1531852
2025-02-05,INFY,Infosys,IT,2199.75,2232.1,2191.81,2217.34,783393
2025-02-06,INFY,Infosys,IT,2221.52,2261.56,2191.61,2233.91,5222208
2025-02-07,INFY,Infosys,IT,2307.12,2317.91,2296.44,2298.75,1713767
2025-02-10,INFY,Infosys,IT,2269.34,2301.26,2244.07,2276.12,4740523
2025-02-11,INFY,Infosys,IT,2237.16,2281.46,2200.09,2244.37,4500221
2025-02-12,INFY,Infosys,IT,2238.3,2279.64,2225.1,2246.92,1232433
2025-02-13,INFY,Infosys,IT,2288.68,2326.82,2256.0,2265.41,1373915
2025-02-14,INFY,Infosys,IT,2236.74,2289.94,2209.73,2250.25,10222256
2025-02-17,INFY,Infosys,IT,2280.73,2283.43,2243.13,2272.94,6548919
2025-02-18,INFY,Infosys,IT,2291.3,2317.85,2257.35,2286.38,2457035
2025-02-19,INFY,Infosys,IT,2211.21,2264.22,2197.0,2246.21,2880160
2025-02-20,INFY,Infosys,IT,2263.98,2303.51,2252.01,2268.08,1767074
2025-02-21,INFY,Infosys,IT,2309.6,2321.79,2264.5,2304.24,3171119
2025-02-24,INFY,Infosys,IT,2343.28,2384.71,2273.67,2312.28,1685126
2025-02-25,INFY,Infosys,IT,2341.65,2388.17,2321.11,2361.18,817500
2025-02-26,INFY,Infosys,IT,2329.18,2362.93,2274.84,2310.38,1208566
2025-02-27,INFY,Infosys,IT,2344.88,2350.64,2310.51,2330.77,2529171
2025-02-28,INFY,Infosys,IT,2287.15,2296.57,2263.85,2282.6,1342057
2025-03-03,INFY,Infosys,IT,2218.88,2268.83,2210.75,2237.74,2409184
2025-03-04,INFY,Infosys,IT,2203.0,2216.26,2184.83,2213.22,1384345
2025-03-05,INFY,Infosys,IT,2178.64,2211.07,2154.51,2176.58,1625793
2025-03-06,INFY,Infosys,IT,2152.0,2158.64,2149.02,2155.98,3996950
2025-03-07,INFY,Infosys,IT,2156.3,2182.54,2130.16,2148.53,2864532
2025-03-10,INFY,Infosys,IT,2179.94,2197.49,2148.8,2181.76,2486746
2025-03-11,INFY,Infosys,IT,2169.07,2194.75,2141.83,2170.02,4054068
2025-03-12,INFY,Infosys,IT,2096.77,2136.02,2072.03,2108.96,3256410
2025-03-13,INFY,Infosys,IT,2140.66,2167.77,2105.42,2153.08,5539479
2025-03-14,INFY,Infosys,IT,2115.23,2127.51,2112.47,2121.5,1941319
2025-03-17,INFY,Infosys,IT,2124.72,2129.36,2097.91,2120.11,1973860
2025-03-18,INFY,Infosys,IT,2128.52,2161.54,2097.9,2137.99,1222234
2025-03-19,INFY,Infosys,IT,2147.72,2168.87,2124.63,2146.53,1974571
2025-03-20,INFY,Infosys,IT,2203.97,2233.99,2175.42,2189.67,4249979
2025-03-21,INFY,Infosys,IT,2214.78,2236.19,2202.09,2209.42,5110431
2025-03-24,INFY,Infosys,IT,2174.95,2193.85,2139.96,2176.05,4239556
2025-03-25,INFY,Infosys,IT,2249.97,2279.83,2229.71,2262.25,931913
2025-03-26,INFY,Infosys,IT,2273.58,2276.87,2234.9,2271.07,4535886
2025-03-27,INFY,Infosys,IT,2282.52,2297.82,2241.12,2265.96,909468
2025-03-28,INFY,Infosys,IT,2305.39,2346.75,2276.67,2306.18,4097001
2025-03-31,INFY,Infosys,IT,2315.88,2354.19,2281.9,2317.46,2042162
2025-04-01,INFY,Infosys,IT,2332.44,2350.45,2303.97,2335.04,3679158
2025-04-02,INFY,Infosys,IT,2427.32,2467.55,2408.47,2440.72,1201347
2025-04-03,INFY,Infosys,IT,2414.85,2467.03,2391.34,2429.61,4760881
2025-04-04,INFY,Infosys,IT,2425.33,2445.95,2381.28,2416.68,1116897
2025-04-07,INFY,Infosys,IT,2431.71,2434.89,2404.91,2422.72,1730898
2025-04-08,INFY,Infosys,IT,2485.93,2491.57,2451.65,2470.42,1443886
2025-04-09,INFY,Infosys,IT,2394.38,2427.68,2388.09,2404.41,952594
2025-04-10,INFY,Infosys,IT,2300.31,2360.87,2262.25,2320.31,2633413
2025-04-11,INFY,Infosys,IT,2301.07,2330.48,2290.86,2296.72,6750656
2025-04-14,INFY,Infosys,IT,2233.32,2238.25,2203.28,2230.09,10838326
2025-04-15,INFY,Infosys,IT,2194.61,2223.27,2177.0,2213.92,2637222
2025-04-16,INFY,Infosys,IT,2228.08,2266.37,2210.48,2234.84,4620326
2025-04-17,INFY,Infosys,IT,2194.15,2233.57,2166.61,2199.9,2840394
2025-04-18,INFY,Infosys,IT,2159.71,2184.55,2139.69,2144.28,3289305
2025-04-21,INFY,Infosys,IT,2139.1,2173.49,2115.37,2147.81,2071160
2025-04-22,INFY,Infosys,IT,2194.25,2197.5,2151.2,2182.02,2783149
2025-04-23,INFY,Infosys,IT,2130.82,2162.96,2084.4,2116.32,3359875
2025-04-24,INFY,Infosys,IT,2152.89,2183.89,2140.03,2148.41,1818728
2025-04-25,INFY,Infosys,IT,2188.57,2200.39,2145.42,2180.88,2395684
2025-04-28,INFY,Infosys,IT,2222.16,2251.15,2192.23,2219.2,2420935
2025-04-29,INFY,Infosys,IT,2288.55,2299.2,2232.48,2268.76,3938549
2025-04-30,INFY,Infosys,IT,2346.1,2363.57,2324.4,2359.59,1390930
2025-05-01,INFY,Infosys,IT,2329.65,2355.78,2305.85,2345.41,2430124
2025-05-02,INFY,Infosys,IT,2378.77,2388.37,2311.9,2350.98,7155589
2025-05-05,INFY,Infosys,IT,2320.67,2350.03,2282.85,2334.3,4742307
2025-05-06,INFY,Infosys,IT,2346.72,2365.77,2315.19,2335.31,5250583
2025-05-07,INFY,Infosys,IT,2388.4,2423.84,2374.87,2400.68,2533820
2025-05-08,INFY,Infosys,IT,2344.48,2365.83,2325.51,2343.52,2982731
2025-05-09,INFY,Infosys,IT,2307.74,2321.07,2290.22,2308.14,4338465
2025-05-12,INFY,Infosys,IT,2368.91,2372.45,2352.37,2366.28,5896926
2025-05-13,INFY,Infosys,IT,2393.26,2437.88,2379.94,2410.67,854626
2025-05-14,INFY,Infosys,IT,2413.83,2432.48,2358.41,2395.88,1212637
2025-05-15,INFY,Infosys,IT,2424.84,2448.47,2419.53,2433.68,5137080
2025-05-16,INFY,Infosys,IT,2433.52,2488.15,2403.06,2449.6,2146849
2025-05-19,INFY,Infosys,IT,2505.96,2551.2,2496.09,2516.73,1727792
2025-05-20,INFY,Infosys,IT,2486.43,2560.4,2469.39,2521.12,1254205
2025-05-21,INFY,Infosys,IT,2576.85,2601.11,2563.41,2568.67,1842330
2025-05-22,INFY,Infosys,IT,2676.48,2700.53,2661.52,2691.85,1156025
2025-05-23,INFY,Infosys,IT,2723.64,2758.6,2683.63,2721.91,7896286
2025-05-26,INFY,Infosys,IT,2705.39,2737.69,2661.98,2725.41,2469339
2025-05-27,INFY,Infosys,IT,2762.07,2785.55,2748.78,2761.95,2421574
2025-05-28,INFY,Infosys,IT,2751.29,2757.08,2720.51,2744.89,3454690
2025-05-29,INFY,Infosys,IT,2841.7,2907.02,2816.14,2863.97,4244315
2025-05-30,INFY,Infosys,IT,2882.9,2891.96,2828.84,2874.4,4206072
2025-06-02,INFY,Infosys,IT,2885.89,2933.08,2821.46,2861.43,4512190
2025-06-03,INFY,Infosys,IT,2828.3,2872.68,2792.12,2819.53,1767075
2025-06-04,INFY,Infosys,IT,2865.7,2901.94,2830.16,2876.34,2122222
2025-06-05,INFY,Infosys,IT,2898.19,2962.3,2853.54,2922.39,3816211
2025-06-06,INFY,Infosys,IT,2895.47,2930.81,2892.1,2897.4,1870539
2025-06-09,INFY,Infosys,IT,2905.64,2971.53,2882.83,2928.62,2492988
2025-06-10,INFY,Infosys,IT,2873.69,2897.66,2803.46,2850.27,3113074
2025-06-11,INFY,Infosys,IT,2868.53,2909.72,2822.03,2860.9,3850267
2025-06-12,INFY,Infosys,IT,2890.36,2915.98,2855.85,2885.36,940415
2025-06-13,INFY,Infosys,IT,2977.23,3027.84,2945.42,2975.19,3703953
2025-06-16,INFY,Infosys,IT,2933.62,2962.3,2913.34,2935.1,2198427
2025-06-17,INFY,Infosys,IT,2856.89,2894.16,2828.75,2868.73,3689136
2025-06-18,INFY,Infosys,IT,2831.2,2871.82,2789.36,2823.64,3832828
2025-06-19,INFY,Infosys,IT,2754.54,2798.1,2732.2,2756.84,6053544
2025-06-20,INFY,Infosys,IT,2825.04,2854.49,2787.16,2824.27,5262942
2025-06-23,INFY,Infosys,IT,2920.35,2932.2,2858.71,2904.13,5243059
2025-06-24,INFY,Infosys,IT,2924.03,2950.2,2911.43,2922.03,5530672
2025-06-25,INFY,Infosys,IT,2990.01,3042.21,2961.52,2987.44,2934535
2025-06-26,INFY,Infosys,IT,2998.8,3040.19,2972.06,2995.83,2544648
2025-06-27,INFY,Infosys,IT,2991.33,3036.15,2953.38,2991.9,4040385
2025-06-30,INFY,Infosys,IT,2973.82,2979.8,2958.21,2975.17,3739437
2025-07-01,INFY,Infosys,IT,2967.43,2994.0,2924.56,2959.73,2109190
2025-07-02,INFY,Infosys,IT,2856.64,2912.98,2811.17,2878.46,3123467
2025-07-03,INFY,Infosys,IT,2913.75,2957.77,2869.84,2893.3,2452205
2025-07-04,INFY,Infosys,IT,2904.92,2910.26,2844.67,2892.36,1563032
2025-07-07,INFY,Infosys,IT,2884.21,2977.75,2832.63,2932.32,5083724
2025-07-08,INFY,Infosys,IT,2956.84,2987.37,2930.19,2938.43,2577062
2025-07-09,INFY,Infosys,IT,2955.0,2967.87,2916.46,2931.0,7714334
2025-07-10,INFY,Infosys,IT,2873.55,2904.66,2824.25,2886.21,1022519
2025-07-11,INFY,Infosys,IT,2927.6,2944.56,2841.12,2891.11,1840546
2025-07-14,INFY,Infosys,IT,2934.83,2964.25,2922.89,2930.69,2545283
2025-07-15,INFY,Infosys,IT,2835.04,2876.94,2831.49,2871.54,4673229
2025-07-16,INFY,Infosys,IT,2904.13,2914.87,2866.46,2877.21,3114282
2025-07-17,INFY,Infosys,IT,2925.22,2968.56,2838.6,2890.43,2965515
2025-07-18,INFY,Infosys,IT,2880.14,2889.51,2842.64,2854.23,1344867
2025-07-21,INFY,Infosys,IT,2810.02,2839.21,2783.21,2825.17,1323094
2025-07-22,INFY,Infosys,IT,2819.0,2862.74,2775.53,2838.03,2985204
2025-07-23,INFY,Infosys,IT,2789.84,2817.16,2777.52,2781.26,1180611
2025-07-24,INFY,Infosys,IT,2788.46,2839.04,2757.02,2799.89,1865926
2025-07-25,INFY,Infosys,IT,2733.09,2779.6,2717.49,2755.89,3292987
2025-07-28,INFY,Infosys,IT,2779.9,2850.25,2736.37,2809.72,1456465
2025-07-29,INFY,Infosys,IT,2933.41,2967.18,2912.03,2929.08,6045030
2025-07-30,INFY,Infosys,IT,2925.26,2933.81,2848.3,2884.86,4901080
2025-07-31,INFY,Infosys,IT,2928.18,2938.89,2877.45,2913.76,1053385
2025-08-01,INFY,Infosys,IT,2884.19,2908.51,2863.1,2876.81,1497035
2025-08-04,INFY,Infosys,IT,2936.42,2959.17,2927.2,2931.86,711139
2025-08-05,INFY,Infosys,IT,2869.5,2908.64,2843.46,2866.26,1625581
2025-08-06,INFY,Infosys,IT,2872.92,2923.65,2855.92,2892.2,3810667
2025-08-07,INFY,Infosys,IT,2826.3,2869.55,2784.61,2847.91,1991022
2025-08-08,INFY,Infosys,IT,2841.37,2852.46,2796.98,2838.44,3221120
2025-08-11,INFY,Infosys,IT,2768.65,2800.43,2744.37,2786.9,1082211
2025-08-12,INFY,Infosys,IT,2823.21,2859.78,2791.28,2829.27,3877447
2025-08-13,INFY,Infosys,IT,2786.7,2810.63,2755.28,2787.77,1842237
2025-08-14,INFY,Infosys,IT,2801.35,2844.06,2759.16,2816.59,2516789
2025-08-15,INFY,Infosys,IT,2799.06,2811.19,2776.03,2800.27,2375504
2025-08-18,INFY,Infosys,IT,2761.52,2829.92,2745.83,2795.62,1242268
2025-08-19,INFY,Infosys,IT,2828.58,2872.41,2788.73,2804.17,1325903
2025-08-20,INFY,Infosys,IT,2775.42,2790.37,2738.85,2766.84,4257055
2025-08-21,INFY,Infosys,IT,2780.54,2806.55,2754.43,2778.42,3113465
2025-08-22,INFY,Infosys,IT,2848.56,2906.29,2824.4,2856.07,4454067
2025-08-25,INFY,Infosys,IT,2795.94,2835.99,2788.81,2817.21,2988742
2025-08-26,INFY,Infosys,IT,2878.18,2910.18,2839.73,2877.76,2704550
2025-08-27,INFY,Infosys,IT,2981.96,2989.51,2942.81,2956.51,967523
2025-08-28,INFY,Infosys,IT,2899.6,2947.2,2887.0,2914.26,2154565
2025-08-29,INFY,Infosys,IT,2826.3,2846.27,2803.64,2839.1,2462628
2025-09-01,INFY,Infosys,IT,2889.33,2939.34,2841.75,2855.67,7319190
2025-09-02,INFY,Infosys,IT,2828.74,2865.98,2797.77,2828.67,3647773
2025-09-03,INFY,Infosys,IT,2953.12,2995.64,2903.55,2924.95,5818976
2025-09-04,INFY,Infosys,IT,2939.67,2977.8,2902.68,2927.95,3472714
2025-09-05,INFY,Infosys,IT,2902.56,2934.57,2857.59,2886.84,1690583
2025-09-08,INFY,Infosys,IT,2814.72,2852.85,2802.16,2828.39,2666346
2025-09-09,INFY,Infosys,IT,2882.98,2929.99,2872.47,2885.0,2846851
2025-09-10,INFY,Infosys,IT,2878.7,2928.41,2810.89,2856.5,1491459
2025-09-11,INFY,Infosys,IT,2844.87,2887.02,2821.05,2859.89,2023599
2025-09-12,INFY,Infosys,IT,2935.49,2984.92,2886.94,2910.24,2232492
2025-09-15,INFY,Infosys,IT,2880.33,2917.54,2875.71,2886.04,6045907
2025-09-16,INFY,Infosys,IT,2898.96,2928.4,2857.5,2884.81,796031
2025-09-17,INFY,Infosys,IT,2891.44,2916.67,2855.03,2885.1,4852484
2025-09-18,INFY,Infosys,IT,2912.93,2935.06,2882.34,2921.74,1493396
2025-09-19,INFY,Infosys,IT,2944.76,2957.12,2906.42,2953.98,1175445
2025-09-22,INFY,Infosys,IT,2920.03,2958.48,2908.3,2943.45,4783913
2025-09-23,INFY,Infosys,IT,2949.46,2977.97,2932.41,2948.0,3739061
2025-09-24,INFY,Infosys,IT,2924.08,2951.31,2880.85,2929.45,4984215
2025-09-25,INFY,Infosys,IT,2860.22,2884.89,2803.92,2852.71,3883266
2025-09-26,INFY,Infosys,IT,2863.95,2917.74,2854.47,2867.08,7761731
2025-09-29,INFY,Infosys,IT,2958.08,2986.5,2930.09,2965.88,3399365
2025-09-30,INFY,Infosys,IT,2921.61,2946.99,2906.34,2919.89,2293842
2025-10-01,INFY,Infosys,IT,2911.94,2921.46,2874.6,2880.43,3018923
2025-10-02,INFY,Infosys,IT,2830.8,2841.58,2812.31,2836.43,4954016
2025-10-03,INFY,Infosys,IT,2868.29,2915.33,2858.41,2874.56,1628459
2025-10-06,INFY,Infosys,IT,2910.8,2941.95,2861.03,2898.92,1746741
2025-10-07,INFY,Infosys,IT,2914.26,2954.86,2862.67,2891.8,2109313
2025-10-08,INFY,Infosys,IT,2820.2,2855.27,2810.49,2845.18,785661
2025-10-09,INFY,Infosys,IT,2842.66,2881.61,2839.37,2851.04,2697253
2025-10-10,INFY,Infosys,IT,2775.71,2790.45,2731.04,2771.89,885963
2025-10-13,INFY,Infosys,IT,2799.25,2812.9,2769.05,2780.16,2574031
2025-10-14,INFY,Infosys,IT,2838.88,2842.27,2792.94,2824.88,4023692
2025-10-15,INFY,Infosys,IT,2740.97,2771.27,2722.53,2762.39,1923235
2025-10-16,INFY,Infosys,IT,2685.08,2704.11,2655.67,2687.29,6288386
2025-10-17,INFY,Infosys,IT,2773.93,2782.22,2747.17,2764.77,1119648
2025-10-20,INFY,Infosys,IT,2727.09,2784.01,2720.33,2735.43,4813787
2025-10-21,INFY,Infosys,IT,2806.17,2823.7,2779.08,2792.45,3624136
2025-10-22,INFY,Infosys,IT,2760.97,2794.79,2749.38,2785.83,972847
2025-10-23,INFY,Infosys,IT,2756.45,2791.01,2733.64,2778.82,11103136
2025-10-24,INFY,Infosys,IT,2809.73,2840.61,2767.71,2801.86,2413868
2025-10-27,INFY,Infosys,IT,2768.85,2774.63,2743.27,2758.4,1542916
2025-10-28,INFY,Infosys,IT,2810.23,2854.24,2762.75,2766.08,1153029
2025-10-29,INFY,Infosys,IT,2772.85,2820.94,2721.2,2748.2,2215062
2025-10-30,INFY,Infosys,IT,2705.72,2719.77,2653.65,2683.97,2330812
2025-10-31,INFY,Infosys,IT,2699.16,2724.72,2652.28,2701.35,2645197
2025-11-03,INFY,Infosys,IT,2694.9,2698.61,2659.99,2689.63,2122305
2025-11-04,INFY,Infosys,IT,2704.94,2737.1,2658.93,2683.1,3541550
2025-11-05,INFY,Infosys,IT,2630.17,2651.31,2597.51,2625.73,2019993
2025-11-06,INFY,Infosys,IT,2693.83,2717.1,2648.64,2702.0,862483
2025-11-07,INFY,Infosys,IT,2737.05,2758.12,2695.77,2745.72,2302837
2025-11-10,INFY,Infosys,IT,2826.68,2860.94,2776.33,2794.47,679891
2025-11-11,INFY,Infosys,IT,2782.36,2804.83,2766.23,2780.22,3036982
2025-11-12,INFY,Infosys,IT,2717.35,2728.37,2680.07,2694.8,1458889
2025-11-13,INFY,Infosys,IT,2775.59,2826.09,2749.01,2790.6,2735020
2025-11-14,INFY,Infosys,IT,2775.59,2818.23,2737.71,2788.65,5150181
2025-11-17,INFY,Infosys,IT,2767.09,2810.25,2725.88,2752.18,1483610
2025-11-18,INFY,Infosys,IT,2786.74,2795.09,2767.96,2773.93,4481606
2025-11-19,INFY,Infosys,IT,2841.18,2881.97,2795.63,2833.31,1969789
2025-11-20,INFY,Infosys,IT,2872.09,2907.85,2791.62,2833.27,6557096
2025-11-21,INFY,Infosys,IT,2893.78,2908.18,2876.64,2899.61,2045120
2025-11-24,INFY,Infosys,IT,2962.14,3000.1,2920.95,2957.29,1574628
2025-11-25,INFY,Infosys,IT,2884.39,2925.86,2860.59,2901.18,3648338
2025-11-26,INFY,Infosys,IT,2886.18,2935.43,2820.95,2867.16,1967190
2025-11-27,INFY,Infosys,IT,2928.6,2938.58,2872.88,2917.72,1573800
2025-11-28,INFY,Infosys,IT,2801.75,2835.17,2748.85,2776.42,1922216
2025-12-01,INFY,Infosys,IT,2786.86,2807.74,2734.73,2770.06,2439412
2025-12-02,INFY,Infosys,IT,2719.11,2766.06,2656.59,2699.83,5230410
2025-12-03,INFY,Infosys,IT,2661.84,2695.45,2636.75,2677.75,862899
2025-12-04,INFY,Infosys,IT,2675.63,2722.07,2647.57,2664.42,2531938
2025-12-05,INFY,Infosys,IT,2646.33,2691.54,2609.78,2648.3,3525378
2025-12-08,INFY,Infosys,IT,2629.04,2643.76,2610.6,2623.04,2780657
2025-12-09,INFY,Infosys,IT,2592.03,2630.03,2552.72,2572.28,5138270
2025-12-10,INFY,Infosys,IT,2682.14,2730.22,2637.32,2679.43,2399836
2025-12-11,INFY,Infosys,IT,2760.65,2785.24,2723.89,2770.57,2258695
2025-12-12,INFY,Infosys,IT,2733.53,2756.57,2692.38,2713.73,3462780
2025-12-15,INFY,Infosys,IT,2778.6,2819.58,2765.68,2792.09,2640354
2025-12-16,INFY,Infosys,IT,2787.34,2804.11,2753.58,2773.13,2016908
2025-12-17,INFY,Infosys,IT,2788.77,2792.29,2764.48,2780.69,3320681
2025-12-18,INFY,Infosys,IT,2769.82,2791.81,2758.76,2778.64,1746126
2025-12-19,INFY,Infosys,IT,2757.73,2773.7,2709.29,2746.75,1786294
2025-12-22,INFY,Infosys,IT,2795.86,2820.38,2781.09,2796.49,1869916
2025-12-23,INFY,Infosys,IT,2809.25,2820.23,2779.49,2803.95,5261829
2025-12-24,INFY,Infosys,IT,2778.86,2825.08,2757.85,2781.02,425169
2025-12-25,INFY,Infosys,IT,2756.19,2791.98,2668.75,2716.82,3107660
2025-12-26,INFY,Infosys,IT,2703.9,2710.52,2653.76,2674.21,2547570
2025-12-29,INFY,Infosys,IT,2586.71,2627.56,2580.61,2596.27,991845
2025-12-30,INFY,Infosys,IT,2581.81,2629.35,2575.29,2597.88,2964298
2025-12-31,INFY,Infosys,IT,2556.93,2601.05,2514.88,2542.96,3247723
2025-01-02,ITC,ITC,FMCG,506.65,510.14,500.77,505.51,2547656
2025-01-03,ITC,ITC,FMCG,479.57,483.47,474.48,481.58,2048107
2025-01-06,ITC,ITC,FMCG,499.23,499.75,487.12,493.62,4209830
2025-01-07,ITC,ITC,FMCG,483.83,491.48,482.45,487.26,3623255
2025-01-08,ITC,ITC,FMCG,490.38,496.93,483.64,493.48,1779246
2025-01-09,ITC,ITC,FMCG,499.96,505.48,498.31,500.26,1614619
2025-01-10,ITC,ITC,FMCG,493.23,495.3,491.51,492.56,799711
2025-01-13,ITC,ITC,FMCG,497.42,506.4,488.67,498.61,2721023
2025-01-14,ITC,ITC,FMCG,488.64,498.02,480.21,495.35,2388837
2025-01-15,ITC,ITC,FMCG,482.18,484.52,476.12,477.08,4670172
2025-01-16,ITC,ITC,FMCG,485.03,491.77,480.89,487.3,3045822
2025-01-17,ITC,ITC,FMCG,483.34,487.92,478.7,480.7,5207587
2025-01-20,ITC,ITC,FMCG,473.55,475.76,469.12,473.5,1703594
2025-01-21,ITC,ITC,FMCG,470.95,473.6,463.14,470.25,4675206
2025-01-22,ITC,ITC,FMCG,473.96,475.8,464.63,472.74,1868968
2025-01-23,ITC,ITC,FMCG,472.48,478.72,466.88,472.45,3834229
2025-01-24,ITC,ITC,FMCG,480.57,487.34,473.95,477.3,1120722
2025-01-27,ITC,ITC,FMCG,463.12,470.11,457.91,465.98,2845148
2025-01-28,ITC,ITC,FMCG,464.94,471.05,457.04,459.94,839215
2025-01-29,ITC,ITC,FMCG,457.68,465.37,450.14,459.16,2158395
2025-01-30,ITC,ITC,FMCG,475.96,477.56,467.53,475.03,3185105
2025-01-31,ITC,ITC,FMCG,477.6,485.93,469.27,474.25,1877156
2025-02-03,ITC,ITC,FMCG,483.11,490.94,479.96,483.7,1402911
2025-02-04,ITC,ITC,FMCG,488.8,490.98,481.33,484.23,3981489
2025-02-05,ITC,ITC,FMCG,480.09,482.21,479.34,480.21,2361710
2025-02-06,ITC,ITC,FMCG,482.39,483.9,471.16,478.27,1909854
2025-02-07,ITC,ITC,FMCG,475.69,478.61,471.58,477.01,2558275
2025-02-10,ITC,ITC,FMCG,485.07,491.73,479.23,482.38,10659577
2025-02-11,ITC,ITC,FMCG,495.85,500.31,490.06,494.51,4714850
2025-02-12,ITC,ITC,FMCG,497.03,505.04,489.62,497.91,4738431
2025-02-13,ITC,ITC,FMCG,511.12,518.11,507.16,508.75,3176694
2025-02-14,ITC,ITC,FMCG,500.29,505.93,492.33,500.12,2739725
2025-02-17,ITC,ITC,FMCG,501.14,507.49,488.51,496.59,669278
2025-02-18,ITC,ITC,FMCG,488.46,490.95,480.11,490.31,1720907
2025-02-19,ITC,ITC,FMCG,488.11,496.39,484.33,493.28,1919327
2025-02-20,ITC,ITC,FMCG,482.21,496.1,479.95,490.29,891455
2025-02-21,ITC,ITC,FMCG,496.66,497.5,493.0,496.93,1322748
2025-02-24,ITC,ITC,FMCG,486.5,489.56,483.26,488.8,840995
2025-02-25,ITC,ITC,FMCG,494.66,502.32,487.42,489.37,2447856
2025-02-26,ITC,ITC,FMCG,491.19,501.88,485.63,495.62,3922040
2025-02-27,ITC,ITC,FMCG,475.18,480.02,470.85,477.39,4595220
2025-02-28,ITC,ITC,FMCG,497.26,503.57,488.02,495.81,3140626
2025-03-03,ITC,ITC,FMCG,489.85,500.63,489.09,493.49,1471706
2025-03-04,ITC,ITC,FMCG,476.42,479.38,470.01,475.7,863859
2025-03-05,ITC,ITC,FMCG,478.55,479.33,470.57,477.24,951241
2025-03-06,ITC,ITC,FMCG,476.36,485.77,469.73,477.72,1244022
2025-03-07,ITC,ITC,FMCG,480.27,483.57,469.54,477.2,1533293
2025-03-10,ITC,ITC,FMCG,482.95,487.28,476.48,485.91,2289718
2025-03-11,ITC,ITC,FMCG,495.78,500.42,484.38,492.64,1431181
2025-03-12,ITC,ITC,FMCG,498.62,505.63,492.18,495.48,3012370
2025-03-13,ITC,ITC,FMCG,502.44,504.83,494.92,499.69,2200182
2025-03-14,ITC,ITC,FMCG,496.69,501.74,496.08,498.95,2514542
2025-03-17,ITC,ITC,FMCG,517.01,519.66,514.52,515.1,4680610
2025-03-18,ITC,ITC,FMCG,505.68,514.71,499.04,501.59,1306253
2025-03-19,ITC,ITC,FMCG,504.89,507.09,501.69,503.05,3147404
2025-03-20,ITC,ITC,FMCG,503.94,509.37,501.11,503.84,2480860
2025-03-21,ITC,ITC,FMCG,515.07,523.69,509.37,511.42,2081051
2025-03-24,ITC,ITC,FMCG,507.36,509.14,503.11,503.86,4068122
2025-03-25,ITC,ITC,FMCG,482.14,496.79,474.2,488.24,4054180
2025-03-26,ITC,ITC,FMCG,492.36,500.78,489.26,489.82,1485454
2025-03-27,ITC,ITC,FMCG,493.45,501.36,485.84,492.49,2261667
2025-03-28,ITC,ITC,FMCG,507.01,509.37,504.08,505.89,2918171
2025-03-31,ITC,ITC,FMCG,495.78,501.62,486.37,494.53,2151439
2025-04-01,ITC,ITC,FMCG,503.13,512.04,494.99,505.01,3448890
2025-04-02,ITC,ITC,FMCG,523.75,536.08,517.4,526.73,2918139
2025-04-03,ITC,ITC,FMCG,524.32,526.45,516.85,523.36,6849662
2025-04-04,ITC,ITC,FMCG,515.23,522.45,510.85,511.4,1077493
2025-04-07,ITC,ITC,FMCG,504.01,511.3,495.07,507.86,2337193
2025-04-08,ITC,ITC,FMCG,508.48,510.51,500.1,508.19,1516817
2025-04-09,ITC,ITC,FMCG,508.28,517.75,500.03,513.55,3485285
2025-04-10,ITC,ITC,FMCG,515.24,522.7,502.09,508.29,1027209
2025-04-11,ITC,ITC,FMCG,522.11,527.38,518.53,522.73,3024551
2025-04-14,ITC,ITC,FMCG,506.62,517.64,498.41,512.45,1767849
2025-04-15,ITC,ITC,FMCG,497.67,506.58,493.65,496.61,1669462
2025-04-16,ITC,ITC,FMCG,507.39,511.34,501.35,506.7,1128305
2025-04-17,ITC,ITC,FMCG,485.3,491.73,483.99,486.16,1935757
2025-04-18,ITC,ITC,FMCG,486.2,489.7,476.49,484.57,4539269
2025-04-21,ITC,ITC,FMCG,512.91,516.85,510.22,511.95,2465604
2025-04-22,ITC,ITC,FMCG,513.09,519.67,509.58,512.05,3530766
2025-04-23,ITC,ITC,FMCG,503.82,512.36,496.66,501.92,6245390
2025-04-24,ITC,ITC,FMCG,497.93,506.73,490.97,501.6,2890288
2025-04-25,ITC,ITC,FMCG,499.96,508.4,494.2,501.35,1838501
2025-04-28,ITC,ITC,FMCG,502.24,504.26,499.76,503.0,3232576
2025-04-29,ITC,ITC,FMCG,506.74,511.53,506.22,509.19,1853225
2025-04-30,ITC,ITC,FMCG,500.67,505.44,492.94,499.87,1894316
2025-05-01,ITC,ITC,FMCG,517.66,518.36,506.11,515.26,1083665
2025-05-02,ITC,ITC,FMCG,519.62,522.37,510.09,517.74,4160903
2025-05-05,ITC,ITC,FMCG,524.71,529.86,520.08,524.72,2021802
2025-05-06,ITC,ITC,FMCG,522.31,522.97,510.5,518.99,2763352
2025-05-07,ITC,ITC,FMCG,532.82,535.75,526.99,531.22,1414125
2025-05-08,ITC,ITC,FMCG,530.62,535.78,523.72,528.97,3177395
2025-05-09,ITC,ITC,FMCG,525.13,537.54,520.35,531.83,1644149
2025-05-12,ITC,ITC,FMCG,531.96,540.87,518.6,523.11,2312550
2025-05-13,ITC,ITC,FMCG,514.48,520.64,506.64,513.93,4051531
2025-05-14,ITC,ITC,FMCG,515.17,524.69,510.04,520.5,3862089
2025-05-15,ITC,ITC,FMCG,516.18,525.24,512.88,516.55,2469891
2025-05-16,ITC,ITC,FMCG,506.53,516.12,503.8,508.82,945367
2025-05-19,ITC,ITC,FMCG,502.83,505.35,502.01,503.14,12966077
2025-05-20,ITC,ITC,FMCG,511.72,513.37,504.1,509.67,6530693
2025-05-21,ITC,ITC,FMCG,510.97,517.35,501.62,504.1,3720142
2025-05-22,ITC,ITC,FMCG,502.61,508.53,500.85,503.23,1652069
2025-05-23,ITC,ITC,FMCG,505.93,513.22,497.47,503.57,2348589
2025-05-26,ITC,ITC,FMCG,488.74,495.37,480.27,486.39,1854118
2025-05-27,ITC,ITC,FMCG,475.13,480.66,467.18,473.71,5009877
2025-05-28,ITC,ITC,FMCG,471.82,485.24,467.31,476.76,2888297
2025-05-29,ITC,ITC,FMCG,463.94,475.37,456.42,470.63,1624175
2025-05-30,ITC,ITC,FMCG,479.15,481.17,471.04,479.77,1929720
2025-06-02,ITC,ITC,FMCG,489.68,497.06,481.12,488.31,4631793
2025-06-03,ITC,ITC,FMCG,498.35,500.98,488.99,494.83,6027573
2025-06-04,ITC,ITC,FMCG,509.8,518.5,506.66,511.23,5794290
2025-06-05,ITC,ITC,FMCG,505.27,519.49,496.32,510.67,3791108
2025-06-06,ITC,ITC,FMCG,517.61,524.26,513.92,516.84,2175692
2025-06-09,ITC,ITC,FMCG,519.02,524.8,509.34,511.61,420402
2025-06-10,ITC,ITC,FMCG,532.26,539.12,527.73,534.4,2943880
2025-06-11,ITC,ITC,FMCG,550.44,557.68,549.36,553.7,2497486
2025-06-12,ITC,ITC,FMCG,559.36,563.27,544.27,554.04,2700078
2025-06-13,ITC,ITC,FMCG,557.52,564.71,551.39,558.11,2575218
2025-06-16,ITC,ITC,FMCG,570.45,579.87,564.48,571.99,1205442
2025-06-17,ITC,ITC,FMCG,570.96,578.11,563.77,570.71,3396907
2025-06-18,ITC,ITC,FMCG,566.88,569.36,558.86,564.19,3539585
2025-06-19,ITC,ITC,FMCG,569.82,578.68,568.94,573.29,3638520
2025-06-20,ITC,ITC,FMCG,575.72,584.05,567.78,574.33,4207665
2025-06-23,ITC,ITC,FMCG,581.63,586.92,568.86,576.45,3485178
2025-06-24,ITC,ITC,FMCG,575.1,580.92,563.43,568.02,1995260
2025-06-25,ITC,ITC,FMCG,546.55,558.46,538.97,550.69,2404472
2025-06-26,ITC,ITC,FMCG,551.21,560.02,548.53,553.25,2628489
2025-06-27,ITC,ITC,FMCG,562.19,566.96,559.51,562.48,2652560
2025-06-30,ITC,ITC,FMCG,561.91,571.02,558.32,560.42,4328886
2025-07-01,ITC,ITC,FMCG,576.97,579.14,570.92,575.14,3561951
2025-07-02,ITC,ITC,FMCG,571.77,582.02,559.33,568.08,7836792
2025-07-03,ITC,ITC,FMCG,558.97,560.66,549.12,557.52,8413593
2025-07-04,ITC,ITC,FMCG,564.25,564.96,552.89,557.07,2611952
2025-07-07,ITC,ITC,FMCG,558.93,567.95,550.34,556.47,303046
2025-07-08,ITC,ITC,FMCG,565.46,568.38,556.92,564.4,4935966
2025-07-09,ITC,ITC,FMCG,554.72,564.22,551.89,556.75,1857225
2025-07-10,ITC,ITC,FMCG,570.82,579.26,568.48,570.69,1608777
2025-07-11,ITC,ITC,FMCG,588.31,600.34,578.0,591.12,2008013
2025-07-14,ITC,ITC,FMCG,586.19,601.49,579.45,590.94,1955482
2025-07-15,ITC,ITC,FMCG,600.66,608.09,590.03,604.47,3500966
2025-07-16,ITC,ITC,FMCG,591.55,600.97,587.56,593.22,1060352
2025-07-17,ITC,ITC,FMCG,604.89,606.73,597.06,604.93,1382017
2025-07-18,ITC,ITC,FMCG,620.23,625.14,613.63,616.58,3019308
2025-07-21,ITC,ITC,FMCG,623.64,636.07,620.25,626.41,3521580
2025-07-22,ITC,ITC,FMCG,620.23,631.03,614.21,626.48,3557786
2025-07-23,ITC,ITC,FMCG,592.2,599.98,588.39,593.42,1621612
2025-07-24,ITC,ITC,FMCG,580.13,592.42,577.9,586.8,1459719
2025-07-25,ITC,ITC,FMCG,585.79,592.81,577.25,580.43,1892013
2025-07-28,ITC,ITC,FMCG,574.42,584.49,569.52,570.44,2852571
2025-07-29,ITC,ITC,FMCG,569.0,573.04,561.62,571.92,5659317
2025-07-30,ITC,ITC,FMCG,566.94,573.95,561.63,567.84,810746
2025-07-31,ITC,ITC,FMCG,555.26,568.41,553.81,559.64,2214197
2025-08-01,ITC,ITC,FMCG,549.24,554.29,547.04,549.19,1201195
2025-08-04,ITC,ITC,FMCG,545.18,546.45,540.85,542.34,1007585
2025-08-05,ITC,ITC,FMCG,554.22,560.05,547.19,553.51,4255094
2025-08-06,ITC,ITC,FMCG,552.22,555.89,545.72,547.14,3373106
2025-08-07,ITC,ITC,FMCG,545.99,547.97,534.79,542.29,3201050
2025-08-08,ITC,ITC,FMCG,534.93,546.35,534.2,538.05,4148948
2025-08-11,ITC,ITC,FMCG,538.72,546.89,535.9,541.55,1920230
2025-08-12,ITC,ITC,FMCG,545.02,555.42,536.23,546.21,1970604
2025-08-13,ITC,ITC,FMCG,521.88,529.56,509.67,516.49,8318172
2025-08-14,ITC,ITC,FMCG,527.33,534.07,525.02,526.2,2182948
2025-08-15,ITC,ITC,FMCG,544.01,544.6,531.94,540.01,3745718
2025-08-18,ITC,ITC,FMCG,526.31,534.41,521.37,530.02,2508790
2025-08-19,ITC,ITC,FMCG,522.79,525.07,512.94,520.96,904609
2025-08-20,ITC,ITC,FMCG,520.33,528.91,511.15,516.94,811999
2025-08-21,ITC,ITC,FMCG,510.02,512.14,503.6,510.12,1818204
2025-08-22,ITC,ITC,FMCG,514.35,517.37,503.21,512.38,4468918
2025-08-25,ITC,ITC,FMCG,490.26,499.47,487.84,494.63,3856851
2025-08-26,ITC,ITC,FMCG,487.02,489.69,479.25,484.87,4133122
2025-08-27,ITC,ITC,FMCG,502.72,505.02,494.1,498.5,1452687
2025-08-28,ITC,ITC,FMCG,496.79,502.35,489.55,490.37,6080096
2025-08-29,ITC,ITC,FMCG,501.64,502.9,500.92,501.54,1470495
2025-09-01,ITC,ITC,FMCG,506.66,507.67,503.42,504.95,2810448
2025-09-02,ITC,ITC,FMCG,492.93,496.55,482.83,488.71,2485806
2025-09-03,ITC,ITC,FMCG,490.99,501.05,485.76,494.49,2271999
2025-09-04,ITC,ITC,FMCG,491.68,498.79,486.56,493.64,5220099
2025-09-05,ITC,ITC,FMCG,489.88,493.89,489.04,489.79,1696351
2025-09-08,ITC,ITC,FMCG,488.15,497.38,483.77,492.15,1190064
2025-09-09,ITC,ITC,FMCG,494.58,500.13,486.32,496.55,2527645
2025-09-10,ITC,ITC,FMCG,505.57,514.12,499.17,503.07,2006488
2025-09-11,ITC,ITC,FMCG,517.17,518.17,507.97,513.94,16020214
2025-09-12,ITC,ITC,FMCG,515.4,524.37,508.05,517.93,3626869
2025-09-15,ITC,ITC,FMCG,504.11,513.47,496.89,505.31,1996016
2025-09-16,ITC,ITC,FMCG,500.69,508.55,495.77,501.2,1398540
2025-09-17,ITC,ITC,FMCG,530.65,532.84,519.73,527.95,888813
2025-09-18,ITC,ITC,FMCG,533.11,538.28,529.03,535.05,1422506
2025-09-19,ITC,ITC,FMCG,560.62,568.02,549.09,558.08,2663147
2025-09-22,ITC,ITC,FMCG,572.67,574.07,569.41,572.32,5481185
2025-09-23,ITC,ITC,FMCG,570.09,583.56,566.81,575.04,4633070
2025-09-24,ITC,ITC,FMCG,580.7,588.37,577.29,578.39,2835711
2025-09-25,ITC,ITC,FMCG,583.75,591.58,569.85,578.24,2092895
2025-09-26,ITC,ITC,FMCG,563.95,565.47,555.85,560.39,2898338
2025-09-29,ITC,ITC,FMCG,557.47,568.2,554.74,560.79,1879563
2025-09-30,ITC,ITC,FMCG,572.36,580.44,569.54,573.24,6432677
2025-10-01,ITC,ITC,FMCG,567.72,576.31,558.02,567.28,2252940
2025-10-02,ITC,ITC,FMCG,573.47,574.45,563.04,571.71,2384059
2025-10-03,ITC,ITC,FMCG,579.02,581.52,572.99,580.71,739033
2025-10-06,ITC,ITC,FMCG,574.36,578.57,564.87,571.43,2245215
2025-10-07,ITC,ITC,FMCG,565.98,569.02,560.85,567.02,3960447
2025-10-08,ITC,ITC,FMCG,559.31,565.18,552.59,556.85,1389638
2025-10-09,ITC,ITC,FMCG,551.81,560.97,539.75,548.84,1654327
2025-10-10,ITC,ITC,FMCG,538.4,542.52,534.65,536.34,3866237
2025-10-13,ITC,ITC,FMCG,529.05,537.18,523.57,527.86,1109743
2025-10-14,ITC,ITC,FMCG,541.71,542.26,537.84,541.56,4473098
2025-10-15,ITC,ITC,FMCG,532.1,534.91,527.06,532.85,1865653
2025-10-16,ITC,ITC,FMCG,546.37,547.19,529.58,534.27,2018951
2025-10-17,ITC,ITC,FMCG,532.23,535.73,524.45,529.65,1347374
2025-10-20,ITC,ITC,FMCG,542.38,551.29,539.27,541.1,3077803
2025-10-21,ITC,ITC,FMCG,549.13,555.56,543.79,554.09,9671856
2025-10-22,ITC,ITC,FMCG,566.6,573.01,560.05,562.93,3842465
2025-10-23,ITC,ITC,FMCG,565.7,571.17,563.37,566.26,1554157
2025-10-24,ITC,ITC,FMCG,559.11,573.69,557.94,564.13,4668706
2025-10-27,ITC,ITC,FMCG,556.64,558.35,544.54,552.25,2100377
2025-10-28,ITC,ITC,FMCG,570.44,574.42,565.73,571.79,5324173
2025-10-29,ITC,ITC,FMCG,566.93,567.78,557.63,564.2,3896048
2025-10-30,ITC,ITC,FMCG,572.9,577.7,563.53,571.17,495376
2025-10-31,ITC,ITC,FMCG,585.11,588.46,574.98,582.29,1439141
2025-11-03,ITC,ITC,FMCG,579.24,588.39,571.51,576.7,4202596
2025-11-04,ITC,ITC,FMCG,578.26,594.34,573.87,587.71,2717472
2025-11-05,ITC,ITC,FMCG,593.02,602.84,588.64,596.03,1423651
2025-11-06,ITC,ITC,FMCG,610.77,620.98,603.51,614.8,1764410
2025-11-07,ITC,ITC,FMCG,608.06,611.42,602.34,609.86,876218
2025-11-10,ITC,ITC,FMCG,601.78,606.94,586.78,595.98,2381392
2025-11-11,ITC,ITC,FMCG,589.4,601.43,580.05,590.8,8433147
2025-11-12,ITC,ITC,FMCG,589.46,602.27,587.16,593.26,3892315
2025-11-13,ITC,ITC,FMCG,597.17,606.84,592.15,594.12,8339640
2025-11-14,ITC,ITC,FMCG,586.75,599.0,579.87,590.15,4061730
2025-11-17,ITC,ITC,FMCG,567.7,571.67,564.23,570.1,4399119
2025-11-18,ITC,ITC,FMCG,568.84,577.96,568.09,575.16,7404100
2025-11-19,ITC,ITC,FMCG,597.3,597.93,586.21,595.81,3076478
2025-11-20,ITC,ITC,FMCG,605.01,608.74,598.1,601.02,2255373
2025-11-21,ITC,ITC,FMCG,609.18,610.91,597.64,607.85,4411665
2025-11-24,ITC,ITC,FMCG,609.11,619.91,601.08,614.36,5561694
2025-11-25,ITC,ITC,FMCG,625.86,633.69,610.35,619.0,1919971
2025-11-26,ITC,ITC,FMCG,637.54,647.65,626.84,629.63,1681065
2025-11-27,ITC,ITC,FMCG,634.02,643.07,630.86,634.36,2698406
2025-11-28,ITC,ITC,FMCG,632.72,643.45,624.82,631.04,3949603
2025-12-01,ITC,ITC,FMCG,622.22,623.44,619.78,622.25,3877694
2025-12-02,ITC,ITC,FMCG,616.22,620.46,612.4,619.71,1142248
2025-12-03,ITC,ITC,FMCG,625.54,633.2,619.43,623.46,7154017
2025-12-04,ITC,ITC,FMCG,627.22,630.93,617.86,620.17,1757074
2025-12-05,ITC,ITC,FMCG,616.36,627.24,613.6,623.92,2160857
2025-12-08,ITC,ITC,FMCG,632.89,637.09,620.04,629.11,1521704
2025-12-09,ITC,ITC,FMCG,642.88,646.47,636.34,638.79,11027273
2025-12-10,ITC,ITC,FMCG,649.5,660.14,648.53,653.8,2856021
2025-12-11,ITC,ITC,FMCG,656.49,662.06,647.31,654.98,1565576
2025-12-12,ITC,ITC,FMCG,640.06,646.28,628.57,639.82,4020670
2025-12-15,ITC,ITC,FMCG,634.26,644.01,630.06,636.1,3816429
2025-12-16,ITC,ITC,FMCG,632.75,641.69,630.84,636.86,2254753
2025-12-17,ITC,ITC,FMCG,617.31,620.56,609.48,616.07,3969437
2025-12-18,ITC,ITC,FMCG,626.01,634.13,615.74,631.72,1587848
2025-12-19,ITC,ITC,FMCG,641.81,646.27,624.51,633.59,1906340
2025-12-22,ITC,ITC,FMCG,635.3,646.88,627.94,638.19,827514
2025-12-23,ITC,ITC,FMCG,657.44,666.56,649.98,654.13,1206975
2025-12-24,ITC,ITC,FMCG,641.69,654.96,635.14,646.98,6756382
2025-12-25,ITC,ITC,FMCG,653.36,657.17,651.7,653.92,6166161
2025-12-26,ITC,ITC,FMCG,655.53,662.74,644.7,652.89,2592115
2025-12-29,ITC,ITC,FMCG,648.41,657.95,639.77,650.99,6239518
2025-12-30,ITC,ITC,FMCG,638.77,648.13,627.66,642.2,2289308
2025-12-31,ITC,ITC,FMCG,659.17,668.56,655.59,661.71,2186747
2025-01-02,SBIN,State Bank of India,Financials,854.79,867.8,840.18,851.2,6681033
2025-01-03,SBIN,State Bank of India,Financials,850.7,855.15,846.14,849.63,1969138
2025-01-06,SBIN,State Bank of India,Financials,839.35,853.75,829.81,846.68,5690824
2025-01-07,SBIN,State Bank of India,Financials,873.02,883.8,852.91,864.44,5050210
2025-01-08,SBIN,State Bank of India,Financials,857.17,874.32,851.73,867.13,1441573
2025-01-09,SBIN,State Bank of India,Financials,877.88,886.06,864.63,878.59,4412957
2025-01-10,SBIN,State Bank of India,Financials,895.77,897.67,885.18,895.26,1747169
2025-01-13,SBIN,State Bank of India,Financials,902.94,910.01,895.0,901.87,895480
2025-01-14,SBIN,State Bank of India,Financials,888.81,901.25,877.19,886.48,1979336
2025-01-15,SBIN,State Bank of India,Financials,859.84,879.57,850.55,865.25,3111146
2025-01-16,SBIN,State Bank of India,Financials,873.51,880.52,864.6,867.91,1938250
2025-01-17,SBIN,State Bank of India,Financials,863.79,872.68,857.01,865.58,2111532
2025-01-20,SBIN,State Bank of India,Financials,869.29,880.55,861.36,867.29,4689153
2025-01-21,SBIN,State Bank of India,Financials,871.37,886.21,860.61,867.39,2650802
2025-01-22,SBIN,State Bank of India,Financials,894.2,913.1,881.73,908.07,1572201
2025-01-23,SBIN,State Bank of India,Financials,884.47,894.21,876.33,886.69,3678140
2025-01-24,SBIN,State Bank of India,Financials,852.15,867.71,837.67,855.28,2787129
2025-01-27,SBIN,State Bank of India,Financials,854.91,870.53,849.78,860.74,624632
2025-01-28,SBIN,State Bank of India,Financials,862.61,865.1,848.36,855.26,3164151
2025-01-29,SBIN,State Bank of India,Financials,851.51,870.51,839.27,860.46,3101222
2025-01-30,SBIN,State Bank of India,Financials,883.15,886.83,860.91,869.85,2527820
2025-01-31,SBIN,State Bank of India,Financials,894.43,903.08,881.14,890.3,4082567
2025-02-03,SBIN,State Bank of India,Financials,868.9,877.58,864.85,866.51,1727152
2025-02-04,SBIN,State Bank of India,Financials,855.19,871.81,848.54,858.17,3008271
2025-02-05,SBIN,State Bank of India,Financials,864.0,872.8,859.16,865.14,1055973
2025-02-06,SBIN,State Bank of India,Financials,878.36,883.41,861.7,877.48,3127363
2025-02-07,SBIN,State Bank of India,Financials,912.54,917.04,906.78,912.48,7318998
2025-02-10,SBIN,State Bank of India,Financials,934.02,948.84,913.65,928.54,1446460
2025-02-11,SBIN,State Bank of India,Financials,936.37,940.03,916.37,927.96,1646084
2025-02-12,SBIN,State Bank of India,Financials,909.49,920.99,903.31,913.46,1691781
2025-02-13,SBIN,State Bank of India,Financials,900.8,908.33,891.57,904.55,2685292
2025-02-14,SBIN,State Bank of India,Financials,886.83,907.92,873.27,895.26,1393224
2025-02-17,SBIN,State Bank of India,Financials,910.49,918.74,891.66,906.17,3151809
2025-02-18,SBIN,State Bank of India,Financials,906.96,917.08,903.58,910.73,3983069
2025-02-19,SBIN,State Bank of India,Financials,890.91,897.27,883.37,889.39,3354094
2025-02-20,SBIN,State Bank of India,Financials,876.51,896.44,870.64,882.77,945219
2025-02-21,SBIN,State Bank of India,Financials,891.6,906.41,890.07,897.07,4321631
2025-02-24,SBIN,State Bank of India,Financials,901.96,915.03,891.89,903.11,4186406
2025-02-25,SBIN,State Bank of India,Financials,914.57,929.44,898.54,912.71,3946698
2025-02-26,SBIN,State Bank of India,Financials,914.1,934.38,907.25,919.37,3069006
2025-02-27,SBIN,State Bank of India,Financials,942.99,952.88,930.18,946.65,2821856
2025-02-28,SBIN,State Bank of India,Financials,954.97,971.39,939.95,951.05,4411015
2025-03-03,SBIN,State Bank of India,Financials,952.41,953.77,937.84,944.82,7201023
2025-03-04,SBIN,State Bank of India,Financials,931.24,938.14,926.47,929.63,1480113
2025-03-05,SBIN,State Bank of India,Financials,925.76,949.34,913.67,934.18,4523380
2025-03-06,SBIN,State Bank of India,Financials,887.4,898.57,873.62,893.51,2384218
2025-03-07,SBIN,State Bank of India,Financials,896.89,901.95,879.62,890.9,2327909
2025-03-10,SBIN,State Bank of India,Financials,894.22,899.72,886.8,887.96,1073794
2025-03-11,SBIN,State Bank of India,Financials,859.93,876.39,855.91,866.5,2137541
2025-03-12,SBIN,State Bank of India,Financials,858.22,865.47,850.51,852.37,1444545
2025-03-13,SBIN,State Bank of India,Financials,862.5,876.69,853.27,865.14,1937058
2025-03-14,SBIN,State Bank of India,Financials,872.3,886.44,857.03,869.07,1366548
2025-03-17,SBIN,State Bank of India,Financials,862.64,881.87,860.16,871.01,1953047
2025-03-18,SBIN,State Bank of India,Financials,880.23,884.17,862.8,876.17,1999565
2025-03-19,SBIN,State Bank of India,Financials,871.99,892.78,862.89,877.98,2636641
2025-03-20,SBIN,State Bank of India,Financials,896.98,902.91,885.56,897.97,1028579
2025-03-21,SBIN,State Bank of India,Financials,898.96,903.52,883.22,900.32,1128913
2025-03-24,SBIN,State Bank of India,Financials,887.55,889.79,874.93,877.05,3050616
2025-03-25,SBIN,State Bank of India,Financials,915.24,924.92,888.4,903.14,1612361
2025-03-26,SBIN,State Bank of India,Financials,910.73,913.4,906.66,909.52,4514444
2025-03-27,SBIN,State Bank of India,Financials,898.91,903.26,892.0,900.24,2829752
2025-03-28,SBIN,State Bank of India,Financials,886.27,891.68,866.66,880.29,3490377
2025-03-31,SBIN,State Bank of India,Financials,892.74,897.91,872.36,886.91,5431261
2025-04-01,SBIN,State Bank of India,Financials,882.42,895.38,873.94,885.4,2108443
2025-04-02,SBIN,State Bank of India,Financials,907.77,924.4,897.7,910.84,1822707
2025-04-03,SBIN,State Bank of India,Financials,906.28,918.92,893.72,905.53,4037909
2025-04-04,SBIN,State Bank of India,Financials,888.09,897.12,874.63,892.24,3308593
2025-04-07,SBIN,State Bank of India,Financials,913.42,918.15,904.21,906.99,2255246
2025-04-08,SBIN,State Bank of India,Financials,924.43,940.53,908.83,922.46,5374108
2025-04-09,SBIN,State Bank of India,Financials,916.56,926.68,908.15,925.63,2224553
2025-04-10,SBIN,State Bank of India,Financials,936.88,952.22,928.77,937.27,2545472
2025-04-11,SBIN,State Bank of India,Financials,936.29,941.12,928.61,937.0,2529352
2025-04-14,SBIN,State Bank of India,Financials,928.48,957.42,919.51,941.32,1495206
2025-04-15,SBIN,State Bank of India,Financials,969.58,976.19,945.03,961.44,2608988
2025-04-16,SBIN,State Bank of India,Financials,968.02,980.9,958.03,972.65,5389802
2025-04-17,SBIN,State Bank of India,Financials,960.48,982.7,943.96,970.07,3193199
2025-04-18,SBIN,State Bank of India,Financials,996.01,1006.96,990.03,994.07,2543079
2025-04-21,SBIN,State Bank of India,Financials,947.27,958.25,934.66,952.16,2287177
2025-04-22,SBIN,State Bank of India,Financials,993.56,1003.91,973.08,987.71,2998966
2025-04-23,SBIN,State Bank of India,Financials,961.73,974.64,945.76,957.77,3775989
2025-04-24,SBIN,State Bank of India,Financials,945.16,948.97,934.46,947.34,3495135
2025-04-25,SBIN,State Bank of India,Financials,942.51,948.15,932.52,947.03,2082908
2025-04-28,SBIN,State Bank of India,Financials,938.59,953.21,923.92,944.91,2988945
2025-04-29,SBIN,State Bank of India,Financials,953.42,965.52,939.15,962.4,3255212
2025-04-30,SBIN,State Bank of India,Financials,944.84,956.46,941.55,944.46,1436677
2025-05-01,SBIN,State Bank of India,Financials,942.52,953.68,927.98,949.27,2742356
2025-05-02,SBIN,State Bank of India,Financials,941.71,949.58,932.22,939.77,761529
2025-05-05,SBIN,State Bank of India,Financials,940.05,949.26,935.06,945.14,3259860
2025-05-06,SBIN,State Bank of India,Financials,943.24,954.17,928.35,944.42,3594767
2025-05-07,SBIN,State Bank of India,Financials,943.85,949.19,935.98,946.38,3771380
2025-05-08,SBIN,State Bank of India,Financials,935.01,938.69,921.23,937.39,2011770
2025-05-09,SBIN,State Bank of India,Financials,938.19,939.94,924.06,929.15,2963190
2025-05-12,SBIN,State Bank of India,Financials,940.68,956.88,933.33,934.33,5471021
2025-05-13,SBIN,State Bank of India,Financials,949.99,953.83,941.04,950.58,5440462
2025-05-14,SBIN,State Bank of India,Financials,950.34,962.74,938.18,940.72,2460207
2025-05-15,SBIN,State Bank of India,Financials,921.79,928.38,909.04,926.38,2699094
2025-05-16,SBIN,State Bank of India,Financials,932.11,939.64,926.8,936.98,4605687
2025-05-19,SBIN,State Bank of India,Financials,934.98,945.85,926.99,936.81,1095104
2025-05-20,SBIN,State Bank of India,Financials,957.63,966.16,948.83,951.19,2093001
2025-05-21,SBIN,State Bank of India,Financials,928.37,952.14,922.92,936.06,5211431
2025-05-22,SBIN,State Bank of India,Financials,895.51,921.92,882.72,906.45,4274431
2025-05-23,SBIN,State Bank of India,Financials,897.33,910.92,894.12,898.12,3062972
2025-05-26,SBIN,State Bank of India,Financials,883.39,896.05,872.78,886.09,1092078
2025-05-27,SBIN,State Bank of India,Financials,884.12,892.92,869.45,885.19,2432306
2025-05-28,SBIN,State Bank of India,Financials,872.62,881.57,861.66,875.4,1807305
2025-05-29,SBIN,State Bank of India,Financials,888.06,903.25,874.3,887.42,2999249
2025-05-30,SBIN,State Bank of India,Financials,883.36,893.29,880.66,883.17,1601835
2025-06-02,SBIN,State Bank of India,Financials,881.13,895.53,876.49,885.92,1422111
2025-06-03,SBIN,State Bank of India,Financials,876.45,893.18,862.25,888.79,803012
2025-06-04,SBIN,State Bank of India,Financials,899.82,901.44,880.52,892.26,4895337
2025-06-05,SBIN,State Bank of India,Financials,892.79,908.03,881.64,892.23,2006550
2025-06-06,SBIN,State Bank of India,Financials,907.21,912.96,889.72,900.79,2725688
2025-06-09,SBIN,State Bank of India,Financials,879.84,895.82,872.77,888.25,2496924
2025-06-10,SBIN,State Bank of India,Financials,914.2,916.9,909.38,910.98,1389858
2025-06-11,SBIN,State Bank of India,Financials,915.39,929.33,894.46,907.46,1250827
2025-06-12,SBIN,State Bank of India,Financials,883.02,887.71,871.95,886.4,1438164
2025-06-13,SBIN,State Bank of India,Financials,880.54,903.26,872.59,889.76,1679587
2025-06-16,SBIN,State Bank of India,Financials,873.01,879.45,858.78,876.48,3058498
2025-06-17,SBIN,State Bank of India,Financials,886.24,901.59,880.29,887.33,1613887
2025-06-18,SBIN,State Bank of India,Financials,920.72,935.35,915.19,922.98,6532962
2025-06-19,SBIN,State Bank of India,Financials,902.62,913.74,888.32,910.28,4398325
2025-06-20,SBIN,State Bank of India,Financials,920.92,930.7,902.76,916.09,3899656
2025-06-23,SBIN,State Bank of India,Financials,888.1,893.71,878.85,887.51,2340766
2025-06-24,SBIN,State Bank of India,Financials,897.55,901.17,892.23,895.11,5749685
2025-06-25,SBIN,State Bank of India,Financials,887.42,901.27,877.1,881.2,2217515
2025-06-26,SBIN,State Bank of India,Financials,873.36,880.23,861.05,871.64,2457382
2025-06-27,SBIN,State Bank of India,Financials,849.07,861.36,842.66,854.71,2744988
2025-06-30,SBIN,State Bank of India,Financials,863.38,869.69,850.24,866.32,3677721
2025-07-01,SBIN,State Bank of India,Financials,878.97,889.0,863.9,882.37,3548731
2025-07-02,SBIN,State Bank of India,Financials,882.32,897.06,869.35,883.1,1925088
2025-07-03,SBIN,State Bank of India,Financials,866.99,875.95,860.56,869.71,1864782
2025-07-04,SBIN,State Bank of India,Financials,899.26,914.71,882.05,894.94,3554581
2025-07-07,SBIN,State Bank of India,Financials,884.85,899.97,877.05,883.21,3704954
2025-07-08,SBIN,State Bank of India,Financials,848.21,852.13,844.96,849.19,2013647
2025-07-09,SBIN,State Bank of India,Financials,855.11,859.98,853.77,856.54,1044290
2025-07-10,SBIN,State Bank of India,Financials,838.24,853.0,831.9,839.85,2230591
2025-07-11,SBIN,State Bank of India,Financials,855.84,862.41,841.14,855.13,3522707
2025-07-14,SBIN,State Bank of India,Financials,851.53,852.45,845.3,849.6,6748160
2025-07-15,SBIN,State Bank of India,Financials,843.2,864.04,839.4,859.18,1293580
2025-07-16,SBIN,State Bank of India,Financials,876.43,891.03,861.1,881.19,1977189
2025-07-17,SBIN,State Bank of India,Financials,860.24,874.95,859.01,862.37,2018023
2025-07-18,SBIN,State Bank of India,Financials,855.13,857.92,841.67,853.93,5269753
2025-07-21,SBIN,State Bank of India,Financials,855.43,857.89,847.6,853.11,2452414
2025-07-22,SBIN,State Bank of India,Financials,877.75,892.39,875.63,877.06,1517798
2025-07-23,SBIN,State Bank of India,Financials,865.5,878.96,851.13,867.02,3399312
2025-07-24,SBIN,State Bank of India,Financials,867.88,877.45,855.19,858.09,2001185
2025-07-25,SBIN,State Bank of India,Financials,874.05,886.35,856.83,865.82,1274912
2025-07-28,SBIN,State Bank of India,Financials,860.46,867.59,852.32,857.17,1529996
2025-07-29,SBIN,State Bank of India,Financials,858.8,871.81,856.99,859.86,6488385
2025-07-30,SBIN,State Bank of India,Financials,837.4,843.53,834.65,836.19,3088253
2025-07-31,SBIN,State Bank of India,Financials,862.21,874.34,859.65,869.86,2652648
2025-08-01,SBIN,State Bank of India,Financials,856.72,868.2,847.22,849.1,2178963
2025-08-04,SBIN,State Bank of India,Financials,848.35,855.25,832.76,844.53,2935778
2025-08-05,SBIN,State Bank of India,Financials,836.74,859.3,828.99,844.37,2916605
2025-08-06,SBIN,State Bank of India,Financials,873.09,879.84,867.13,873.78,2935810
2025-08-07,SBIN,State Bank of India,Financials,848.78,867.51,841.9,853.29,2663005
2025-08-08,SBIN,State Bank of India,Financials,873.35,899.01,858.69,884.1,4031464
2025-08-11,SBIN,State Bank of India,Financials,900.25,904.85,881.73,896.5,2531971
2025-08-12,SBIN,State Bank of India,Financials,904.13,917.3,891.69,903.59,1459982
2025-08-13,SBIN,State Bank of India,Financials,889.39,896.83,873.7,887.94,1785070
2025-08-14,SBIN,State Bank of India,Financials,908.07,923.14,891.65,897.42,841836
2025-08-15,SBIN,State Bank of India,Financials,887.75,895.43,879.47,886.09,7622010
2025-08-18,SBIN,State Bank of India,Financials,901.88,919.03,891.57,906.65,4018086
2025-08-19,SBIN,State Bank of India,Financials,888.29,899.13,877.98,891.17,1583681
2025-08-20,SBIN,State Bank of India,Financials,886.42,894.04,878.27,889.71,2141006
2025-08-21,SBIN,State Bank of India,Financials,883.16,887.04,874.29,881.17,1761223
2025-08-22,SBIN,State Bank of India,Financials,869.28,876.44,850.48,865.86,5839771
2025-08-25,SBIN,State Bank of India,Financials,871.13,889.91,858.1,877.76,1144946
2025-08-26,SBIN,State Bank of India,Financials,889.23,899.26,879.13,886.57,2662465
2025-08-27,SBIN,State Bank of India,Financials,904.62,917.74,892.54,906.22,2355140
2025-08-28,SBIN,State Bank of India,Financials,876.69,882.64,871.8,877.55,3939492
2025-08-29,SBIN,State Bank of India,Financials,886.93,902.93,884.53,894.71,2361000
2025-09-01,SBIN,State Bank of India,Financials,930.0,937.06,923.5,935.42,950540
2025-09-02,SBIN,State Bank of India,Financials,935.46,949.39,920.9,928.19,2177496
2025-09-03,SBIN,State Bank of India,Financials,967.11,984.35,958.99,960.22,1464628
2025-09-04,SBIN,State Bank of India,Financials,952.75,963.63,938.6,956.06,2611851
2025-09-05,SBIN,State Bank of India,Financials,933.18,934.29,926.19,932.82,5501870
2025-09-08,SBIN,State Bank of India,Financials,930.6,934.22,917.98,928.06,960411
2025-09-09,SBIN,State Bank of India,Financials,940.22,957.38,938.09,945.95,1609893
2025-09-10,SBIN,State Bank of India,Financials,931.0,942.68,927.3,932.05,1844686
2025-09-11,SBIN,State Bank of India,Financials,922.06,935.63,907.19,922.35,2026669
2025-09-12,SBIN,State Bank of India,Financials,928.23,937.53,917.7,932.58,3756019
2025-09-15,SBIN,State Bank of India,Financials,935.1,948.18,916.99,933.0,2272410
2025-09-16,SBIN,State Bank of India,Financials,934.4,955.17,917.6,943.19,3142385
2025-09-17,SBIN,State Bank of India,Financials,952.11,958.29,940.67,947.61,1772011
2025-09-18,SBIN,State Bank of India,Financials,952.41,965.99,946.62,956.17,2837005
2025-09-19,SBIN,State Bank of India,Financials,941.01,952.43,926.34,949.11,3834654
2025-09-22,SBIN,State Bank of India,Financials,961.39,969.75,936.31,953.45,1671173
2025-09-23,SBIN,State Bank of India,Financials,939.85,954.87,926.94,937.91,3842171
2025-09-24,SBIN,State Bank of India,Financials,953.51,967.87,939.66,960.04,2573059
2025-09-25,SBIN,State Bank of India,Financials,942.92,963.96,929.44,949.46,4442840
2025-09-26,SBIN,State Bank of India,Financials,970.13,980.84,962.31,969.14,2237837
2025-09-29,SBIN,State Bank of India,Financials,969.72,973.86,955.06,965.45,3083222
2025-09-30,SBIN,State Bank of India,Financials,963.82,979.89,949.2,969.34,2444785
2025-10-01,SBIN,State Bank of India,Financials,954.32,970.32,942.2,961.1,2371147
2025-10-02,SBIN,State Bank of India,Financials,950.55,957.94,942.62,943.9,2882628
2025-10-03,SBIN,State Bank of India,Financials,921.29,924.09,908.49,914.64,3358635
2025-10-06,SBIN,State Bank of India,Financials,896.42,904.89,893.32,897.63,1257379
2025-10-07,SBIN,State Bank of India,Financials,889.4,894.75,884.98,892.75,5500226
2025-10-08,SBIN,State Bank of India,Financials,898.13,900.53,881.82,896.52,898953
2025-10-09,SBIN,State Bank of India,Financials,909.47,920.55,907.99,913.18,1715396
2025-10-10,SBIN,State Bank of India,Financials,910.1,915.73,901.93,906.22,2373682
2025-10-13,SBIN,State Bank of India,Financials,903.66,918.78,886.61,892.19,3136434
2025-10-14,SBIN,State Bank of India,Financials,871.6,878.04,859.4,869.38,5948776
2025-10-15,SBIN,State Bank of India,Financials,876.91,889.42,868.07,877.24,899631
2025-10-16,SBIN,State Bank of India,Financials,900.93,909.95,895.2,899.43,1890911
2025-10-17,SBIN,State Bank of India,Financials,926.74,938.76,916.81,920.3,776104
2025-10-20,SBIN,State Bank of India,Financials,942.69,947.8,927.74,932.42,2543860
2025-10-21,SBIN,State Bank of India,Financials,946.43,962.53,934.51,943.51,2902918
2025-10-22,SBIN,State Bank of India,Financials,967.51,982.46,962.08,972.72,5996814
2025-10-23,SBIN,State Bank of India,Financials,971.6,993.74,954.98,978.93,2671499
2025-10-24,SBIN,State Bank of India,Financials,983.69,997.84,974.95,990.7,4439334
2025-10-27,SBIN,State Bank of India,Financials,990.23,992.9,983.41,985.38,3446644
2025-10-28,SBIN,State Bank of India,Financials,968.32,980.38,948.73,961.61,1967776
2025-10-29,SBIN,State Bank of India,Financials,947.34,951.24,941.1,950.16,1151841
2025-10-30,SBIN,State Bank of India,Financials,946.78,959.02,935.31,950.39,2908222
2025-10-31,SBIN,State Bank of India,Financials,949.53,955.88,944.06,951.81,1100356
2025-11-03,SBIN,State Bank of India,Financials,997.24,1008.87,974.64,985.19,5097012
2025-11-04,SBIN,State Bank of India,Financials,992.18,1009.7,973.08,987.02,2286807
2025-11-05,SBIN,State Bank of India,Financials,1008.54,1017.51,991.45,1008.36,4824168
2025-11-06,SBIN,State Bank of India,Financials,997.95,1015.78,992.52,1000.87,1919707
2025-11-07,SBIN,State Bank of India,Financials,991.09,1005.24,984.46,995.65,2898399
2025-11-10,SBIN,State Bank of India,Financials,971.39,981.4,962.76,972.23,2805081
2025-11-11,SBIN,State Bank of India,Financials,957.73,975.77,941.68,959.63,2438825
2025-11-12,SBIN,State Bank of India,Financials,968.63,984.75,952.81,969.12,1970580
2025-11-13,SBIN,State Bank of India,Financials,965.67,983.56,963.23,969.64,3102293
2025-11-14,SBIN,State Bank of India,Financials,984.64,992.44,981.44,986.48,1502155
2025-11-17,SBIN,State Bank of India,Financials,989.71,1000.26,980.38,990.1,1285440
2025-11-18,SBIN,State Bank of India,Financials,985.8,990.54,981.44,984.21,4952267
2025-11-19,SBIN,State Bank of India,Financials,1022.17,1031.4,1015.14,1022.66,3729346
2025-11-20,SBIN,State Bank of India,Financials,1018.38,1030.77,1014.8,1021.34,2592262
2025-11-21,SBIN,State Bank of India,Financials,1041.46,1058.93,1029.16,1043.13,6247110
2025-11-24,SBIN,State Bank of India,Financials,1033.66,1052.84,1015.94,1036.02,2157650
2025-11-25,SBIN,State Bank of India,Financials,1041.28,1058.11,1022.59,1049.67,5174680
2025-11-26,SBIN,State Bank of India,Financials,1065.92,1069.01,1058.06,1067.62,2753454
2025-11-27,SBIN,State Bank of India,Financials,1076.24,1093.09,1060.06,1072.05,1422872
2025-11-28,SBIN,State Bank of India,Financials,1021.63,1031.12,1005.74,1027.05,6908225
2025-12-01,SBIN,State Bank of India,Financials,1036.29,1048.28,1024.72,1027.8,4311050
2025-12-02,SBIN,State Bank of India,Financials,1057.83,1059.34,1037.6,1050.97,2339013
2025-12-03,SBIN,State Bank of India,Financials,1059.24,1069.64,1050.81,1061.37,3729353
2025-12-04,SBIN,State Bank of India,Financials,1067.01,1089.32,1062.2,1070.31,2002214
2025-12-05,SBIN,State Bank of India,Financials,1045.37,1048.2,1029.42,1037.56,3944501
2025-12-08,SBIN,State Bank of India,Financials,1026.88,1035.3,1022.17,1024.52,671123
2025-12-09,SBIN,State Bank of India,Financials,1036.28,1042.73,1019.28,1032.52,1426751
2025-12-10,SBIN,State Bank of India,Financials,1043.6,1060.7,1035.04,1040.56,4283984
2025-12-11,SBIN,State Bank of India,Financials,1057.73,1080.51,1051.08,1063.72,2179248
2025-12-12,SBIN,State Bank of India,Financials,1056.89,1066.72,1053.66,1061.37,2802295
2025-12-15,SBIN,State Bank of India,Financials,1069.67,1072.22,1052.76,1069.55,1191911
2025-12-16,SBIN,State Bank of India,Financials,1073.81,1086.33,1060.25,1070.29,6907567
2025-12-17,SBIN,State Bank of India,Financials,1060.3,1067.42,1040.43,1051.71,4811851
2025-12-18,SBIN,State Bank of India,Financials,1000.9,1021.97,990.21,1009.43,2238741
2025-12-19,SBIN,State Bank of India,Financials,1014.06,1019.23,1005.97,1017.66,2001121
2025-12-22,SBIN,State Bank of India,Financials,1025.6,1028.95,1016.89,1021.25,4404263
2025-12-23,SBIN,State Bank of India,Financials,1005.96,1023.1,992.21,1010.3,7438353
2025-12-24,SBIN,State Bank of India,Financials,981.67,986.2,978.16,981.26,4224322
2025-12-25,SBIN,State Bank of India,Financials,994.49,1009.98,990.03,992.77,8254695
2025-12-26,SBIN,State Bank of India,Financials,985.84,990.39,972.96,988.42,1505307
2025-12-29,SBIN,State Bank of India,Financials,1003.18,1007.86,994.18,998.72,1593014
2025-12-30,SBIN,State Bank of India,Financials,1034.77,1053.37,1026.21,1032.63,1300011
2025-12-31,SBIN,State Bank of India,Financials,992.52,1001.55,983.51,993.24,3187570
2025-01-02,LT,Larsen & Toubro,Industrials,3950.99,4009.44,3847.11,3913.89,1451229
2025-01-03,LT,Larsen & Toubro,Industrials,3918.88,3977.99,3900.44,3904.75,1908486
2025-01-06,LT,Larsen & Toubro,Industrials,3943.72,4005.54,3908.66,3963.19,1865871
2025-01-07,LT,Larsen & Toubro,Industrials,4044.55,4077.82,4038.81,4052.69,10634496
2025-01-08,LT,Larsen & Toubro,Industrials,3938.75,3961.55,3873.97,3943.01,1973573
2025-01-09,LT,Larsen & Toubro,Industrials,3924.73,3950.49,3863.93,3902.22,6290148
2025-01-10,LT,Larsen & Toubro,Industrials,3975.48,4021.93,3952.38,3961.39,1245632
2025-01-13,LT,Larsen & Toubro,Industrials,3900.48,3945.08,3889.27,3929.62,1450607
2025-01-14,LT,Larsen & Toubro,Industrials,3875.93,3896.85,3845.6,3874.73,1713705
2025-01-15,LT,Larsen & Toubro,Industrials,3938.45,3982.68,3871.56,3947.32,1570135
2025-01-16,LT,Larsen & Toubro,Industrials,3859.95,3879.1,3807.98,3857.28,2157491
2025-01-17,LT,Larsen & Toubro,Industrials,3865.32,3907.86,3777.44,3837.88,1692933
2025-01-20,LT,Larsen & Toubro,Industrials,3840.6,3926.59,3812.83,3862.12,1593053
2025-01-21,LT,Larsen & Toubro,Industrials,3812.26,3876.23,3805.65,3823.77,4727754
2025-01-22,LT,Larsen & Toubro,Industrials,3826.27,3927.03,3759.07,3879.21,4900695
2025-01-23,LT,Larsen & Toubro,Industrials,3864.58,3906.73,3836.07,3841.04,4213964
2025-01-24,LT,Larsen & Toubro,Industrials,3920.61,3976.58,3853.53,3939.96,3335058
2025-01-27,LT,Larsen & Toubro,Industrials,3963.81,3980.35,3904.04,3932.62,2630830
2025-01-28,LT,Larsen & Toubro,Industrials,3977.96,4046.25,3973.29,3981.71,1902034
2025-01-29,LT,Larsen & Toubro,Industrials,4013.26,4057.86,3962.23,4036.77,1480017
2025-01-30,LT,Larsen & Toubro,Industrials,4043.05,4053.37,3922.24,3992.79,3052431
2025-01-31,LT,Larsen & Toubro,Industrials,3851.54,3904.5,3779.81,3846.8,1311004
2025-02-03,LT,Larsen & Toubro,Industrials,3886.45,3901.94,3858.85,3873.32,1447205
2025-02-04,LT,Larsen & Toubro,Industrials,3896.32,3924.85,3864.07,3879.91,4713322
2025-02-05,LT,Larsen & Toubro,Industrials,3911.24,3926.08,3869.72,3920.28,7111034
2025-02-06,LT,Larsen & Toubro,Industrials,3879.77,3918.87,3833.86,3905.86,3103725
2025-02-07,LT,Larsen & Toubro,Industrials,3880.27,3895.57,3824.55,3877.16,4594418
2025-02-10,LT,Larsen & Toubro,Industrials,4013.93,4026.62,3997.57,4018.88,2183816
2025-02-11,LT,Larsen & Toubro,Industrials,3911.3,3961.59,3843.62,3913.98,1197899
2025-02-12,LT,Larsen & Toubro,Industrials,3967.21,4027.67,3920.17,3967.25,3500777
2025-02-13,LT,Larsen & Toubro,Industrials,3953.65,3982.69,3867.32,3927.81,3419176
2025-02-14,LT,Larsen & Toubro,Industrials,3879.84,3967.61,3840.33,3905.64,2600512
2025-02-17,LT,Larsen & Toubro,Industrials,3878.04,3902.88,3846.85,3884.91,2187992
2025-02-18,LT,Larsen & Toubro,Industrials,3821.23,3855.3,3753.93,3830.28,4244001
2025-02-19,LT,Larsen & Toubro,Industrials,3890.02,3903.88,3829.01,3871.2,1453737
2025-02-20,LT,Larsen & Toubro,Industrials,3980.61,4026.59,3907.18,3969.65,1633477
2025-02-21,LT,Larsen & Toubro,Industrials,4009.05,4041.68,3935.91,4004.82,1435957
2025-02-24,LT,Larsen & Toubro,Industrials,4051.16,4097.45,3963.77,4013.87,2619611
2025-02-25,LT,Larsen & Toubro,Industrials,3984.56,4040.14,3903.46,3944.21,1374306
2025-02-26,LT,Larsen & Toubro,Industrials,3996.88,4037.96,3978.26,3982.48,1715933
2025-02-27,LT,Larsen & Toubro,Industrials,4125.71,4186.94,4118.78,4138.65,1695750
2025-02-28,LT,Larsen & Toubro,Industrials,4128.12,4197.88,4093.79,4111.94,2166160
2025-03-03,LT,Larsen & Toubro,Industrials,4110.89,4135.9,4068.75,4085.76,1103221
2025-03-04,LT,Larsen & Toubro,Industrials,4066.0,4094.9,4024.56,4046.13,2622828
2025-03-05,LT,Larsen & Toubro,Industrials,4023.09,4076.2,3987.29,4012.1,4964475
2025-03-06,LT,Larsen & Toubro,Industrials,3823.57,3867.13,3788.28,3815.45,2693417
2025-03-07,LT,Larsen & Toubro,Industrials,3795.48,3860.31,3764.55,3844.79,5835835
2025-03-10,LT,Larsen & Toubro,Industrials,3763.99,3815.82,3753.9,3787.81,5206926
2025-03-11,LT,Larsen & Toubro,Industrials,3657.05,3712.48,3650.76,3679.54,3834522
2025-03-12,LT,Larsen & Toubro,Industrials,3704.92,3761.23,3658.77,3730.9,2604831
2025-03-13,LT,Larsen & Toubro,Industrials,3681.79,3696.63,3622.63,3659.72,2531130
2025-03-14,LT,Larsen & Toubro,Industrials,3665.76,3727.04,3607.76,3638.88,3805245
2025-03-17,LT,Larsen & Toubro,Industrials,3761.37,3813.87,3692.35,3736.39,2015509
2025-03-18,LT,Larsen & Toubro,Industrials,3614.16,3676.56,3559.7,3643.1,887722
2025-03-19,LT,Larsen & Toubro,Industrials,3555.73,3600.4,3514.75,3544.06,3276883
2025-03-20,LT,Larsen & Toubro,Industrials,3589.61,3647.95,3520.26,3562.66,1342056
2025-03-21,LT,Larsen & Toubro,Industrials,3647.23,3659.32,3575.19,3637.8,1472722
2025-03-24,LT,Larsen & Toubro,Industrials,3541.23,3559.85,3482.15,3536.16,2500307
2025-03-25,LT,Larsen & Toubro,Industrials,3557.8,3599.97,3528.47,3563.53,2372565
2025-03-26,LT,Larsen & Toubro,Industrials,3596.8,3654.75,3553.78,3602.22,1149870
2025-03-27,LT,Larsen & Toubro,Industrials,3487.47,3493.11,3456.23,3470.14,2738228
2025-03-28,LT,Larsen & Toubro,Industrials,3506.98,3583.84,3470.06,3521.41,4253182
2025-03-31,LT,Larsen & Toubro,Industrials,3592.16,3623.53,3515.11,3578.38,1344070
2025-04-01,LT,Larsen & Toubro,Industrials,3563.07,3588.39,3524.8,3559.73,5033706
2025-04-02,LT,Larsen & Toubro,Industrials,3626.46,3663.16,3565.64,3641.4,1059923
2025-04-03,LT,Larsen & Toubro,Industrials,3731.71,3746.51,3687.89,3717.34,8011027
2025-04-04,LT,Larsen & Toubro,Industrials,3738.5,3792.55,3658.74,3725.73,1993909
2025-04-07,LT,Larsen & Toubro,Industrials,3683.87,3760.69,3643.91,3696.95,2708459
2025-04-08,LT,Larsen & Toubro,Industrials,3652.48,3681.82,3627.44,3633.69,883090
2025-04-09,LT,Larsen & Toubro,Industrials,3641.09,3703.69,3592.82,3632.68,2416006
2025-04-10,LT,Larsen & Toubro,Industrials,3659.19,3726.48,3638.45,3671.39,2834756
2025-04-11,LT,Larsen & Toubro,Industrials,3606.98,3684.95,3601.39,3651.44,2384290
2025-04-14,LT,Larsen & Toubro,Industrials,3495.77,3552.18,3443.49,3508.47,1834177
2025-04-15,LT,Larsen & Toubro,Industrials,3579.84,3620.13,3559.48,3589.99,1485394
2025-04-16,LT,Larsen & Toubro,Industrials,3592.28,3641.55,3540.04,3603.72,4655644
2025-04-17,LT,Larsen & Toubro,Industrials,3603.74,3610.9,3559.41,3580.54,2542720
2025-04-18,LT,Larsen & Toubro,Industrials,3634.69,3683.9,3619.05,3637.21,5834009
2025-04-21,LT,Larsen & Toubro,Industrials,3739.15,3746.25,3672.85,3738.48,1871472
2025-04-22,LT,Larsen & Toubro,Industrials,3544.59,3604.31,3519.26,3551.43,1968267
2025-04-23,LT,Larsen & Toubro,Industrials,3578.11,3634.41,3537.95,3580.61,3915204
2025-04-24,LT,Larsen & Toubro,Industrials,3482.16,3507.65,3442.57,3490.1,1023936
2025-04-25,LT,Larsen & Toubro,Industrials,3529.44,3552.39,3485.76,3522.85,1282595
2025-04-28,LT,Larsen & Toubro,Industrials,3531.13,3564.8,3472.69,3532.37,4571802
2025-04-29,LT,Larsen & Toubro,Industrials,3600.73,3640.85,3529.65,3574.2,1312228
2025-04-30,LT,Larsen & Toubro,Industrials,3550.33,3571.22,3515.65,3543.51,919259
2025-05-01,LT,Larsen & Toubro,Industrials,3397.1,3463.38,3343.9,3425.45,6986506
2025-05-02,LT,Larsen & Toubro,Industrials,3392.56,3419.66,3378.73,3399.05,1161475
2025-05-05,LT,Larsen & Toubro,Industrials,3425.73,3432.39,3390.19,3425.3,2766426
2025-05-06,LT,Larsen & Toubro,Industrials,3450.03,3492.92,3390.83,3489.28,2596819
2025-05-07,LT,Larsen & Toubro,Industrials,3445.2,3454.57,3377.33,3417.07,532828
2025-05-08,LT,Larsen & Toubro,Industrials,3504.94,3555.65,3429.78,3481.61,2158182
2025-05-09,LT,Larsen & Toubro,Industrials,3407.39,3502.11,3366.12,3442.4,3199255
2025-05-12,LT,Larsen & Toubro,Industrials,3465.28,3494.86,3412.37,3466.24,3037883
2025-05-13,LT,Larsen & Toubro,Industrials,3440.82,3474.25,3377.21,3435.81,4109194
2025-05-14,LT,Larsen & Toubro,Industrials,3473.44,3485.59,3429.0,3448.45,2020147
2025-05-15,LT,Larsen & Toubro,Industrials,3495.8,3541.53,3482.22,3505.19,3699390
2025-05-16,LT,Larsen & Toubro,Industrials,3418.01,3441.04,3386.47,3429.18,1711139
2025-05-19,LT,Larsen & Toubro,Industrials,3410.98,3449.84,3344.76,3388.58,1150887
2025-05-20,LT,Larsen & Toubro,Industrials,3404.08,3461.5,3384.68,3401.22,1224509
2025-05-21,LT,Larsen & Toubro,Industrials,3556.77,3572.16,3545.81,3549.61,1118658
2025-05-22,LT,Larsen & Toubro,Industrials,3490.52,3544.81,3466.68,3495.88,4356038
2025-05-23,LT,Larsen & Toubro,Industrials,3650.17,3655.27,3562.31,3625.65,1086840
2025-05-26,LT,Larsen & Toubro,Industrials,3729.9,3785.66,3682.1,3757.92,2906681
2025-05-27,LT,Larsen & Toubro,Industrials,3732.33,3763.65,3703.13,3752.84,2159836
2025-05-28,LT,Larsen & Toubro,Industrials,3742.35,3768.52,3718.24,3734.2,2362768
2025-05-29,LT,Larsen & Toubro,Industrials,3693.97,3708.56,3663.15,3689.17,5292415
2025-05-30,LT,Larsen & Toubro,Industrials,3689.14,3716.24,3671.79,3686.12,1964338
2025-06-02,LT,Larsen & Toubro,Industrials,3611.12,3640.36,3584.17,3594.26,3499680
2025-06-03,LT,Larsen & Toubro,Industrials,3600.34,3622.34,3531.82,3590.76,2552186
2025-06-04,LT,Larsen & Toubro,Industrials,3694.94,3739.88,3622.69,3688.95,2299473
2025-06-05,LT,Larsen & Toubro,Industrials,3614.87,3710.51,3601.17,3649.85,8857581
2025-06-06,LT,Larsen & Toubro,Industrials,3614.96,3663.89,3607.99,3635.49,1131509
2025-06-09,LT,Larsen & Toubro,Industrials,3505.96,3540.68,3482.81,3525.63,5080010
2025-06-10,LT,Larsen & Toubro,Industrials,3542.91,3570.67,3511.56,3550.77,3586993
2025-06-11,LT,Larsen & Toubro,Industrials,3593.19,3648.95,3553.1,3569.1,1920435
2025-06-12,LT,Larsen & Toubro,Industrials,3575.51,3613.83,3552.73,3574.62,6125227
2025-06-13,LT,Larsen & Toubro,Industrials,3541.48,3593.21,3525.84,3562.1,904683
2025-06-16,LT,Larsen & Toubro,Industrials,3571.72,3584.37,3494.55,3544.75,1876332
2025-06-17,LT,Larsen & Toubro,Industrials,3564.58,3609.13,3517.83,3578.19,1286114
2025-06-18,LT,Larsen & Toubro,Industrials,3528.6,3598.28,3486.98,3577.77,3135964
2025-06-19,LT,Larsen & Toubro,Industrials,3576.7,3660.8,3549.58,3599.48,1355412
2025-06-20,LT,Larsen & Toubro,Industrials,3584.44,3672.8,3525.46,3614.85,3172360
2025-06-23,LT,Larsen & Toubro,Industrials,3684.57,3698.35,3620.16,3689.4,2256355
2025-06-24,LT,Larsen & Toubro,Industrials,3714.26,3772.38,3699.58,3735.83,1920616
2025-06-25,LT,Larsen & Toubro,Industrials,3766.52,3784.69,3732.33,3750.29,3095801
2025-06-26,LT,Larsen & Toubro,Industrials,3835.98,3885.07,3797.87,3854.3,2156634
2025-06-27,LT,Larsen & Toubro,Industrials,3869.8,3946.79,3859.93,3885.0,1373746
2025-06-30,LT,Larsen & Toubro,Industrials,3970.9,4017.45,3937.46,3977.81,11670285
2025-07-01,LT,Larsen & Toubro,Industrials,3991.34,4049.73,3947.87,4022.85,1912380
2025-07-02,LT,Larsen & Toubro,Industrials,3903.71,3921.41,3852.66,3891.09,738307
2025-07-03,LT,Larsen & Toubro,Industrials,3988.51,4046.76,3957.64,3984.03,1573238
2025-07-04,LT,Larsen & Toubro,Industrials,3993.03,4041.73,3952.22,3995.32,1245190
2025-07-07,LT,Larsen & Toubro,Industrials,4018.0,4053.99,3924.1,3993.18,3937991
2025-07-08,LT,Larsen & Toubro,Industrials,4009.54,4033.86,3991.49,4015.0,2983806
2025-07-09,LT,Larsen & Toubro,Industrials,4033.27,4060.23,3943.25,3991.68,3112987
2025-07-10,LT,Larsen & Toubro,Industrials,3984.56,4079.02,3977.63,4009.59,2039650
2025-07-11,LT,Larsen & Toubro,Industrials,3967.36,4007.53,3958.91,3968.47,2143946
2025-07-14,LT,Larsen & Toubro,Industrials,4073.82,4105.64,4018.93,4061.08,2038631
2025-07-15,LT,Larsen & Toubro,Industrials,4074.8,4115.0,4043.12,4054.4,2390815
2025-07-16,LT,Larsen & Toubro,Industrials,4033.78,4091.24,4022.55,4028.11,3957941
2025-07-17,LT,Larsen & Toubro,Industrials,3946.36,3989.53,3930.91,3962.65,3007569
2025-07-18,LT,Larsen & Toubro,Industrials,3970.36,3999.5,3928.27,3983.41,3291530
2025-07-21,LT,Larsen & Toubro,Industrials,4015.42,4059.36,3946.61,3998.42,3290528
2025-07-22,LT,Larsen & Toubro,Industrials,4048.53,4098.36,4010.08,4027.97,4066302
2025-07-23,LT,Larsen & Toubro,Industrials,3939.58,4006.98,3890.88,3955.11,2929328
2025-07-24,LT,Larsen & Toubro,Industrials,3859.42,3921.15,3826.93,3842.7,3045475
2025-07-25,LT,Larsen & Toubro,Industrials,3886.11,3915.92,3841.7,3887.51,4807293
2025-07-28,LT,Larsen & Toubro,Industrials,3989.99,4002.06,3958.05,3992.95,1734146
2025-07-29,LT,Larsen & Toubro,Industrials,3913.45,3988.58,3866.04,3920.78,1561477
2025-07-30,LT,Larsen & Toubro,Industrials,4013.85,4068.39,3941.94,4034.52,1302172
2025-07-31,LT,Larsen & Toubro,Industrials,4087.73,4135.13,3988.02,4056.75,2764593
2025-08-01,LT,Larsen & Toubro,Industrials,4104.93,4155.53,4053.51,4057.86,901890
2025-08-04,LT,Larsen & Toubro,Industrials,4044.21,4085.83,3965.75,4030.44,3223525
2025-08-05,LT,Larsen & Toubro,Industrials,3889.57,3949.26,3881.28,3931.61,2354279
2025-08-06,LT,Larsen & Toubro,Industrials,3955.1,4058.48,3887.06,4003.09,4666188
2025-08-07,LT,Larsen & Toubro,Industrials,3905.89,4006.71,3883.27,3948.8,1727605
2025-08-08,LT,Larsen & Toubro,Industrials,3899.47,3940.02,3865.76,3894.95,2235501
2025-08-11,LT,Larsen & Toubro,Industrials,4008.92,4046.23,3955.91,3966.05,4634380
2025-08-12,LT,Larsen & Toubro,Industrials,3887.87,3899.29,3822.07,3833.22,5349565
2025-08-13,LT,Larsen & Toubro,Industrials,3743.42,3752.5,3679.82,3729.62,1719798
2025-08-14,LT,Larsen & Toubro,Industrials,3734.34,3759.63,3666.29,3729.9,2762871
2025-08-15,LT,Larsen & Toubro,Industrials,3722.04,3774.65,3679.67,3751.08,2939446
2025-08-18,LT,Larsen & Toubro,Industrials,3765.7,3850.46,3716.11,3785.31,3070376
2025-08-19,LT,Larsen & Toubro,Industrials,3761.13,3820.2,3708.65,3766.26,2163817
2025-08-20,LT,Larsen & Toubro,Industrials,3960.45,4008.85,3917.77,3939.31,5058406
2025-08-21,LT,Larsen & Toubro,Industrials,3947.48,3986.17,3917.78,3924.73,884222
2025-08-22,LT,Larsen & Toubro,Industrials,3904.04,3925.03,3900.01,3909.99,1983115
2025-08-25,LT,Larsen & Toubro,Industrials,3839.41,3923.45,3812.68,3855.46,3198406
2025-08-26,LT,Larsen & Toubro,Industrials,3856.54,3894.12,3836.85,3865.6,3214797
2025-08-27,LT,Larsen & Toubro,Industrials,3934.36,3945.45,3901.89,3909.94,5260932
2025-08-28,LT,Larsen & Toubro,Industrials,3980.67,4033.75,3964.54,3996.21,4832262
2025-08-29,LT,Larsen & Toubro,Industrials,3880.77,3952.38,3868.67,3890.68,2136657
2025-09-01,LT,Larsen & Toubro,Industrials,3900.07,3962.79,3810.87,3875.01,5110104
2025-09-02,LT,Larsen & Toubro,Industrials,3926.2,3930.85,3894.49,3907.72,1688039
2025-09-03,LT,Larsen & Toubro,Industrials,3934.32,4014.05,3894.43,3950.57,4171512
2025-09-04,LT,Larsen & Toubro,Industrials,3958.19,3980.42,3908.81,3952.62,6767136
2025-09-05,LT,Larsen & Toubro,Industrials,3955.08,3999.43,3914.59,3992.79,4876901
2025-09-08,LT,Larsen & Toubro,Industrials,3924.45,3996.92,3913.92,3936.25,2649747
2025-09-09,LT,Larsen & Toubro,Industrials,4060.06,4123.75,4022.22,4048.21,2083006
2025-09-10,LT,Larsen & Toubro,Industrials,4122.41,4168.32,4114.44,4122.16,1078493
2025-09-11,LT,Larsen & Toubro,Industrials,4022.48,4067.33,3991.4,4024.01,2965624
2025-09-12,LT,Larsen & Toubro,Industrials,3965.08,4023.85,3931.15,3947.75,1353807
2025-09-15,LT,Larsen & Toubro,Industrials,3896.27,3952.25,3834.06,3874.94,1616182
2025-09-16,LT,Larsen & Toubro,Industrials,3907.33,3987.07,3857.4,3923.77,1298721
2025-09-17,LT,Larsen & Toubro,Industrials,3815.26,3874.47,3776.93,3834.61,1940750
2025-09-18,LT,Larsen & Toubro,Industrials,3799.53,3879.83,3767.68,3813.29,2461836
2025-09-19,LT,Larsen & Toubro,Industrials,3811.37,3915.0,3782.47,3846.03,2906003
2025-09-22,LT,Larsen & Toubro,Industrials,3855.52,3867.01,3784.15,3842.98,1796808
2025-09-23,LT,Larsen & Toubro,Industrials,3824.02,3922.07,3805.93,3862.43,4501437
2025-09-24,LT,Larsen & Toubro,Industrials,3810.47,3846.66,3738.78,3789.88,2229501
2025-09-25,LT,Larsen & Toubro,Industrials,3855.4,3884.66,3778.79,3831.97,1621000
2025-09-26,LT,Larsen & Toubro,Industrials,3831.67,3875.44,3760.4,3791.21,2831343
2025-09-29,LT,Larsen & Toubro,Industrials,3780.68,3788.06,3747.74,3770.57,7361360
2025-09-30,LT,Larsen & Toubro,Industrials,3799.7,3836.21,3754.12,3788.22,3006056
2025-10-01,LT,Larsen & Toubro,Industrials,3784.82,3856.77,3775.03,3796.76,2047705
2025-10-02,LT,Larsen & Toubro,Industrials,3794.36,3817.51,3787.61,3799.92,1079164
2025-10-03,LT,Larsen & Toubro,Industrials,3777.13,3808.29,3739.23,3750.09,2215800
2025-10-06,LT,Larsen & Toubro,Industrials,3740.19,3803.66,3715.77,3731.37,2844823
2025-10-07,LT,Larsen & Toubro,Industrials,3741.35,3772.35,3697.29,3733.01,2020047
2025-10-08,LT,Larsen & Toubro,Industrials,3681.34,3707.45,3585.89,3642.11,1000329
2025-10-09,LT,Larsen & Toubro,Industrials,3634.64,3665.49,3595.16,3613.24,1565929
2025-10-10,LT,Larsen & Toubro,Industrials,3656.82,3692.76,3578.4,3639.9,5563830
2025-10-13,LT,Larsen & Toubro,Industrials,3527.32,3599.44,3466.53,3557.66,5501337
2025-10-14,LT,Larsen & Toubro,Industrials,3628.98,3686.24,3566.2,3633.15,1535167
2025-10-15,LT,Larsen & Toubro,Industrials,3702.92,3749.92,3646.49,3717.63,3619395
2025-10-16,LT,Larsen & Toubro,Industrials,3668.79,3723.44,3609.68,3635.8,1307446
2025-10-17,LT,Larsen & Toubro,Industrials,3699.59,3763.64,3691.32,3726.1,5412248
2025-10-20,LT,Larsen & Toubro,Industrials,3689.16,3743.07,3649.8,3717.96,2860997
2025-10-21,LT,Larsen & Toubro,Industrials,3792.93,3839.15,3708.12,3747.46,4214763
2025-10-22,LT,Larsen & Toubro,Industrials,3731.25,3780.5,3658.05,3715.45,973350
2025-10-23,LT,Larsen & Toubro,Industrials,3767.47,3818.3,3699.91,3778.67,3629123
2025-10-24,LT,Larsen & Toubro,Industrials,3793.14,3815.28,3756.58,3807.81,2489470
2025-10-27,LT,Larsen & Toubro,Industrials,3768.87,3783.52,3727.74,3753.53,3994233
2025-10-28,LT,Larsen & Toubro,Industrials,3683.05,3704.6,3661.01,3676.3,4134920
2025-10-29,LT,Larsen & Toubro,Industrials,3594.02,3614.88,3577.27,3581.14,2592110
2025-10-30,LT,Larsen & Toubro,Industrials,3592.31,3639.43,3557.62,3594.69,1796489
2025-10-31,LT,Larsen & Toubro,Industrials,3607.25,3637.93,3569.58,3633.17,3838661
2025-11-03,LT,Larsen & Toubro,Industrials,3694.28,3745.43,3621.94,3677.19,2418640
2025-11-04,LT,Larsen & Toubro,Industrials,3648.94,3691.08,3613.99,3670.85,1546909
2025-11-05,LT,Larsen & Toubro,Industrials,3612.82,3635.47,3536.25,3595.87,1507129
2025-11-06,LT,Larsen & Toubro,Industrials,3571.33,3606.95,3511.67,3553.16,1109434
2025-11-07,LT,Larsen & Toubro,Industrials,3610.55,3645.23,3555.36,3628.28,1888212
2025-11-10,LT,Larsen & Toubro,Industrials,3578.29,3655.78,3565.69,3598.08,4584914
2025-11-11,LT,Larsen & Toubro,Industrials,3590.47,3617.66,3534.67,3608.81,2756873
2025-11-12,LT,Larsen & Toubro,Industrials,3568.56,3599.08,3496.21,3540.38,1868093
2025-11-13,LT,Larsen & Toubro,Industrials,3573.24,3628.41,3549.37,3563.25,3892149
2025-11-14,LT,Larsen & Toubro,Industrials,3517.95,3575.87,3503.08,3535.32,1581586
2025-11-17,LT,Larsen & Toubro,Industrials,3602.44,3624.85,3542.1,3603.34,2634605
2025-11-18,LT,Larsen & Toubro,Industrials,3678.65,3708.65,3649.3,3654.96,2264817
2025-11-19,LT,Larsen & Toubro,Industrials,3613.87,3670.97,3581.84,3623.81,3837467
2025-11-20,LT,Larsen & Toubro,Industrials,3632.57,3696.31,3594.1,3616.99,1050026
2025-11-21,LT,Larsen & Toubro,Industrials,3544.4,3640.54,3500.78,3582.56,1566246
2025-11-24,LT,Larsen & Toubro,Industrials,3460.38,3516.28,3407.53,3492.46,1015372
2025-11-25,LT,Larsen & Toubro,Industrials,3427.53,3501.77,3403.1,3439.95,2167365
2025-11-26,LT,Larsen & Toubro,Industrials,3425.63,3457.26,3397.34,3453.6,4867477
2025-11-27,LT,Larsen & Toubro,Industrials,3473.85,3480.31,3412.39,3475.2,1893249
2025-11-28,LT,Larsen & Toubro,Industrials,3469.95,3538.19,3420.24,3485.89,1887804
2025-12-01,LT,Larsen & Toubro,Industrials,3437.87,3483.58,3381.99,3468.35,4037958
2025-12-02,LT,Larsen & Toubro,Industrials,3522.8,3535.16,3493.0,3527.99,4499620
2025-12-03,LT,Larsen & Toubro,Industrials,3538.85,3556.66,3515.84,3533.43,2381133
2025-12-04,LT,Larsen & Toubro,Industrials,3616.56,3646.38,3550.93,3579.57,3643278
2025-12-05,LT,Larsen & Toubro,Industrials,3468.45,3514.99,3421.05,3466.72,1382599
2025-12-08,LT,Larsen & Toubro,Industrials,3207.5,3260.78,3198.32,3223.34,5334401
2025-12-09,LT,Larsen & Toubro,Industrials,3222.81,3257.43,3204.77,3241.1,8150499
2025-12-10,LT,Larsen & Toubro,Industrials,3149.74,3189.46,3144.1,3159.27,3329957
2025-12-11,LT,Larsen & Toubro,Industrials,3158.71,3211.61,3122.17,3148.46,794460
2025-12-12,LT,Larsen & Toubro,Industrials,3170.2,3217.29,3085.4,3132.59,1839077
2025-12-15,LT,Larsen & Toubro,Industrials,3232.96,3253.96,3218.78,3223.36,3502036
2025-12-16,LT,Larsen & Toubro,Industrials,3253.8,3311.38,3207.32,3247.85,1982730
2025-12-17,LT,Larsen & Toubro,Industrials,3264.98,3307.58,3203.93,3258.85,5032918
2025-12-18,LT,Larsen & Toubro,Industrials,3297.01,3316.07,3280.44,3309.25,3454843
2025-12-19,LT,Larsen & Toubro,Industrials,3293.29,3337.85,3251.16,3332.52,1695078
2025-12-22,LT,Larsen & Toubro,Industrials,3303.95,3319.18,3245.88,3306.4,2544760
2025-12-23,LT,Larsen & Toubro,Industrials,3375.88,3421.03,3312.97,3371.49,1529104
2025-12-24,LT,Larsen & Toubro,Industrials,3310.64,3324.3,3288.99,3305.5,2261139
2025-12-25,LT,Larsen & Toubro,Industrials,3323.57,3358.3,3314.58,3326.05,1842760
2025-12-26,LT,Larsen & Toubro,Industrials,3250.89,3259.29,3223.34,3234.73,4770302
2025-12-29,LT,Larsen & Toubro,Industrials,3245.56,3301.99,3203.58,3247.9,8005248
2025-12-30,LT,Larsen & Toubro,Industrials,3251.68,3282.81,3208.31,3260.48,1137846
2025-12-31,LT,Larsen & Toubro,Industrials,3355.95,3415.41,3314.13,3360.17,868074
2025-01-02,HINDUNILVR,Hindustan Unilever,FMCG,2704.88,2750.28,2653.76,2689.16,5685682
2025-01-03,HINDUNILVR,Hindustan Unilever,FMCG,2612.85,2662.77,2592.88,2616.74,2084290
2025-01-06,HINDUNILVR,Hindustan Unilever,FMCG,2608.19,2664.41,2571.61,2619.96,9494271
2025-01-07,HINDUNILVR,Hindustan Unilever,FMCG,2665.74,2680.73,2633.57,2656.33,3061436
2025-01-08,HINDUNILVR,Hindustan Unilever,FMCG,2711.12,2755.21,2692.46,2728.84,4279283
2025-01-09,HINDUNILVR,Hindustan Unilever,FMCG,2733.55,2750.73,2709.85,2739.82,2759703
2025-01-10,HINDUNILVR,Hindustan Unilever,FMCG,2770.33,2811.07,2693.9,2731.39,2432900
2025-01-13,HINDUNILVR,Hindustan Unilever,FMCG,2630.49,2677.65,2587.51,2635.21,2176705
2025-01-14,HINDUNILVR,Hindustan Unilever,FMCG,2643.95,2684.86,2632.64,2637.51,2227742
2025-01-15,HINDUNILVR,Hindustan Unilever,FMCG,2633.46,2664.06,2607.37,2641.95,3493699
2025-01-16,HINDUNILVR,Hindustan Unilever,FMCG,2658.33,2710.55,2654.19,2673.39,3059497
2025-01-17,HINDUNILVR,Hindustan Unilever,FMCG,2637.28,2647.39,2613.64,2640.37,2457099
2025-01-20,HINDUNILVR,Hindustan Unilever,FMCG,2594.82,2625.16,2553.18,2620.75,5734662
2025-01-21,HINDUNILVR,Hindustan Unilever,FMCG,2554.81,2590.08,2533.83,2552.07,488985
2025-01-22,HINDUNILVR,Hindustan Unilever,FMCG,2438.7,2467.99,2397.6,2447.84,3309273
2025-01-23,HINDUNILVR,Hindustan Unilever,FMCG,2388.44,2442.99,2360.45,2399.98,3710056
2025-01-24,HINDUNILVR,Hindustan Unilever,FMCG,2334.46,2340.66,2293.72,2333.1,4697922
2025-01-27,HINDUNILVR,Hindustan Unilever,FMCG,2337.25,2384.68,2304.83,2348.17,2412374
2025-01-28,HINDUNILVR,Hindustan Unilever,FMCG,2335.55,2356.94,2320.79,2327.21,2802878
2025-01-29,HINDUNILVR,Hindustan Unilever,FMCG,2311.46,2346.27,2294.23,2305.6,4299773
2025-01-30,HINDUNILVR,Hindustan Unilever,FMCG,2283.65,2317.65,2248.22,2265.66,5677052
2025-01-31,HINDUNILVR,Hindustan Unilever,FMCG,2131.65,2170.12,2123.36,2134.74,2119109
2025-02-03,HINDUNILVR,Hindustan Unilever,FMCG,2189.28,2206.85,2168.67,2193.55,2895411
2025-02-04,HINDUNILVR,Hindustan Unilever,FMCG,2139.79,2191.88,2120.51,2154.93,6293431
2025-02-05,HINDUNILVR,Hindustan Unilever,FMCG,2129.69,2147.46,2092.94,2139.8,777303
2025-02-06,HINDUNILVR,Hindustan Unilever,FMCG,2088.19,2093.18,2067.16,2084.62,1710496
2025-02-07,HINDUNILVR,Hindustan Unilever,FMCG,2137.03,2154.85,2091.46,2121.92,5598510
2025-02-10,HINDUNILVR,Hindustan Unilever,FMCG,2122.74,2160.35,2086.62,2128.25,4559379
2025-02-11,HINDUNILVR,Hindustan Unilever,FMCG,2083.56,2116.42,2050.41,2097.44,3332209
2025-02-12,HINDUNILVR,Hindustan Unilever,FMCG,2074.08,2114.93,2064.64,2083.47,1953382
2025-02-13,HINDUNILVR,Hindustan Unilever,FMCG,2133.36,2176.03,2113.24,2147.24,1539242
2025-02-14,HINDUNILVR,Hindustan Unilever,FMCG,2148.01,2157.81,2130.45,2145.28,1806013
2025-02-17,HINDUNILVR,Hindustan Unilever,FMCG,2145.13,2181.88,2122.44,2139.12,5857338
2025-02-18,HINDUNILVR,Hindustan Unilever,FMCG,2113.07,2117.37,2088.72,2103.73,1769411
2025-02-19,HINDUNILVR,Hindustan Unilever,FMCG,2033.51,2066.6,2002.24,2032.83,2643419
2025-02-20,HINDUNILVR,Hindustan Unilever,FMCG,2028.74,2041.27,2010.17,2027.79,1651611
2025-02-21,HINDUNILVR,Hindustan Unilever,FMCG,2037.95,2059.87,2017.77,2040.48,3974172
2025-02-24,HINDUNILVR,Hindustan Unilever,FMCG,2083.3,2100.34,2044.83,2081.68,1858911
2025-02-25,HINDUNILVR,Hindustan Unilever,FMCG,1999.87,2007.71,1994.23,1998.26,2369346
2025-02-26,HINDUNILVR,Hindustan Unilever,FMCG,1967.76,1981.71,1940.39,1958.59,990476
2025-02-27,HINDUNILVR,Hindustan Unilever,FMCG,1928.01,1947.2,1900.71,1938.9,1029360
2025-02-28,HINDUNILVR,Hindustan Unilever,FMCG,1938.67,1948.22,1931.75,1939.56,2510572
2025-03-03,HINDUNILVR,Hindustan Unilever,FMCG,1937.3,1945.39,1913.21,1935.27,1206175
2025-03-04,HINDUNILVR,Hindustan Unilever,FMCG,1940.51,1958.58,1922.01,1931.8,7957289
2025-03-05,HINDUNILVR,Hindustan Unilever,FMCG,1962.45,1991.03,1916.11,1946.77,804489
2025-03-06,HINDUNILVR,Hindustan Unilever,FMCG,1900.97,1936.34,1888.5,1915.89,1609935
2025-03-07,HINDUNILVR,Hindustan Unilever,FMCG,1942.41,1980.42,1929.6,1948.87,2523069
2025-03-10,HINDUNILVR,Hindustan Unilever,FMCG,1984.19,2007.65,1942.91,1964.86,2045142
2025-03-11,HINDUNILVR,Hindustan Unilever,FMCG,1945.43,1979.19,1937.41,1954.33,1362076
2025-03-12,HINDUNILVR,Hindustan Unilever,FMCG,2000.36,2036.27,1988.67,2011.43,1476139
2025-03-13,HINDUNILVR,Hindustan Unilever,FMCG,2067.05,2086.46,2050.34,2068.59,1449807
2025-03-14,HINDUNILVR,Hindustan Unilever,FMCG,2084.17,2130.91,2069.55,2104.15,2135271
2025-03-17,HINDUNILVR,Hindustan Unilever,FMCG,1988.08,1995.02,1968.35,1990.67,7314449
2025-03-18,HINDUNILVR,Hindustan Unilever,FMCG,2065.6,2097.86,2025.11,2048.04,2609493
2025-03-19,HINDUNILVR,Hindustan Unilever,FMCG,2073.61,2107.71,2051.56,2078.16,4791703
2025-03-20,HINDUNILVR,Hindustan Unilever,FMCG,2150.88,2165.18,2124.81,2154.04,3303979
2025-03-21,HINDUNILVR,Hindustan Unilever,FMCG,2210.89,2241.96,2189.16,2202.88,4613169
2025-03-24,HINDUNILVR,Hindustan Unilever,FMCG,2258.58,2269.1,2251.46,2266.35,535963
2025-03-25,HINDUNILVR,Hindustan Unilever,FMCG,2326.38,2337.29,2271.01,2303.1,2114543
2025-03-26,HINDUNILVR,Hindustan Unilever,FMCG,2345.99,2364.9,2309.71,2359.93,5130562
2025-03-27,HINDUNILVR,Hindustan Unilever,FMCG,2458.54,2493.6,2432.45,2445.58,1825467
2025-03-28,HINDUNILVR,Hindustan Unilever,FMCG,2470.7,2504.91,2436.64,2456.09,6590643
2025-03-31,HINDUNILVR,Hindustan Unilever,FMCG,2389.2,2424.64,2364.95,2387.57,5654379
2025-04-01,HINDUNILVR,Hindustan Unilever,FMCG,2369.16,2377.87,2345.31,2375.31,1931445
2025-04-02,HINDUNILVR,Hindustan Unilever,FMCG,2390.58,2415.72,2361.39,2392.93,1895629
2025-04-03,HINDUNILVR,Hindustan Unilever,FMCG,2407.84,2439.1,2393.02,2397.12,1431621
2025-04-04,HINDUNILVR,Hindustan Unilever,FMCG,2351.43,2359.99,2313.19,2344.29,1768291
2025-04-07,HINDUNILVR,Hindustan Unilever,FMCG,2291.98,2319.59,2271.72,2276.4,1269174
2025-04-08,HINDUNILVR,Hindustan Unilever,FMCG,2249.97,2255.44,2226.81,2246.94,3164948
2025-04-09,HINDUNILVR,Hindustan Unilever,FMCG,2265.89,2289.82,2231.74,2280.51,1122395
2025-04-10,HINDUNILVR,Hindustan Unilever,FMCG,2346.35,2367.68,2325.95,2346.29,3484567
2025-04-11,HINDUNILVR,Hindustan Unilever,FMCG,2373.7,2414.84,2365.31,2385.94,3531539
2025-04-14,HINDUNILVR,Hindustan Unilever,FMCG,2411.25,2440.77,2368.46,2432.31,1002631
2025-04-15,HINDUNILVR,Hindustan Unilever,FMCG,2438.35,2448.46,2390.58,2429.74,5863173
2025-04-16,HINDUNILVR,Hindustan Unilever,FMCG,2357.16,2367.71,2321.3,2354.52,3316055
2025-04-17,HINDUNILVR,Hindustan Unilever,FMCG,2306.13,2347.99,2287.69,2336.17,3775846
2025-04-18,HINDUNILVR,Hindustan Unilever,FMCG,2306.24,2337.51,2296.73,2326.23,1647114
2025-04-21,HINDUNILVR,Hindustan Unilever,FMCG,2329.72,2347.7,2267.13,2306.34,3520486
2025-04-22,HINDUNILVR,Hindustan Unilever,FMCG,2304.18,2337.52,2281.03,2309.54,4645073
2025-04-23,HINDUNILVR,Hindustan Unilever,FMCG,2328.8,2348.48,2292.73,2328.81,2368024
2025-04-24,HINDUNILVR,Hindustan Unilever,FMCG,2353.83,2399.07,2337.78,2365.5,7518360
2025-04-25,HINDUNILVR,Hindustan Unilever,FMCG,2365.18,2396.46,2338.83,2354.6,2561329
2025-04-28,HINDUNILVR,Hindustan Unilever,FMCG,2286.38,2293.58,2234.47,2274.86,4681988
2025-04-29,HINDUNILVR,Hindustan Unilever,FMCG,2265.18,2269.33,2233.73,2256.0,2937167
2025-04-30,HINDUNILVR,Hindustan Unilever,FMCG,2266.45,2302.54,2251.01,2258.67,3449839
2025-05-01,HINDUNILVR,Hindustan Unilever,FMCG,2298.05,2314.74,2287.17,2309.29,997062
2025-05-02,HINDUNILVR,Hindustan Unilever,FMCG,2302.93,2311.05,2265.59,2286.61,3065989
2025-05-05,HINDUNILVR,Hindustan Unilever,FMCG,2317.28,2320.47,2304.65,2308.62,1668715
2025-05-06,HINDUNILVR,Hindustan Unilever,FMCG,2346.79,2374.21,2301.03,2321.6,1569522
2025-05-07,HINDUNILVR,Hindustan Unilever,FMCG,2310.4,2349.7,2291.64,2324.37,6524390
2025-05-08,HINDUNILVR,Hindustan Unilever,FMCG,2346.33,2406.26,2312.9,2364.23,2222687
2025-05-09,HINDUNILVR,Hindustan Unilever,FMCG,2341.65,2379.29,2320.61,2337.05,1439757
2025-05-12,HINDUNILVR,Hindustan Unilever,FMCG,2317.93,2336.44,2272.83,2313.79,2051904
2025-05-13,HINDUNILVR,Hindustan Unilever,FMCG,2307.94,2331.15,2298.54,2314.22,1222677
2025-05-14,HINDUNILVR,Hindustan Unilever,FMCG,2268.41,2302.32,2243.35,2288.48,5500985
2025-05-15,HINDUNILVR,Hindustan Unilever,FMCG,2304.67,2318.62,2298.85,2310.32,1705172
2025-05-16,HINDUNILVR,Hindustan Unilever,FMCG,2291.17,2298.84,2250.84,2281.59,3344795
2025-05-19,HINDUNILVR,Hindustan Unilever,FMCG,2314.27,2321.79,2250.74,2291.79,5270627
2025-05-20,HINDUNILVR,Hindustan Unilever,FMCG,2303.99,2310.77,2254.42,2288.58,1898770
2025-05-21,HINDUNILVR,Hindustan Unilever,FMCG,2297.34,2310.04,2273.34,2298.35,3349808
2025-05-22,HINDUNILVR,Hindustan Unilever,FMCG,2289.25,2303.47,2259.17,2280.25,1418703
2025-05-23,HINDUNILVR,Hindustan Unilever,FMCG,2264.59,2306.57,2230.18,2267.24,9597129
2025-05-26,HINDUNILVR,Hindustan Unilever,FMCG,2279.63,2304.32,2233.64,2272.06,4184134
2025-05-27,HINDUNILVR,Hindustan Unilever,FMCG,2295.81,2336.65,2240.59,2281.24,2248711
2025-05-28,HINDUNILVR,Hindustan Unilever,FMCG,2298.21,2315.06,2264.31,2281.98,1634328
2025-05-29,HINDUNILVR,Hindustan Unilever,FMCG,2331.09,2373.6,2289.49,2352.94,2348067
2025-05-30,HINDUNILVR,Hindustan Unilever,FMCG,2299.65,2326.99,2291.26,2311.92,2073627
2025-06-02,HINDUNILVR,Hindustan Unilever,FMCG,2286.43,2319.67,2274.29,2310.17,7318535
2025-06-03,HINDUNILVR,Hindustan Unilever,FMCG,2238.41,2253.37,2232.78,2245.66,1274108
2025-06-04,HINDUNILVR,Hindustan Unilever,FMCG,2267.45,2306.15,2248.89,2261.6,2692396
2025-06-05,HINDUNILVR,Hindustan Unilever,FMCG,2199.64,2256.51,2168.72,2217.1,2474911
2025-06-06,HINDUNILVR,Hindustan Unilever,FMCG,2207.32,2211.21,2172.68,2206.88,2343662
2025-06-09,HINDUNILVR,Hindustan Unilever,FMCG,2190.08,2200.78,2158.89,2192.99,2355025
2025-06-10,HINDUNILVR,Hindustan Unilever,FMCG,2205.52,2223.6,2179.09,2204.95,2345390
2025-06-11,HINDUNILVR,Hindustan Unilever,FMCG,2223.2,2232.47,2162.63,2183.89,4040938
2025-06-12,HINDUNILVR,Hindustan Unilever,FMCG,2140.75,2176.9,2112.82,2161.37,3494646
2025-06-13,HINDUNILVR,Hindustan Unilever,FMCG,2211.58,2225.18,2194.67,2218.09,3147763
2025-06-16,HINDUNILVR,Hindustan Unilever,FMCG,2225.94,2249.88,2191.87,2230.34,471232
2025-06-17,HINDUNILVR,Hindustan Unilever,FMCG,2209.53,2221.94,2181.07,2208.71,2948150
2025-06-18,HINDUNILVR,Hindustan Unilever,FMCG,2197.46,2214.98,2169.2,2199.62,1005705
2025-06-19,HINDUNILVR,Hindustan Unilever,FMCG,2273.79,2279.71,2242.74,2265.64,3567149
2025-06-20,HINDUNILVR,Hindustan Unilever,FMCG,2248.64,2275.64,2212.55,2256.96,5625243
2025-06-23,HINDUNILVR,Hindustan Unilever,FMCG,2247.49,2287.3,2218.08,2229.86,1502092
2025-06-24,HINDUNILVR,Hindustan Unilever,FMCG,2200.8,2217.78,2184.34,2203.26,2164763
2025-06-25,HINDUNILVR,Hindustan Unilever,FMCG,2175.03,2217.06,2144.1,2182.36,1797946
2025-06-26,HINDUNILVR,Hindustan Unilever,FMCG,2162.46,2195.62,2139.63,2159.88,4932165
2025-06-27,HINDUNILVR,Hindustan Unilever,FMCG,2106.31,2147.27,2072.36,2111.0,2634138
2025-06-30,HINDUNILVR,Hindustan Unilever,FMCG,2081.5,2111.54,2054.87,2069.12,6468032
2025-07-01,HINDUNILVR,Hindustan Unilever,FMCG,2050.95,2076.0,2024.22,2039.06,3138847
2025-07-02,HINDUNILVR,Hindustan Unilever,FMCG,2058.67,2093.67,2025.51,2061.59,2856617
2025-07-03,HINDUNILVR,Hindustan Unilever,FMCG,2039.96,2052.95,2021.82,2048.27,2595565
2025-07-04,HINDUNILVR,Hindustan Unilever,FMCG,2064.68,2082.99,2021.5,2041.45,3920371
2025-07-07,HINDUNILVR,Hindustan Unilever,FMCG,2082.42,2126.16,2068.55,2088.94,961330
2025-07-08,HINDUNILVR,Hindustan Unilever,FMCG,2145.46,2175.67,2126.27,2138.47,2620145
2025-07-09,HINDUNILVR,Hindustan Unilever,FMCG,2130.93,2167.91,2102.6,2128.46,2405517
2025-07-10,HINDUNILVR,Hindustan Unilever,FMCG,2122.2,2152.45,2098.75,2105.14,3725760
2025-07-11,HINDUNILVR,Hindustan Unilever,FMCG,2083.88,2116.96,2040.17,2073.23,2254785
2025-07-14,HINDUNILVR,Hindustan Unilever,FMCG,2087.81,2127.23,2058.07,2099.91,1411971
2025-07-15,HINDUNILVR,Hindustan Unilever,FMCG,2092.6,2122.17,2083.72,2093.02,2510127
2025-07-16,HINDUNILVR,Hindustan Unilever,FMCG,2084.08,2104.7,2052.68,2079.29,1378131
2025-07-17,HINDUNILVR,Hindustan Unilever,FMCG,2051.1,2085.38,2026.62,2049.67,867097
2025-07-18,HINDUNILVR,Hindustan Unilever,FMCG,2016.18,2052.48,2007.83,2022.09,3729253
2025-07-21,HINDUNILVR,Hindustan Unilever,FMCG,2029.19,2065.77,2017.74,2034.55,3437603
2025-07-22,HINDUNILVR,Hindustan Unilever,FMCG,1988.09,2012.82,1971.39,1987.19,3232289
2025-07-23,HINDUNILVR,Hindustan Unilever,FMCG,2010.39,2036.07,1984.48,2023.57,5118704
2025-07-24,HINDUNILVR,Hindustan Unilever,FMCG,1993.33,2008.16,1969.69,2004.94,1734160
2025-07-25,HINDUNILVR,Hindustan Unilever,FMCG,1995.39,2034.16,1975.34,2000.34,1137892
2025-07-28,HINDUNILVR,Hindustan Unilever,FMCG,1952.36,1974.41,1924.9,1953.0,2405539
2025-07-29,HINDUNILVR,Hindustan Unilever,FMCG,1945.67,1965.2,1918.66,1953.35,2065072
2025-07-30,HINDUNILVR,Hindustan Unilever,FMCG,1938.93,1949.45,1916.62,1942.58,1573068
2025-07-31,HINDUNILVR,Hindustan Unilever,FMCG,1929.33,1970.93,1901.59,1941.61,2392583
2025-08-01,HINDUNILVR,Hindustan Unilever,FMCG,1983.12,2024.17,1969.87,1993.82,1785873
2025-08-04,HINDUNILVR,Hindustan Unilever,FMCG,2013.3,2043.19,1969.02,2001.0,910726
2025-08-05,HINDUNILVR,Hindustan Unilever,FMCG,1986.12,2009.88,1950.57,1973.17,1961370
2025-08-06,HINDUNILVR,Hindustan Unilever,FMCG,1956.93,1971.07,1919.51,1948.7,1338145
2025-08-07,HINDUNILVR,Hindustan Unilever,FMCG,1958.88,1982.51,1938.73,1970.35,2839696
2025-08-08,HINDUNILVR,Hindustan Unilever,FMCG,2036.46,2038.8,2007.69,2017.2,1742762
2025-08-11,HINDUNILVR,Hindustan Unilever,FMCG,2023.45,2059.02,2002.77,2028.25,4607512
2025-08-12,HINDUNILVR,Hindustan Unilever,FMCG,2049.74,2059.31,2034.76,2054.2,6040078
2025-08-13,HINDUNILVR,Hindustan Unilever,FMCG,2063.18,2101.92,2036.65,2077.57,3632606
2025-08-14,HINDUNILVR,Hindustan Unilever,FMCG,2129.16,2151.86,2109.81,2131.47,1065267
2025-08-15,HINDUNILVR,Hindustan Unilever,FMCG,2074.24,2094.88,2026.22,2057.52,5721028
2025-08-18,HINDUNILVR,Hindustan Unilever,FMCG,2095.11,2130.22,2056.96,2083.05,5947297
2025-08-19,HINDUNILVR,Hindustan Unilever,FMCG,2135.92,2139.2,2093.97,2120.77,2525970
2025-08-20,HINDUNILVR,Hindustan Unilever,FMCG,2077.22,2106.61,2060.8,2070.52,5175314
2025-08-21,HINDUNILVR,Hindustan Unilever,FMCG,2040.58,2044.42,2002.19,2038.34,1845719
2025-08-22,HINDUNILVR,Hindustan Unilever,FMCG,2022.08,2025.41,1977.2,2007.94,895704
2025-08-25,HINDUNILVR,Hindustan Unilever,FMCG,1965.06,1998.87,1936.74,1982.4,1645648
2025-08-26,HINDUNILVR,Hindustan Unilever,FMCG,1981.76,1985.87,1953.0,1966.0,6471488
2025-08-27,HINDUNILVR,Hindustan Unilever,FMCG,1959.55,2003.85,1939.75,1975.37,1100975
2025-08-28,HINDUNILVR,Hindustan Unilever,FMCG,1992.77,2027.02,1986.14,2006.95,2499341
2025-08-29,HINDUNILVR,Hindustan Unilever,FMCG,2035.84,2049.87,2015.17,2046.81,2547391
2025-09-01,HINDUNILVR,Hindustan Unilever,FMCG,2025.19,2028.61,2009.74,2016.76,1885428
2025-09-02,HINDUNILVR,Hindustan Unilever,FMCG,1982.83,2009.59,1962.21,1986.9,1958842
2025-09-03,HINDUNILVR,Hindustan Unilever,FMCG,2050.47,2080.62,2010.28,2034.76,2601342
2025-09-04,HINDUNILVR,Hindustan Unilever,FMCG,2048.07,2076.65,2032.43,2059.26,1835104
2025-09-05,HINDUNILVR,Hindustan Unilever,FMCG,2064.07,2085.59,2043.61,2063.15,1143574
2025-09-08,HINDUNILVR,Hindustan Unilever,FMCG,2086.68,2117.14,2048.49,2081.56,2813863
2025-09-09,HINDUNILVR,Hindustan Unilever,FMCG,2096.67,2120.53,2075.35,2081.27,4511557
2025-09-10,HINDUNILVR,Hindustan Unilever,FMCG,2133.47,2143.76,2071.37,2101.76,4033181
2025-09-11,HINDUNILVR,Hindustan Unilever,FMCG,2102.99,2127.01,2081.73,2089.89,1601492
2025-09-12,HINDUNILVR,Hindustan Unilever,FMCG,2086.9,2125.37,2083.51,2100.83,1256230
2025-09-15,HINDUNILVR,Hindustan Unilever,FMCG,2049.51,2077.13,2036.06,2044.55,2138249
2025-09-16,HINDUNILVR,Hindustan Unilever,FMCG,2022.11,2045.48,1991.77,2020.06,5921418
2025-09-17,HINDUNILVR,Hindustan Unilever,FMCG,1988.43,2031.14,1972.75,1996.25,3565733
2025-09-18,HINDUNILVR,Hindustan Unilever,FMCG,1962.34,1992.23,1931.27,1983.6,3682056
2025-09-19,HINDUNILVR,Hindustan Unilever,FMCG,1935.92,1984.81,1916.71,1951.31,4078429
2025-09-22,HINDUNILVR,Hindustan Unilever,FMCG,1944.69,1964.44,1930.68,1933.35,3150976
2025-09-23,HINDUNILVR,Hindustan Unilever,FMCG,1903.61,1927.26,1856.62,1881.42,2671460
2025-09-24,HINDUNILVR,Hindustan Unilever,FMCG,1874.22,1905.87,1868.83,1900.75,3598652
2025-09-25,HINDUNILVR,Hindustan Unilever,FMCG,1873.19,1912.87,1846.18,1898.69,1851320
2025-09-26,HINDUNILVR,Hindustan Unilever,FMCG,1839.09,1867.1,1832.0,1841.17,1148361
2025-09-29,HINDUNILVR,Hindustan Unilever,FMCG,1828.18,1851.98,1801.77,1814.24,3720801
2025-09-30,HINDUNILVR,Hindustan Unilever,FMCG,1815.47,1829.03,1790.16,1825.96,4938426
2025-10-01,HINDUNILVR,Hindustan Unilever,FMCG,1810.02,1828.65,1777.69,1808.84,1351564
2025-10-02,HINDUNILVR,Hindustan Unilever,FMCG,1788.09,1792.56,1773.81,1786.88,3928853
2025-10-03,HINDUNILVR,Hindustan Unilever,FMCG,1775.66,1817.2,1748.85,1785.19,6301022
2025-10-06,HINDUNILVR,Hindustan Unilever,FMCG,1793.35,1826.15,1785.74,1796.95,2496913
2025-10-07,HINDUNILVR,Hindustan Unilever,FMCG,1763.75,1766.15,1725.42,1751.21,1594227
2025-10-08,HINDUNILVR,Hindustan Unilever,FMCG,1772.7,1800.35,1747.7,1769.25,2675004
2025-10-09,HINDUNILVR,Hindustan Unilever,FMCG,1737.58,1773.48,1730.14,1744.47,1846878
2025-10-10,HINDUNILVR,Hindustan Unilever,FMCG,1739.28,1756.83,1728.59,1744.6,1780847
2025-10-13,HINDUNILVR,Hindustan Unilever,FMCG,1741.45,1767.27,1735.81,1744.19,3172569
2025-10-14,HINDUNILVR,Hindustan Unilever,FMCG,1718.71,1743.06,1705.8,1728.34,1034832
2025-10-15,HINDUNILVR,Hindustan Unilever,FMCG,1700.88,1721.52,1689.61,1697.18,1129900
2025-10-16,HINDUNILVR,Hindustan Unilever,FMCG,1687.33,1700.6,1667.17,1689.14,2526666
2025-10-17,HINDUNILVR,Hindustan Unilever,FMCG,1775.18,1786.69,1708.08,1739.23,2469513
2025-10-20,HINDUNILVR,Hindustan Unilever,FMCG,1701.89,1715.87,1695.25,1697.3,3019966
2025-10-21,HINDUNILVR,Hindustan Unilever,FMCG,1741.69,1755.76,1723.94,1749.68,7012292
2025-10-22,HINDUNILVR,Hindustan Unilever,FMCG,1746.29,1772.71,1723.46,1742.2,2647917
2025-10-23,HINDUNILVR,Hindustan Unilever,FMCG,1748.9,1761.01,1715.15,1744.0,3473926
2025-10-24,HINDUNILVR,Hindustan Unilever,FMCG,1721.34,1734.77,1694.16,1710.59,1461915
2025-10-27,HINDUNILVR,Hindustan Unilever,FMCG,1677.42,1714.86,1660.24,1687.52,3813915
2025-10-28,HINDUNILVR,Hindustan Unilever,FMCG,1667.43,1688.72,1652.4,1672.92,1871566
2025-10-29,HINDUNILVR,Hindustan Unilever,FMCG,1634.01,1658.94,1624.91,1642.1,2600157
2025-10-30,HINDUNILVR,Hindustan Unilever,FMCG,1653.71,1682.26,1633.39,1636.58,2354725
2025-10-31,HINDUNILVR,Hindustan Unilever,FMCG,1626.81,1652.96,1612.33,1625.25,4412434
2025-11-03,HINDUNILVR,Hindustan Unilever,FMCG,1682.87,1689.4,1676.86,1680.04,1216288
2025-11-04,HINDUNILVR,Hindustan Unilever,FMCG,1648.23,1663.14,1628.41,1645.45,712133
2025-11-05,HINDUNILVR,Hindustan Unilever,FMCG,1655.27,1684.26,1638.89,1649.15,2223100
2025-11-06,HINDUNILVR,Hindustan Unilever,FMCG,1660.62,1672.79,1640.48,1657.17,3234851
2025-11-07,HINDUNILVR,Hindustan Unilever,FMCG,1617.66,1637.8,1612.35,1625.91,2718387
2025-11-10,HINDUNILVR,Hindustan Unilever,FMCG,1665.78,1672.97,1618.9,1646.66,4923418
2025-11-11,HINDUNILVR,Hindustan Unilever,FMCG,1618.25,1640.32,1592.03,1635.51,3179887
2025-11-12,HINDUNILVR,Hindustan Unilever,FMCG,1558.27,1584.02,1551.68,1562.79,1833403
2025-11-13,HINDUNILVR,Hindustan Unilever,FMCG,1582.38,1604.68,1571.16,1581.98,695801
2025-11-14,HINDUNILVR,Hindustan Unilever,FMCG,1542.41,1577.9,1524.78,1550.81,2194093
2025-11-17,HINDUNILVR,Hindustan Unilever,FMCG,1535.55,1557.28,1518.18,1522.18,4400280
2025-11-18,HINDUNILVR,Hindustan Unilever,FMCG,1547.81,1555.76,1530.8,1541.63,2015091
2025-11-19,HINDUNILVR,Hindustan Unilever,FMCG,1533.73,1536.31,1524.54,1532.62,2539245
2025-11-20,HINDUNILVR,Hindustan Unilever,FMCG,1545.88,1586.22,1520.28,1558.55,3152005
2025-11-21,HINDUNILVR,Hindustan Unilever,FMCG,1593.57,1604.38,1568.44,1593.12,1430293
2025-11-24,HINDUNILVR,Hindustan Unilever,FMCG,1571.02,1585.2,1553.97,1575.27,3522146
2025-11-25,HINDUNILVR,Hindustan Unilever,FMCG,1604.06,1630.37,1582.65,1598.39,6151572
2025-11-26,HINDUNILVR,Hindustan Unilever,FMCG,1572.7,1594.56,1546.24,1577.29,2273324
2025-11-27,HINDUNILVR,Hindustan Unilever,FMCG,1624.97,1648.96,1597.59,1641.32,1343536
2025-11-28,HINDUNILVR,Hindustan Unilever,FMCG,1611.88,1647.64,1583.71,1621.51,2410080
2025-12-01,HINDUNILVR,Hindustan Unilever,FMCG,1652.91,1682.48,1646.93,1652.11,735561
2025-12-02,HINDUNILVR,Hindustan Unilever,FMCG,1671.09,1682.01,1664.85,1677.86,3008939
2025-12-03,HINDUNILVR,Hindustan Unilever,FMCG,1682.25,1714.51,1661.21,1688.08,3206056
2025-12-04,HINDUNILVR,Hindustan Unilever,FMCG,1663.32,1681.12,1646.35,1668.38,6283270
2025-12-05,HINDUNILVR,Hindustan Unilever,FMCG,1653.47,1680.99,1651.29,1664.5,2246994
2025-12-08,HINDUNILVR,Hindustan Unilever,FMCG,1590.1,1627.13,1586.84,1600.64,3129764
2025-12-09,HINDUNILVR,Hindustan Unilever,FMCG,1608.97,1637.21,1581.87,1607.75,1556721
2025-12-10,HINDUNILVR,Hindustan Unilever,FMCG,1612.3,1627.34,1586.87,1618.51,2054958
2025-12-11,HINDUNILVR,Hindustan Unilever,FMCG,1626.78,1634.3,1611.56,1623.04,1080516
2025-12-12,HINDUNILVR,Hindustan Unilever,FMCG,1545.39,1549.05,1512.01,1536.83,2246012
2025-12-15,HINDUNILVR,Hindustan Unilever,FMCG,1504.86,1520.74,1485.77,1502.43,2113553
2025-12-16,HINDUNILVR,Hindustan Unilever,FMCG,1483.48,1485.31,1461.0,1482.8,2947185
2025-12-17,HINDUNILVR,Hindustan Unilever,FMCG,1506.19,1518.25,1478.85,1491.18,1774134
2025-12-18,HINDUNILVR,Hindustan Unilever,FMCG,1491.84,1502.91,1487.47,1499.54,2617267
2025-12-19,HINDUNILVR,Hindustan Unilever,FMCG,1520.8,1532.8,1483.02,1495.55,2081173
2025-12-22,HINDUNILVR,Hindustan Unilever,FMCG,1488.99,1515.79,1475.93,1513.25,2083326
2025-12-23,HINDUNILVR,Hindustan Unilever,FMCG,1472.63,1508.48,1457.36,1485.9,2612976
2025-12-24,HINDUNILVR,Hindustan Unilever,FMCG,1505.17,1512.04,1498.61,1502.81,2556344
2025-12-25,HINDUNILVR,Hindustan Unilever,FMCG,1516.17,1526.24,1489.1,1516.26,3799754
2025-12-26,HINDUNILVR,Hindustan Unilever,FMCG,1524.4,1551.28,1516.55,1527.17,2339499
2025-12-29,HINDUNILVR,Hindustan Unilever,FMCG,1528.18,1549.09,1516.11,1522.77,2062365
2025-12-30,HINDUNILVR,Hindustan Unilever,FMCG,1571.75,1581.0,1556.1,1573.56,2263351
2025-12-31,HINDUNILVR,Hindustan Unilever,FMCG,1589.54,1593.07,1572.07,1588.16,1687461
2025-01-02,AXISBANK,Axis Bank,Financials,1208.72,1218.22,1191.42,1192.71,5487795
2025-01-03,AXISBANK,Axis Bank,Financials,1238.74,1254.99,1235.55,1236.79,2116131
2025-01-06,AXISBANK,Axis Bank,Financials,1208.42,1237.17,1197.51,1216.97,2745695
2025-01-07,AXISBANK,Axis Bank,Financials,1219.57,1234.62,1209.53,1211.35,3728736
2025-01-08,AXISBANK,Axis Bank,Financials,1198.35,1214.23,1177.3,1203.38,3390811
2025-01-09,AXISBANK,Axis Bank,Financials,1205.38,1222.56,1192.79,1198.51,1783107
2025-01-10,AXISBANK,Axis Bank,Financials,1191.09,1206.02,1180.33,1191.85,2636093
2025-01-13,AXISBANK,Axis Bank,Financials,1193.24,1200.75,1190.81,1198.31,3378519
2025-01-14,AXISBANK,Axis Bank,Financials,1166.52,1169.58,1150.43,1161.9,1344063
2025-01-15,AXISBANK,Axis Bank,Financials,1182.85,1186.01,1174.03,1184.06,5009004
2025-01-16,AXISBANK,Axis Bank,Financials,1201.01,1211.54,1195.91,1198.02,5494044
2025-01-17,AXISBANK,Axis Bank,Financials,1166.76,1189.32,1158.94,1171.69,1679945
2025-01-20,AXISBANK,Axis Bank,Financials,1122.72,1131.41,1114.13,1124.31,2780996
2025-01-21,AXISBANK,Axis Bank,Financials,1104.61,1113.3,1084.91,1104.98,3559228
2025-01-22,AXISBANK,Axis Bank,Financials,1090.4,1118.72,1085.46,1100.6,1851882
2025-01-23,AXISBANK,Axis Bank,Financials,1147.6,1169.7,1135.82,1152.16,3258211
2025-01-24,AXISBANK,Axis Bank,Financials,1168.72,1183.11,1143.18,1163.88,2734862
2025-01-27,AXISBANK,Axis Bank,Financials,1127.06,1133.3,1110.19,1126.48,1115090
2025-01-28,AXISBANK,Axis Bank,Financials,1113.45,1116.78,1093.04,1112.95,3218223
2025-01-29,AXISBANK,Axis Bank,Financials,1111.79,1113.74,1092.38,1112.33,1365079
2025-01-30,AXISBANK,Axis Bank,Financials,1101.17,1121.0,1090.91,1117.85,4190635
2025-01-31,AXISBANK,Axis Bank,Financials,1089.42,1098.37,1075.43,1091.84,1728276
2025-02-03,AXISBANK,Axis Bank,Financials,1103.1,1114.55,1086.49,1089.63,2287784
2025-02-04,AXISBANK,Axis Bank,Financials,1079.5,1081.76,1066.84,1075.99,5317717
2025-02-05,AXISBANK,Axis Bank,Financials,1067.42,1070.96,1039.47,1055.04,3284783
2025-02-06,AXISBANK,Axis Bank,Financials,1062.49,1066.83,1050.22,1060.39,1380685
2025-02-07,AXISBANK,Axis Bank,Financials,1088.57,1101.35,1061.66,1075.59,1430589
2025-02-10,AXISBANK,Axis Bank,Financials,1098.04,1110.64,1077.36,1092.3,1797998
2025-02-11,AXISBANK,Axis Bank,Financials,1114.2,1125.74,1098.17,1104.03,3106028
2025-02-12,AXISBANK,Axis Bank,Financials,1092.07,1100.34,1074.72,1094.59,3044557
2025-02-13,AXISBANK,Axis Bank,Financials,1109.1,1117.21,1099.32,1109.1,1572370
2025-02-14,AXISBANK,Axis Bank,Financials,1113.69,1118.67,1108.6,1115.72,1315642
2025-02-17,AXISBANK,Axis Bank,Financials,1119.56,1124.99,1101.27,1118.85,2918767
2025-02-18,AXISBANK,Axis Bank,Financials,1116.32,1134.47,1098.01,1106.98,2262041
2025-02-19,AXISBANK,Axis Bank,Financials,1094.15,1116.9,1079.1,1097.53,8188735
2025-02-20,AXISBANK,Axis Bank,Financials,1086.89,1112.63,1075.68,1099.42,2550840
2025-02-21,AXISBANK,Axis Bank,Financials,1145.34,1167.19,1136.75,1148.15,6781035
2025-02-24,AXISBANK,Axis Bank,Financials,1157.79,1171.6,1137.78,1154.83,1313348
2025-02-25,AXISBANK,Axis Bank,Financials,1152.46,1154.27,1130.09,1142.59,1052347
2025-02-26,AXISBANK,Axis Bank,Financials,1132.1,1152.41,1117.33,1125.93,1350188
2025-02-27,AXISBANK,Axis Bank,Financials,1113.38,1119.41,1110.2,1116.41,4808148
2025-02-28,AXISBANK,Axis Bank,Financials,1153.19,1175.24,1134.48,1160.61,6567587
2025-03-03,AXISBANK,Axis Bank,Financials,1150.93,1158.84,1149.09,1152.73,1625949
2025-03-04,AXISBANK,Axis Bank,Financials,1166.41,1180.99,1148.13,1172.01,1940565
2025-03-05,AXISBANK,Axis Bank,Financials,1159.63,1178.5,1151.37,1164.55,1314361
2025-03-06,AXISBANK,Axis Bank,Financials,1166.95,1180.35,1153.09,1170.49,923013
2025-03-07,AXISBANK,Axis Bank,Financials,1192.35,1198.62,1167.83,1187.64,3711429
2025-03-10,AXISBANK,Axis Bank,Financials,1174.66,1183.75,1170.46,1175.89,2826253
2025-03-11,AXISBANK,Axis Bank,Financials,1168.74,1176.69,1150.42,1162.79,2514462
2025-03-12,AXISBANK,Axis Bank,Financials,1197.85,1218.71,1181.09,1197.98,1157496
2025-03-13,AXISBANK,Axis Bank,Financials,1217.27,1237.47,1200.38,1219.69,6161171
2025-03-14,AXISBANK,Axis Bank,Financials,1225.19,1248.42,1213.02,1237.53,1895427
2025-03-17,AXISBANK,Axis Bank,Financials,1265.51,1271.07,1240.98,1255.57,3352764
2025-03-18,AXISBANK,Axis Bank,Financials,1262.81,1285.18,1245.28,1266.45,1123312
2025-03-19,AXISBANK,Axis Bank,Financials,1301.39,1317.78,1281.48,1312.96,2251286
2025-03-20,AXISBANK,Axis Bank,Financials,1308.56,1320.54,1290.31,1314.52,2934528
2025-03-21,AXISBANK,Axis Bank,Financials,1322.1,1338.3,1312.82,1328.71,2992718
2025-03-24,AXISBANK,Axis Bank,Financials,1289.99,1315.2,1266.84,1294.54,2721946
2025-03-25,AXISBANK,Axis Bank,Financials,1265.97,1279.97,1255.35,1275.83,3281426
2025-03-26,AXISBANK,Axis Bank,Financials,1256.97,1260.84,1247.0,1248.76,1342460
2025-03-27,AXISBANK,Axis Bank,Financials,1288.62,1300.73,1268.75,1277.9,2786665
2025-03-28,AXISBANK,Axis Bank,Financials,1219.75,1226.7,1215.83,1219.7,2661413
2025-03-31,AXISBANK,Axis Bank,Financials,1227.27,1240.36,1207.64,1211.35,2839734
2025-04-01,AXISBANK,Axis Bank,Financials,1138.16,1156.51,1131.57,1146.56,2601480
2025-04-02,AXISBANK,Axis Bank,Financials,1121.65,1139.35,1119.51,1129.87,1241131
2025-04-03,AXISBANK,Axis Bank,Financials,1123.25,1126.52,1106.1,1120.33,1211065
2025-04-04,AXISBANK,Axis Bank,Financials,1151.27,1155.18,1146.11,1148.71,739665
2025-04-07,AXISBANK,Axis Bank,Financials,1157.87,1175.19,1152.21,1157.37,3919384
2025-04-08,AXISBANK,Axis Bank,Financials,1140.12,1158.79,1137.18,1140.48,3941267
2025-04-09,AXISBANK,Axis Bank,Financials,1161.93,1168.62,1159.52,1162.81,3975869
2025-04-10,AXISBANK,Axis Bank,Financials,1159.77,1167.06,1153.33,1163.65,2959514
2025-04-11,AXISBANK,Axis Bank,Financials,1166.11,1168.34,1152.41,1164.9,773426
2025-04-14,AXISBANK,Axis Bank,Financials,1133.74,1153.08,1114.01,1140.15,1421339
2025-04-15,AXISBANK,Axis Bank,Financials,1117.3,1135.04,1099.55,1120.29,2745653
2025-04-16,AXISBANK,Axis Bank,Financials,1108.14,1116.27,1086.56,1104.1,2693457
2025-04-17,AXISBANK,Axis Bank,Financials,1096.68,1119.34,1092.3,1105.47,2211739
2025-04-18,AXISBANK,Axis Bank,Financials,1116.56,1131.21,1101.36,1107.46,3062388
2025-04-21,AXISBANK,Axis Bank,Financials,1139.31,1158.57,1136.06,1138.68,2516072
2025-04-22,AXISBANK,Axis Bank,Financials,1140.41,1149.44,1124.18,1147.03,2671698
2025-04-23,AXISBANK,Axis Bank,Financials,1096.34,1101.02,1089.2,1091.59,1759104
2025-04-24,AXISBANK,Axis Bank,Financials,1095.15,1099.56,1083.69,1097.18,4290472
2025-04-25,AXISBANK,Axis Bank,Financials,1065.51,1085.83,1059.96,1068.99,1972627
2025-04-28,AXISBANK,Axis Bank,Financials,1056.28,1071.57,1045.43,1050.83,1202537
2025-04-29,AXISBANK,Axis Bank,Financials,1036.33,1047.49,1017.4,1035.88,1635978
2025-04-30,AXISBANK,Axis Bank,Financials,1024.89,1027.37,1009.73,1023.93,2063976
2025-05-01,AXISBANK,Axis Bank,Financials,1002.31,1007.97,983.78,998.99,4318863
2025-05-02,AXISBANK,Axis Bank,Financials,989.39,1009.13,978.78,1003.05,2442551
2025-05-05,AXISBANK,Axis Bank,Financials,982.48,992.83,962.52,977.98,2256712
2025-05-06,AXISBANK,Axis Bank,Financials,978.75,989.96,967.03,984.65,1258003
2025-05-07,AXISBANK,Axis Bank,Financials,1027.11,1029.42,1007.19,1024.69,3850897
2025-05-08,AXISBANK,Axis Bank,Financials,1007.15,1020.67,994.8,1000.58,1746680
2025-05-09,AXISBANK,Axis Bank,Financials,995.25,1001.92,984.18,995.86,2366176
2025-05-12,AXISBANK,Axis Bank,Financials,947.33,959.29,935.27,951.02,5642862
2025-05-13,AXISBANK,Axis Bank,Financials,941.06,949.25,933.83,946.25,3307228
2025-05-14,AXISBANK,Axis Bank,Financials,948.69,971.6,933.55,957.58,1020967
2025-05-15,AXISBANK,Axis Bank,Financials,953.53,980.68,936.7,970.38,944650
2025-05-16,AXISBANK,Axis Bank,Financials,970.66,987.99,961.54,972.12,2413118
2025-05-19,AXISBANK,Axis Bank,Financials,992.02,1001.37,980.52,988.07,1283105
2025-05-20,AXISBANK,Axis Bank,Financials,1030.95,1051.33,1021.65,1033.75,3571520
2025-05-21,AXISBANK,Axis Bank,Financials,1067.73,1084.99,1049.5,1066.02,2558792
2025-05-22,AXISBANK,Axis Bank,Financials,1050.59,1067.83,1038.01,1056.42,2738067
2025-05-23,AXISBANK,Axis Bank,Financials,1037.33,1054.83,1027.44,1029.25,1694829
2025-05-26,AXISBANK,Axis Bank,Financials,1007.82,1028.78,997.52,1022.14,6514638
2025-05-27,AXISBANK,Axis Bank,Financials,999.99,1012.38,998.7,1005.13,11937888
2025-05-28,AXISBANK,Axis Bank,Financials,1024.04,1025.86,999.26,1013.69,2144848
2025-05-29,AXISBANK,Axis Bank,Financials,996.79,1007.77,986.01,992.55,3035761
2025-05-30,AXISBANK,Axis Bank,Financials,986.81,1004.8,977.91,991.64,2637602
2025-06-02,AXISBANK,Axis Bank,Financials,999.94,1021.25,985.36,1007.0,2167258
2025-06-03,AXISBANK,Axis Bank,Financials,1013.31,1016.9,1003.78,1005.58,1581940
2025-06-04,AXISBANK,Axis Bank,Financials,984.64,997.3,981.0,988.85,1376519
2025-06-05,AXISBANK,Axis Bank,Financials,1022.1,1026.19,1002.31,1010.16,1338717
2025-06-06,AXISBANK,Axis Bank,Financials,976.92,988.89,971.6,976.39,3124182
2025-06-09,AXISBANK,Axis Bank,Financials,964.59,974.6,958.08,971.02,1878492
2025-06-10,AXISBANK,Axis Bank,Financials,973.91,989.85,953.24,970.68,605457
2025-06-11,AXISBANK,Axis Bank,Financials,980.21,985.04,956.75,971.35,3193005
2025-06-12,AXISBANK,Axis Bank,Financials,974.04,980.7,958.43,974.89,2447940
2025-06-13,AXISBANK,Axis Bank,Financials,989.59,1004.89,969.3,986.0,5243351
2025-06-16,AXISBANK,Axis Bank,Financials,982.05,994.43,975.38,985.76,3069479
2025-06-17,AXISBANK,Axis Bank,Financials,984.86,986.24,973.7,979.63,1108513
2025-06-18,AXISBANK,Axis Bank,Financials,977.36,986.56,967.99,972.83,733423
2025-06-19,AXISBANK,Axis Bank,Financials,974.33,976.7,947.97,962.51,1683005
2025-06-20,AXISBANK,Axis Bank,Financials,975.55,993.88,963.3,976.54,1772660
2025-06-23,AXISBANK,Axis Bank,Financials,966.5,977.13,960.73,965.57,4199763
2025-06-24,AXISBANK,Axis Bank,Financials,987.71,993.01,973.41,980.67,2487832
2025-06-25,AXISBANK,Axis Bank,Financials,980.26,991.78,970.83,981.4,4663747
2025-06-26,AXISBANK,Axis Bank,Financials,966.63,974.83,956.98,972.58,1206390
2025-06-27,AXISBANK,Axis Bank,Financials,985.07,999.45,967.95,983.8,4251135
2025-06-30,AXISBANK,Axis Bank,Financials,969.75,987.56,962.51,971.31,3716694
2025-07-01,AXISBANK,Axis Bank,Financials,981.25,998.45,965.11,982.86,823873
2025-07-02,AXISBANK,Axis Bank,Financials,994.2,1000.97,978.62,987.01,5174437
2025-07-03,AXISBANK,Axis Bank,Financials,964.91,983.2,951.7,976.81,2631865
2025-07-04,AXISBANK,Axis Bank,Financials,989.29,990.87,969.91,986.5,3101591
2025-07-07,AXISBANK,Axis Bank,Financials,992.69,1008.63,976.38,996.6,1553635
2025-07-08,AXISBANK,Axis Bank,Financials,1013.09,1028.03,1011.09,1017.76,5041363
2025-07-09,AXISBANK,Axis Bank,Financials,1036.74,1045.87,1031.21,1035.87,1302221
2025-07-10,AXISBANK,Axis Bank,Financials,1041.65,1062.62,1032.16,1045.44,3950891
2025-07-11,AXISBANK,Axis Bank,Financials,1023.13,1028.59,1014.6,1024.64,3926014
2025-07-14,AXISBANK,Axis Bank,Financials,1079.39,1080.65,1057.48,1070.21,1463013
2025-07-15,AXISBANK,Axis Bank,Financials,1045.69,1048.04,1025.8,1043.6,7442048
2025-07-16,AXISBANK,Axis Bank,Financials,1065.77,1070.88,1058.76,1061.85,2839509
2025-07-17,AXISBANK,Axis Bank,Financials,1073.49,1075.17,1061.23,1070.52,3582037
2025-07-18,AXISBANK,Axis Bank,Financials,1056.59,1066.68,1043.84,1048.32,1079366
2025-07-21,AXISBANK,Axis Bank,Financials,1039.37,1053.03,1022.53,1046.4,8012815
2025-07-22,AXISBANK,Axis Bank,Financials,1035.38,1049.58,1017.37,1045.33,1274793
2025-07-23,AXISBANK,Axis Bank,Financials,1064.07,1085.03,1054.35,1070.32,4392850
2025-07-24,AXISBANK,Axis Bank,Financials,1049.0,1061.73,1046.1,1057.0,1446528
2025-07-25,AXISBANK,Axis Bank,Financials,1054.62,1068.0,1037.34,1052.44,1778636
2025-07-28,AXISBANK,Axis Bank,Financials,1012.47,1019.5,995.64,1008.61,3857832
2025-07-29,AXISBANK,Axis Bank,Financials,1045.39,1055.53,1033.19,1040.5,4399296
2025-07-30,AXISBANK,Axis Bank,Financials,1016.94,1038.1,1000.58,1020.87,1242448
2025-07-31,AXISBANK,Axis Bank,Financials,1025.89,1028.97,1007.85,1027.29,4554202
2025-08-01,AXISBANK,Axis Bank,Financials,1026.3,1036.05,1015.07,1025.82,4441668
2025-08-04,AXISBANK,Axis Bank,Financials,1016.52,1040.33,1005.73,1024.42,1492445
2025-08-05,AXISBANK,Axis Bank,Financials,1037.25,1051.2,1030.96,1039.77,6022767
2025-08-06,AXISBANK,Axis Bank,Financials,1076.88,1083.03,1059.74,1071.46,1121894
2025-08-07,AXISBANK,Axis Bank,Financials,1081.16,1089.55,1067.62,1076.74,1772987
2025-08-08,AXISBANK,Axis Bank,Financials,1085.43,1103.56,1078.77,1089.87,3253535
2025-08-11,AXISBANK,Axis Bank,Financials,1089.94,1114.46,1087.61,1096.76,1563347
2025-08-12,AXISBANK,Axis Bank,Financials,1113.6,1119.18,1107.7,1117.28,2890389
2025-08-13,AXISBANK,Axis Bank,Financials,1095.95,1110.88,1091.16,1108.42,2854459
2025-08-14,AXISBANK,Axis Bank,Financials,1119.34,1137.7,1107.9,1130.32,2255563
2025-08-15,AXISBANK,Axis Bank,Financials,1150.32,1159.08,1137.4,1153.36,3951562
2025-08-18,AXISBANK,Axis Bank,Financials,1182.25,1188.76,1162.95,1176.3,2204922
2025-08-19,AXISBANK,Axis Bank,Financials,1172.01,1177.59,1153.96,1162.79,2839529
2025-08-20,AXISBANK,Axis Bank,Financials,1162.44,1167.47,1150.27,1159.74,4696653
2025-08-21,AXISBANK,Axis Bank,Financials,1159.96,1168.95,1142.35,1165.2,3861934
2025-08-22,AXISBANK,Axis Bank,Financials,1124.59,1156.1,1114.36,1136.91,3852029
2025-08-25,AXISBANK,Axis Bank,Financials,1167.08,1174.04,1146.32,1170.01,1328754
2025-08-26,AXISBANK,Axis Bank,Financials,1162.07,1175.45,1152.22,1170.22,3336514
2025-08-27,AXISBANK,Axis Bank,Financials,1178.4,1184.51,1162.49,1176.66,1542055
2025-08-28,AXISBANK,Axis Bank,Financials,1160.58,1184.56,1158.42,1164.91,1235545
2025-08-29,AXISBANK,Axis Bank,Financials,1131.97,1153.31,1118.26,1137.56,2403322
2025-09-01,AXISBANK,Axis Bank,Financials,1139.18,1155.61,1108.23,1125.64,1520331
2025-09-02,AXISBANK,Axis Bank,Financials,1133.35,1136.5,1111.29,1130.54,3861788
2025-09-03,AXISBANK,Axis Bank,Financials,1138.21,1162.11,1117.77,1144.69,3912925
2025-09-04,AXISBANK,Axis Bank,Financials,1146.6,1157.6,1139.95,1148.48,877960
2025-09-05,AXISBANK,Axis Bank,Financials,1164.47,1170.84,1143.65,1156.11,1585221
2025-09-08,AXISBANK,Axis Bank,Financials,1166.57,1179.15,1139.6,1149.56,1120088
2025-09-09,AXISBANK,Axis Bank,Financials,1162.84,1180.26,1148.01,1160.29,1938364
2025-09-10,AXISBANK,Axis Bank,Financials,1192.23,1209.21,1187.34,1191.72,3211176
2025-09-11,AXISBANK,Axis Bank,Financials,1213.75,1233.33,1188.54,1207.32,2188097
2025-09-12,AXISBANK,Axis Bank,Financials,1224.34,1245.95,1204.19,1225.39,1807461
2025-09-15,AXISBANK,Axis Bank,Financials,1228.63,1238.59,1218.01,1232.37,5110962
2025-09-16,AXISBANK,Axis Bank,Financials,1194.71,1209.36,1187.82,1199.52,703715
2025-09-17,AXISBANK,Axis Bank,Financials,1194.32,1195.81,1173.44,1177.44,4936073
2025-09-18,AXISBANK,Axis Bank,Financials,1196.99,1216.08,1172.56,1187.55,1853233
2025-09-19,AXISBANK,Axis Bank,Financials,1189.97,1194.29,1180.3,1187.79,2394874
2025-09-22,AXISBANK,Axis Bank,Financials,1193.58,1216.41,1173.93,1197.67,1870565
2025-09-23,AXISBANK,Axis Bank,Financials,1230.68,1242.44,1215.41,1234.29,5840866
2025-09-24,AXISBANK,Axis Bank,Financials,1247.38,1260.0,1232.45,1250.92,1270299
2025-09-25,AXISBANK,Axis Bank,Financials,1282.71,1284.85,1266.31,1279.76,2516189
2025-09-26,AXISBANK,Axis Bank,Financials,1284.98,1293.41,1280.18,1282.46,3341373
2025-09-29,AXISBANK,Axis Bank,Financials,1269.88,1290.33,1243.04,1264.33,1030701
2025-09-30,AXISBANK,Axis Bank,Financials,1257.73,1265.34,1243.04,1263.52,1507340
2025-10-01,AXISBANK,Axis Bank,Financials,1252.64,1262.55,1223.43,1245.73,2304335
2025-10-02,AXISBANK,Axis Bank,Financials,1274.67,1283.13,1261.75,1281.17,1535145
2025-10-03,AXISBANK,Axis Bank,Financials,1298.29,1309.4,1281.32,1299.91,1596342
2025-10-06,AXISBANK,Axis Bank,Financials,1312.96,1318.13,1310.04,1312.6,2062391
2025-10-07,AXISBANK,Axis Bank,Financials,1347.64,1354.77,1326.57,1342.33,3573553
2025-10-08,AXISBANK,Axis Bank,Financials,1304.67,1325.44,1275.94,1294.06,2070512
2025-10-09,AXISBANK,Axis Bank,Financials,1313.38,1324.43,1289.65,1308.28,4524129
2025-10-10,AXISBANK,Axis Bank,Financials,1280.47,1287.71,1259.93,1277.94,1444154
2025-10-13,AXISBANK,Axis Bank,Financials,1296.71,1311.0,1272.08,1278.28,1255750
2025-10-14,AXISBANK,Axis Bank,Financials,1273.13,1277.48,1249.26,1271.62,7212248
2025-10-15,AXISBANK,Axis Bank,Financials,1280.17,1294.24,1257.24,1287.27,1740920
2025-10-16,AXISBANK,Axis Bank,Financials,1288.69,1306.38,1285.75,1293.08,1215662
2025-10-17,AXISBANK,Axis Bank,Financials,1328.86,1335.55,1302.49,1324.9,959024
2025-10-20,AXISBANK,Axis Bank,Financials,1310.71,1327.53,1302.95,1311.08,4515868
2025-10-21,AXISBANK,Axis Bank,Financials,1332.78,1345.25,1311.44,1328.34,2072122
2025-10-22,AXISBANK,Axis Bank,Financials,1331.56,1351.57,1322.57,1332.75,2174394
2025-10-23,AXISBANK,Axis Bank,Financials,1282.2,1316.2,1259.83,1294.05,2290407
2025-10-24,AXISBANK,Axis Bank,Financials,1265.82,1276.95,1262.37,1273.17,4364088
2025-10-27,AXISBANK,Axis Bank,Financials,1266.29,1278.74,1254.31,1270.25,2264942
2025-10-28,AXISBANK,Axis Bank,Financials,1300.03,1308.39,1285.46,1296.19,9074972
2025-10-29,AXISBANK,Axis Bank,Financials,1301.67,1312.19,1293.15,1307.52,2690855
2025-10-30,AXISBANK,Axis Bank,Financials,1293.66,1312.78,1265.23,1280.57,4482909
2025-10-31,AXISBANK,Axis Bank,Financials,1279.78,1297.6,1273.72,1277.85,3892971
2025-11-03,AXISBANK,Axis Bank,Financials,1320.15,1337.0,1302.74,1324.77,2450383
2025-11-04,AXISBANK,Axis Bank,Financials,1322.08,1341.42,1298.72,1327.95,1810235
2025-11-05,AXISBANK,Axis Bank,Financials,1315.37,1323.32,1296.07,1320.66,3000775
2025-11-06,AXISBANK,Axis Bank,Financials,1330.52,1346.8,1309.74,1332.88,3309658
2025-11-07,AXISBANK,Axis Bank,Financials,1353.31,1372.87,1342.11,1351.73,1824613
2025-11-10,AXISBANK,Axis Bank,Financials,1336.85,1355.59,1328.13,1341.17,2739504
2025-11-11,AXISBANK,Axis Bank,Financials,1361.62,1369.12,1340.58,1353.84,4934263
2025-11-12,AXISBANK,Axis Bank,Financials,1353.22,1369.93,1343.97,1346.36,7804979
2025-11-13,AXISBANK,Axis Bank,Financials,1363.83,1374.08,1340.55,1364.33,3999598
2025-11-14,AXISBANK,Axis Bank,Financials,1367.63,1383.1,1362.91,1369.05,6964379
2025-11-17,AXISBANK,Axis Bank,Financials,1396.77,1409.75,1358.88,1381.47,1768505
2025-11-18,AXISBANK,Axis Bank,Financials,1359.43,1373.34,1356.14,1363.15,3677841
2025-11-19,AXISBANK,Axis Bank,Financials,1337.34,1361.3,1317.3,1343.54,5219890
2025-11-20,AXISBANK,Axis Bank,Financials,1367.58,1389.49,1362.04,1366.94,1527003
2025-11-21,AXISBANK,Axis Bank,Financials,1346.35,1367.02,1344.14,1365.54,1914039
2025-11-24,AXISBANK,Axis Bank,Financials,1378.74,1402.0,1354.92,1373.09,6502185
2025-11-25,AXISBANK,Axis Bank,Financials,1369.03,1382.3,1358.19,1366.06,1462264
2025-11-26,AXISBANK,Axis Bank,Financials,1392.01,1409.98,1370.45,1388.71,1195625
2025-11-27,AXISBANK,Axis Bank,Financials,1374.7,1396.07,1359.73,1374.07,5793175
2025-11-28,AXISBANK,Axis Bank,Financials,1373.98,1386.26,1367.36,1371.27,4828377
2025-12-01,AXISBANK,Axis Bank,Financials,1403.06,1424.38,1367.78,1391.22,3170714
2025-12-02,AXISBANK,Axis Bank,Financials,1425.82,1431.55,1408.8,1421.15,2437931
2025-12-03,AXISBANK,Axis Bank,Financials,1409.14,1414.36,1389.33,1408.32,1964233
2025-12-04,AXISBANK,Axis Bank,Financials,1447.88,1476.32,1434.1,1458.56,2919354
2025-12-05,AXISBANK,Axis Bank,Financials,1448.23,1490.54,1431.9,1467.37,5960679
2025-12-08,AXISBANK,Axis Bank,Financials,1428.96,1463.7,1420.17,1440.41,2850521
2025-12-09,AXISBANK,Axis Bank,Financials,1457.33,1474.74,1444.16,1450.55,8232735
2025-12-10,AXISBANK,Axis Bank,Financials,1447.17,1461.55,1426.4,1441.13,1525653
2025-12-11,AXISBANK,Axis Bank,Financials,1454.36,1464.0,1440.64,1452.97,2473084
2025-12-12,AXISBANK,Axis Bank,Financials,1437.04,1478.08,1426.07,1452.43,2036247
2025-12-15,AXISBANK,Axis Bank,Financials,1456.4,1465.77,1436.86,1454.95,1376388
2025-12-16,AXISBANK,Axis Bank,Financials,1443.15,1462.85,1413.42,1431.66,2298127
2025-12-17,AXISBANK,Axis Bank,Financials,1462.14,1476.83,1455.15,1457.74,3145025
2025-12-18,AXISBANK,Axis Bank,Financials,1421.53,1444.19,1411.93,1427.99,3335482
2025-12-19,AXISBANK,Axis Bank,Financials,1394.29,1410.83,1383.14,1400.06,8248566
2025-12-22,AXISBANK,Axis Bank,Financials,1411.58,1436.14,1406.15,1409.88,3227629
2025-12-23,AXISBANK,Axis Bank,Financials,1445.2,1466.68,1437.95,1451.12,4706130
2025-12-24,AXISBANK,Axis Bank,Financials,1462.44,1487.22,1439.78,1442.49,2592551
2025-12-25,AXISBANK,Axis Bank,Financials,1460.36,1462.92,1434.17,1461.27,6291637
2025-12-26,AXISBANK,Axis Bank,Financials,1482.43,1506.08,1462.39,1490.09,9350575
2025-12-29,AXISBANK,Axis Bank,Financials,1520.13,1540.18,1508.77,1512.53,3348081
2025-12-30,AXISBANK,Axis Bank,Financials,1512.25,1532.92,1502.64,1504.67,1448209
2025-12-31,AXISBANK,Axis Bank,Financials,1492.43,1516.88,1456.2,1475.72,1848635
2025-01-02,KOTAKBANK,Kotak Mahindra Bank,Financials,1970.47,1995.71,1947.3,1960.68,1601641
2025-01-03,KOTAKBANK,Kotak Mahindra Bank,Financials,1986.57,2001.45,1974.86,1977.57,7115980
2025-01-06,KOTAKBANK,Kotak Mahindra Bank,Financials,1997.36,2009.74,1983.14,2003.22,1876056
2025-01-07,KOTAKBANK,Kotak Mahindra Bank,Financials,1992.12,2052.25,1960.0,2020.62,7184281
2025-01-08,KOTAKBANK,Kotak Mahindra Bank,Financials,2009.58,2044.81,1983.99,2021.68,1261676
2025-01-09,KOTAKBANK,Kotak Mahindra Bank,Financials,1984.27,2013.39,1977.38,1999.34,1400574
2025-01-10,KOTAKBANK,Kotak Mahindra Bank,Financials,2016.9,2019.97,1992.31,2014.57,2072205
2025-01-13,KOTAKBANK,Kotak Mahindra Bank,Financials,2090.17,2111.36,2048.97,2082.65,2413862
2025-01-14,KOTAKBANK,Kotak Mahindra Bank,Financials,2131.7,2167.29,2094.34,2121.71,4153655
2025-01-15,KOTAKBANK,Kotak Mahindra Bank,Financials,2149.28,2173.22,2135.42,2142.98,3203405
2025-01-16,KOTAKBANK,Kotak Mahindra Bank,Financials,2210.78,2249.51,2149.16,2183.55,1988374
2025-01-17,KOTAKBANK,Kotak Mahindra Bank,Financials,2179.32,2186.56,2156.55,2169.84,2323249
2025-01-20,KOTAKBANK,Kotak Mahindra Bank,Financials,2158.12,2181.12,2132.11,2150.86,2097625
2025-01-21,KOTAKBANK,Kotak Mahindra Bank,Financials,2125.01,2155.96,2101.66,2122.77,1511694
2025-01-22,KOTAKBANK,Kotak Mahindra Bank,Financials,2117.16,2139.88,2084.43,2118.83,1534049
2025-01-23,KOTAKBANK,Kotak Mahindra Bank,Financials,2099.02,2108.94,2063.68,2103.58,4400098
2025-01-24,KOTAKBANK,Kotak Mahindra Bank,Financials,2150.37,2173.83,2114.04,2150.18,914662
2025-01-27,KOTAKBANK,Kotak Mahindra Bank,Financials,2140.11,2164.5,2130.22,2132.64,6085068
2025-01-28,KOTAKBANK,Kotak Mahindra Bank,Financials,2127.74,2156.23,2067.62,2102.68,2070197
2025-01-29,KOTAKBANK,Kotak Mahindra Bank,Financials,2184.58,2215.04,2172.85,2177.04,1634621
2025-01-30,KOTAKBANK,Kotak Mahindra Bank,Financials,2172.9,2203.55,2148.31,2160.23,3755263
2025-01-31,KOTAKBANK,Kotak Mahindra Bank,Financials,2161.02,2193.67,2139.94,2167.06,5658505
2025-02-03,KOTAKBANK,Kotak Mahindra Bank,Financials,2173.67,2195.73,2153.76,2185.53,4622744
2025-02-04,KOTAKBANK,Kotak Mahindra Bank,Financials,2129.7,2158.55,2105.67,2141.69,3294681
2025-02-05,KOTAKBANK,Kotak Mahindra Bank,Financials,2180.27,2221.26,2160.32,2190.17,4545172
2025-02-06,KOTAKBANK,Kotak Mahindra Bank,Financials,2217.94,2256.11,2178.75,2216.17,972599
2025-02-07,KOTAKBANK,Kotak Mahindra Bank,Financials,2286.38,2291.73,2267.62,2279.22,1876266
2025-02-10,KOTAKBANK,Kotak Mahindra Bank,Financials,2262.41,2285.27,2239.52,2252.26,1514593
2025-02-11,KOTAKBANK,Kotak Mahindra Bank,Financials,2277.79,2292.17,2219.6,2257.18,4902974
2025-02-12,KOTAKBANK,Kotak Mahindra Bank,Financials,2246.32,2270.6,2241.14,2259.69,2024611
2025-02-13,KOTAKBANK,Kotak Mahindra Bank,Financials,2273.71,2295.53,2245.52,2271.32,3979930
2025-02-14,KOTAKBANK,Kotak Mahindra Bank,Financials,2229.43,2254.63,2184.9,2212.76,3356880
2025-02-17,KOTAKBANK,Kotak Mahindra Bank,Financials,2229.12,2231.71,2196.78,2218.06,1555849
2025-02-18,KOTAKBANK,Kotak Mahindra Bank,Financials,2173.3,2204.3,2134.32,2162.0,1810247
2025-02-19,KOTAKBANK,Kotak Mahindra Bank,Financials,2176.24,2209.32,2167.68,2176.81,5093119
2025-02-20,KOTAKBANK,Kotak Mahindra Bank,Financials,2080.94,2130.74,2048.7,2094.27,1631949
2025-02-21,KOTAKBANK,Kotak Mahindra Bank,Financials,2029.55,2037.81,2018.46,2025.31,2677725
2025-02-24,KOTAKBANK,Kotak Mahindra Bank,Financials,2084.13,2107.28,2039.9,2055.96,1625626
2025-02-25,KOTAKBANK,Kotak Mahindra Bank,Financials,2038.86,2055.69,2031.9,2036.55,2103530
2025-02-26,KOTAKBANK,Kotak Mahindra Bank,Financials,2003.03,2016.43,1980.6,2001.15,2437326
2025-02-27,KOTAKBANK,Kotak Mahindra Bank,Financials,2050.49,2072.26,2022.36,2047.73,1625335
2025-02-28,KOTAKBANK,Kotak Mahindra Bank,Financials,2068.41,2097.99,2025.59,2060.62,1474095
2025-03-03,KOTAKBANK,Kotak Mahindra Bank,Financials,2091.06,2096.71,2062.69,2093.79,2926306
2025-03-04,KOTAKBANK,Kotak Mahindra Bank,Financials,2087.54,2124.87,2066.24,2088.36,1570957
2025-03-05,KOTAKBANK,Kotak Mahindra Bank,Financials,2190.25,2222.6,2153.02,2189.93,1600680
2025-03-06,KOTAKBANK,Kotak Mahindra Bank,Financials,2161.62,2196.81,2141.88,2166.97,1491543
2025-03-07,KOTAKBANK,Kotak Mahindra Bank,Financials,2241.67,2272.89,2212.32,2235.89,2395139
2025-03-10,KOTAKBANK,Kotak Mahindra Bank,Financials,2240.85,2257.92,2209.43,2234.31,4201016
2025-03-11,KOTAKBANK,Kotak Mahindra Bank,Financials,2150.85,2198.54,2133.71,2168.66,5725222
2025-03-12,KOTAKBANK,Kotak Mahindra Bank,Financials,2181.06,2204.96,2147.79,2188.38,1677049
2025-03-13,KOTAKBANK,Kotak Mahindra Bank,Financials,2190.78,2237.49,2181.7,2201.65,8157695
2025-03-14,KOTAKBANK,Kotak Mahindra Bank,Financials,2145.09,2169.54,2122.71,2160.87,1438646
2025-03-17,KOTAKBANK,Kotak Mahindra Bank,Financials,2119.18,2138.56,2091.04,2125.87,4536893
2025-03-18,KOTAKBANK,Kotak Mahindra Bank,Financials,2113.99,2147.82,2079.39,2125.77,1680947
2025-03-19,KOTAKBANK,Kotak Mahindra Bank,Financials,2160.48,2174.36,2105.71,2140.0,1548494
2025-03-20,KOTAKBANK,Kotak Mahindra Bank,Financials,2043.19,2062.49,2023.47,2045.69,1659763
2025-03-21,KOTAKBANK,Kotak Mahindra Bank,Financials,2087.57,2107.14,2060.4,2085.29,2428914
2025-03-24,KOTAKBANK,Kotak Mahindra Bank,Financials,2046.95,2099.73,2031.19,2067.56,3439325
2025-03-25,KOTAKBANK,Kotak Mahindra Bank,Financials,2007.65,2038.8,1989.66,2018.82,3613649
2025-03-26,KOTAKBANK,Kotak Mahindra Bank,Financials,2061.63,2076.39,2020.13,2053.83,1487503
2025-03-27,KOTAKBANK,Kotak Mahindra Bank,Financials,2049.19,2064.48,2014.72,2053.78,1450601
2025-03-28,KOTAKBANK,Kotak Mahindra Bank,Financials,2097.45,2116.24,2063.42,2099.56,1510044
2025-03-31,KOTAKBANK,Kotak Mahindra Bank,Financials,2111.19,2137.63,2104.12,2116.95,2351482
2025-04-01,KOTAKBANK,Kotak Mahindra Bank,Financials,2130.76,2159.92,2085.02,2117.74,2227110
2025-04-02,KOTAKBANK,Kotak Mahindra Bank,Financials,2108.21,2119.22,2072.11,2112.76,1482447
2025-04-03,KOTAKBANK,Kotak Mahindra Bank,Financials,2134.89,2145.07,2116.74,2131.97,2899599
2025-04-04,KOTAKBANK,Kotak Mahindra Bank,Financials,2113.37,2132.73,2092.62,2116.95,8677240
2025-04-07,KOTAKBANK,Kotak Mahindra Bank,Financials,2094.41,2109.34,2055.6,2085.31,1894011
2025-04-08,KOTAKBANK,Kotak Mahindra Bank,Financials,2116.47,2132.68,2086.77,2109.04,1969656
2025-04-09,KOTAKBANK,Kotak Mahindra Bank,Financials,2089.68,2134.89,2052.29,2104.39,3401119
2025-04-10,KOTAKBANK,Kotak Mahindra Bank,Financials,2119.88,2133.68,2088.08,2106.51,1838484
2025-04-11,KOTAKBANK,Kotak Mahindra Bank,Financials,2161.34,2181.94,2120.43,2148.66,3611853
2025-04-14,KOTAKBANK,Kotak Mahindra Bank,Financials,2145.78,2170.68,2114.06,2145.11,1683865
2025-04-15,KOTAKBANK,Kotak Mahindra Bank,Financials,2156.54,2167.21,2126.37,2146.55,6847999
2025-04-16,KOTAKBANK,Kotak Mahindra Bank,Financials,2135.58,2163.81,2091.17,2124.24,3021994
2025-04-17,KOTAKBANK,Kotak Mahindra Bank,Financials,2140.21,2163.62,2118.2,2141.56,1777624
2025-04-18,KOTAKBANK,Kotak Mahindra Bank,Financials,2175.55,2194.25,2138.66,2155.9,1808522
2025-04-21,KOTAKBANK,Kotak Mahindra Bank,Financials,2205.05,2237.61,2185.51,2191.72,1884572
2025-04-22,KOTAKBANK,Kotak Mahindra Bank,Financials,2143.33,2180.9,2126.85,2169.75,5319094
2025-04-23,KOTAKBANK,Kotak Mahindra Bank,Financials,2146.82,2187.21,2117.88,2152.74,1244181
2025-04-24,KOTAKBANK,Kotak Mahindra Bank,Financials,2194.12,2217.24,2147.9,2184.29,1731386
2025-04-25,KOTAKBANK,Kotak Mahindra Bank,Financials,2189.59,2220.01,2178.03,2195.08,1835611
2025-04-28,KOTAKBANK,Kotak Mahindra Bank,Financials,2152.83,2194.45,2137.67,2160.15,2478521
2025-04-29,KOTAKBANK,Kotak Mahindra Bank,Financials,2198.7,2244.77,2190.75,2211.82,2153685
2025-04-30,KOTAKBANK,Kotak Mahindra Bank,Financials,2146.72,2170.82,2117.75,2145.09,1100886
2025-05-01,KOTAKBANK,Kotak Mahindra Bank,Financials,2163.55,2206.27,2126.07,2176.23,2006492
2025-05-02,KOTAKBANK,Kotak Mahindra Bank,Financials,2153.88,2171.9,2102.23,2127.54,2366797
2025-05-05,KOTAKBANK,Kotak Mahindra Bank,Financials,2214.64,2237.46,2175.32,2200.6,1769747
2025-05-06,KOTAKBANK,Kotak Mahindra Bank,Financials,2138.2,2144.7,2115.94,2140.3,3647409
2025-05-07,KOTAKBANK,Kotak Mahindra Bank,Financials,2181.23,2191.07,2175.77,2185.55,4145259
2025-05-08,KOTAKBANK,Kotak Mahindra Bank,Financials,2195.22,2228.37,2153.95,2183.21,2394508
2025-05-09,KOTAKBANK,Kotak Mahindra Bank,Financials,2166.31,2174.05,2141.97,2169.68,2837968
2025-05-12,KOTAKBANK,Kotak Mahindra Bank,Financials,2185.97,2194.45,2151.12,2177.79,761633
2025-05-13,KOTAKBANK,Kotak Mahindra Bank,Financials,2207.09,2239.16,2167.56,2203.43,1983145
2025-05-14,KOTAKBANK,Kotak Mahindra Bank,Financials,2155.19,2170.65,2124.31,2168.44,4344638
2025-05-15,KOTAKBANK,Kotak Mahindra Bank,Financials,2125.87,2149.86,2095.52,2137.46,1980601
2025-05-16,KOTAKBANK,Kotak Mahindra Bank,Financials,2176.33,2200.12,2127.05,2163.31,1666618
2025-05-19,KOTAKBANK,Kotak Mahindra Bank,Financials,2111.09,2134.57,2060.29,2097.69,8749701
2025-05-20,KOTAKBANK,Kotak Mahindra Bank,Financials,2081.61,2111.19,2053.88,2076.47,6799051
2025-05-21,KOTAKBANK,Kotak Mahindra Bank,Financials,2191.31,2212.34,2184.71,2190.95,3233150
2025-05-22,KOTAKBANK,Kotak Mahindra Bank,Financials,2162.19,2183.08,2134.69,2153.66,4677162
2025-05-23,KOTAKBANK,Kotak Mahindra Bank,Financials,2185.37,2228.33,2153.92,2199.01,734934
2025-05-26,KOTAKBANK,Kotak Mahindra Bank,Financials,2172.17,2197.33,2168.98,2176.7,1621152
2025-05-27,KOTAKBANK,Kotak Mahindra Bank,Financials,2192.17,2222.44,2187.86,2197.51,1930567
2025-05-28,KOTAKBANK,Kotak Mahindra Bank,Financials,2241.31,2277.76,2219.51,2224.28,2195701
2025-05-29,KOTAKBANK,Kotak Mahindra Bank,Financials,2254.58,2288.13,2224.3,2270.37,1909461
2025-05-30,KOTAKBANK,Kotak Mahindra Bank,Financials,2302.04,2319.42,2241.55,2263.09,614944
2025-06-02,KOTAKBANK,Kotak Mahindra Bank,Financials,2333.34,2347.5,2316.37,2345.01,3091338
2025-06-03,KOTAKBANK,Kotak Mahindra Bank,Financials,2308.14,2347.6,2301.68,2321.08,3371306
2025-06-04,KOTAKBANK,Kotak Mahindra Bank,Financials,2337.86,2341.38,2300.43,2331.79,6033547
2025-06-05,KOTAKBANK,Kotak Mahindra Bank,Financials,2325.26,2365.44,2310.24,2343.02,1620477
2025-06-06,KOTAKBANK,Kotak Mahindra Bank,Financials,2297.51,2331.22,2283.98,2296.64,1549141
2025-06-09,KOTAKBANK,Kotak Mahindra Bank,Financials,2284.88,2309.39,2257.26,2285.74,572523
2025-06-10,KOTAKBANK,Kotak Mahindra Bank,Financials,2288.63,2306.1,2264.6,2293.3,2127247
2025-06-11,KOTAKBANK,Kotak Mahindra Bank,Financials,2233.67,2309.08,2217.67,2276.38,4103754
2025-06-12,KOTAKBANK,Kotak Mahindra Bank,Financials,2358.28,2390.58,2330.2,2377.3,1785714
2025-06-13,KOTAKBANK,Kotak Mahindra Bank,Financials,2332.56,2373.9,2319.47,2342.37,8126947
2025-06-16,KOTAKBANK,Kotak Mahindra Bank,Financials,2406.21,2433.58,2358.31,2393.03,2170947
2025-06-17,KOTAKBANK,Kotak Mahindra Bank,Financials,2428.79,2440.34,2416.89,2430.88,2710509
2025-06-18,KOTAKBANK,Kotak Mahindra Bank,Financials,2443.17,2483.2,2422.25,2431.25,1181262
2025-06-19,KOTAKBANK,Kotak Mahindra Bank,Financials,2382.6,2404.92,2348.53,2394.36,2927831
2025-06-20,KOTAKBANK,Kotak Mahindra Bank,Financials,2360.21,2404.31,2329.45,2362.2,841697
2025-06-23,KOTAKBANK,Kotak Mahindra Bank,Financials,2357.03,2359.68,2331.51,2341.12,3661323
2025-06-24,KOTAKBANK,Kotak Mahindra Bank,Financials,2265.71,2279.23,2258.96,2266.81,3723731
2025-06-25,KOTAKBANK,Kotak Mahindra Bank,Financials,2238.18,2248.02,2192.81,2226.77,5279867
2025-06-26,KOTAKBANK,Kotak Mahindra Bank,Financials,2166.28,2170.93,2135.51,2168.24,1426619
2025-06-27,KOTAKBANK,Kotak Mahindra Bank,Financials,2233.15,2263.18,2207.06,2221.64,2730814
2025-06-30,KOTAKBANK,Kotak Mahindra Bank,Financials,2246.89,2276.0,2219.5,2247.26,3408900
2025-07-01,KOTAKBANK,Kotak Mahindra Bank,Financials,2269.73,2312.94,2262.67,2279.95,3188484
2025-07-02,KOTAKBANK,Kotak Mahindra Bank,Financials,2305.76,2318.13,2282.85,2305.03,1553291
2025-07-03,KOTAKBANK,Kotak Mahindra Bank,Financials,2318.31,2338.14,2309.83,2312.88,670789
2025-07-04,KOTAKBANK,Kotak Mahindra Bank,Financials,2371.72,2403.59,2353.56,2374.61,3025628
2025-07-07,KOTAKBANK,Kotak Mahindra Bank,Financials,2339.67,2369.37,2334.35,2349.46,2298865
2025-07-08,KOTAKBANK,Kotak Mahindra Bank,Financials,2370.66,2401.13,2333.53,2354.91,1830559
2025-07-09,KOTAKBANK,Kotak Mahindra Bank,Financials,2383.79,2415.64,2364.32,2387.52,3805550
2025-07-10,KOTAKBANK,Kotak Mahindra Bank,Financials,2313.4,2338.57,2293.61,2331.69,2438992
2025-07-11,KOTAKBANK,Kotak Mahindra Bank,Financials,2454.14,2497.75,2449.8,2462.59,1210136
2025-07-14,KOTAKBANK,Kotak Mahindra Bank,Financials,2463.99,2497.5,2446.38,2464.84,864150
2025-07-15,KOTAKBANK,Kotak Mahindra Bank,Financials,2462.67,2502.16,2428.54,2472.13,1343611
2025-07-16,KOTAKBANK,Kotak Mahindra Bank,Financials,2522.2,2538.24,2503.86,2529.04,9322655
2025-07-17,KOTAKBANK,Kotak Mahindra Bank,Financials,2560.13,2586.0,2526.45,2571.71,3720350
2025-07-18,KOTAKBANK,Kotak Mahindra Bank,Financials,2606.15,2626.17,2555.75,2574.5,2773271
2025-07-21,KOTAKBANK,Kotak Mahindra Bank,Financials,2605.85,2620.85,2560.4,2581.56,2262289
2025-07-22,KOTAKBANK,Kotak Mahindra Bank,Financials,2497.64,2524.94,2471.2,2512.7,2181962
2025-07-23,KOTAKBANK,Kotak Mahindra Bank,Financials,2511.21,2548.11,2445.83,2488.53,4750493
2025-07-24,KOTAKBANK,Kotak Mahindra Bank,Financials,2506.66,2542.47,2499.51,2512.7,1908777
2025-07-25,KOTAKBANK,Kotak Mahindra Bank,Financials,2539.14,2566.09,2529.83,2533.78,3433557
2025-07-28,KOTAKBANK,Kotak Mahindra Bank,Financials,2606.06,2618.68,2561.12,2590.49,2064019
2025-07-29,KOTAKBANK,Kotak Mahindra Bank,Financials,2580.49,2628.85,2536.27,2585.9,7267242
2025-07-30,KOTAKBANK,Kotak Mahindra Bank,Financials,2519.33,2533.09,2474.42,2522.37,3760490
2025-07-31,KOTAKBANK,Kotak Mahindra Bank,Financials,2539.2,2608.67,2515.76,2571.35,4959708
2025-08-01,KOTAKBANK,Kotak Mahindra Bank,Financials,2648.78,2694.96,2615.21,2638.85,1812786
2025-08-04,KOTAKBANK,Kotak Mahindra Bank,Financials,2659.59,2718.41,2627.77,2682.57,4473922
2025-08-05,KOTAKBANK,Kotak Mahindra Bank,Financials,2670.1,2723.58,2642.21,2675.74,2105121
2025-08-06,KOTAKBANK,Kotak Mahindra Bank,Financials,2737.97,2771.01,2694.99,2727.11,2655969
2025-08-07,KOTAKBANK,Kotak Mahindra Bank,Financials,2882.7,2910.13,2836.99,2896.52,6144558
2025-08-08,KOTAKBANK,Kotak Mahindra Bank,Financials,2893.86,2916.65,2854.25,2903.69,1408836
2025-08-11,KOTAKBANK,Kotak Mahindra Bank,Financials,2835.68,2854.77,2808.89,2836.29,2795684
2025-08-12,KOTAKBANK,Kotak Mahindra Bank,Financials,2803.01,2810.64,2778.2,2807.49,3180993
2025-08-13,KOTAKBANK,Kotak Mahindra Bank,Financials,2850.43,2886.32,2806.5,2840.22,3327739
2025-08-14,KOTAKBANK,Kotak Mahindra Bank,Financials,2773.05,2788.49,2735.18,2759.31,1951033
2025-08-15,KOTAKBANK,Kotak Mahindra Bank,Financials,2756.27,2809.97,2732.07,2768.83,7875337
2025-08-18,KOTAKBANK,Kotak Mahindra Bank,Financials,2792.65,2812.49,2785.33,2788.89,1226394
2025-08-19,KOTAKBANK,Kotak Mahindra Bank,Financials,2868.45,2894.72,2855.72,2867.07,5577148
2025-08-20,KOTAKBANK,Kotak Mahindra Bank,Financials,2930.92,2986.97,2903.64,2935.84,4877226
2025-08-21,KOTAKBANK,Kotak Mahindra Bank,Financials,2977.96,2997.96,2933.33,2982.7,7111972
2025-08-22,KOTAKBANK,Kotak Mahindra Bank,Financials,2892.59,2930.95,2851.32,2867.78,1043693
2025-08-25,KOTAKBANK,Kotak Mahindra Bank,Financials,2894.14,2956.83,2865.53,2916.47,1550276
2025-08-26,KOTAKBANK,Kotak Mahindra Bank,Financials,2952.53,2968.73,2932.26,2954.68,5679478
2025-08-27,KOTAKBANK,Kotak Mahindra Bank,Financials,2973.09,3001.38,2961.21,2969.47,890403
2025-08-28,KOTAKBANK,Kotak Mahindra Bank,Financials,2870.76,2898.19,2821.12,2878.18,1033280
2025-08-29,KOTAKBANK,Kotak Mahindra Bank,Financials,2835.06,2879.18,2791.04,2839.09,1911181
2025-09-01,KOTAKBANK,Kotak Mahindra Bank,Financials,2767.85,2812.8,2761.39,2780.59,2778433
2025-09-02,KOTAKBANK,Kotak Mahindra Bank,Financials,2672.23,2705.23,2636.86,2680.85,6001530
2025-09-03,KOTAKBANK,Kotak Mahindra Bank,Financials,2670.28,2720.0,2651.83,2681.78,2257808
2025-09-04,KOTAKBANK,Kotak Mahindra Bank,Financials,2623.08,2657.56,2576.1,2644.34,1789183
2025-09-05,KOTAKBANK,Kotak Mahindra Bank,Financials,2755.75,2808.63,2738.83,2770.36,2967011
2025-09-08,KOTAKBANK,Kotak Mahindra Bank,Financials,2765.72,2809.17,2749.08,2763.05,3236746
2025-09-09,KOTAKBANK,Kotak Mahindra Bank,Financials,2847.69,2893.07,2798.37,2828.5,3186657
2025-09-10,KOTAKBANK,Kotak Mahindra Bank,Financials,2722.5,2789.13,2681.13,2749.75,2266866
2025-09-11,KOTAKBANK,Kotak Mahindra Bank,Financials,2728.5,2750.16,2712.97,2724.61,852990
2025-09-12,KOTAKBANK,Kotak Mahindra Bank,Financials,2738.23,2786.67,2694.79,2730.45,1509233
2025-09-15,KOTAKBANK,Kotak Mahindra Bank,Financials,2715.2,2735.44,2681.42,2686.91,5459951
2025-09-16,KOTAKBANK,Kotak Mahindra Bank,Financials,2662.16,2699.19,2617.91,2667.57,2770917
2025-09-17,KOTAKBANK,Kotak Mahindra Bank,Financials,2655.8,2668.1,2649.48,2658.17,2093638
2025-09-18,KOTAKBANK,Kotak Mahindra Bank,Financials,2672.33,2719.55,2604.24,2648.04,4624107
2025-09-19,KOTAKBANK,Kotak Mahindra Bank,Financials,2730.1,2773.02,2704.59,2737.52,1342759
2025-09-22,KOTAKBANK,Kotak Mahindra Bank,Financials,2765.52,2803.71,2733.49,2757.25,2208578
2025-09-23,KOTAKBANK,Kotak Mahindra Bank,Financials,2737.96,2788.05,2689.92,2782.16,2696778
2025-09-24,KOTAKBANK,Kotak Mahindra Bank,Financials,2819.93,2859.34,2760.17,2810.29,1961154
2025-09-25,KOTAKBANK,Kotak Mahindra Bank,Financials,2849.85,2890.23,2808.15,2842.41,2642459
2025-09-26,KOTAKBANK,Kotak Mahindra Bank,Financials,2854.29,2889.74,2830.33,2839.3,2254795
2025-09-29,KOTAKBANK,Kotak Mahindra Bank,Financials,2802.56,2840.89,2775.64,2824.05,1157950
2025-09-30,KOTAKBANK,Kotak Mahindra Bank,Financials,2840.01,2866.49,2805.33,2833.66,2762410
2025-10-01,KOTAKBANK,Kotak Mahindra Bank,Financials,2906.44,2914.8,2865.59,2893.79,1204057
2025-10-02,KOTAKBANK,Kotak Mahindra Bank,Financials,2941.14,2980.25,2909.72,2953.62,2738414
2025-10-03,KOTAKBANK,Kotak Mahindra Bank,Financials,2966.59,2981.85,2938.14,2942.02,5323151
2025-10-06,KOTAKBANK,Kotak Mahindra Bank,Financials,2972.71,3004.55,2933.79,2983.86,2141974
2025-10-07,KOTAKBANK,Kotak Mahindra Bank,Financials,2943.14,2985.79,2904.55,2974.6,1312554
2025-10-08,KOTAKBANK,Kotak Mahindra Bank,Financials,2967.51,2992.22,2958.72,2977.6,2331349
2025-10-09,KOTAKBANK,Kotak Mahindra Bank,Financials,2942.15,2960.21,2910.69,2953.41,1582026
2025-10-10,KOTAKBANK,Kotak Mahindra Bank,Financials,2929.64,2993.94,2898.41,2944.94,3466934
2025-10-13,KOTAKBANK,Kotak Mahindra Bank,Financials,2986.58,3047.44,2948.94,3017.22,2304576
2025-10-14,KOTAKBANK,Kotak Mahindra Bank,Financials,3001.65,3046.86,2994.29,3023.44,6402320
2025-10-15,KOTAKBANK,Kotak Mahindra Bank,Financials,3024.04,3062.63,2988.81,3032.02,4739515
2025-10-16,KOTAKBANK,Kotak Mahindra Bank,Financials,2938.31,2988.75,2921.35,2954.24,2298131
2025-10-17,KOTAKBANK,Kotak Mahindra Bank,Financials,2954.69,3003.95,2910.71,2938.98,3705713
2025-10-20,KOTAKBANK,Kotak Mahindra Bank,Financials,2913.82,2939.21,2872.6,2927.39,2013774
2025-10-21,KOTAKBANK,Kotak Mahindra Bank,Financials,2902.38,2919.87,2847.38,2884.87,2547129
2025-10-22,KOTAKBANK,Kotak Mahindra Bank,Financials,2893.52,2944.42,2878.43,2887.15,2049307
2025-10-23,KOTAKBANK,Kotak Mahindra Bank,Financials,2920.01,2941.36,2834.33,2866.0,3810809
2025-10-24,KOTAKBANK,Kotak Mahindra Bank,Financials,2864.38,2875.25,2814.32,2871.28,5498274
2025-10-27,KOTAKBANK,Kotak Mahindra Bank,Financials,2889.87,2900.01,2868.15,2878.7,3878883
2025-10-28,KOTAKBANK,Kotak Mahindra Bank,Financials,2811.59,2834.43,2768.01,2830.33,4151027
2025-10-29,KOTAKBANK,Kotak Mahindra Bank,Financials,2804.59,2861.27,2768.28,2811.15,4153532
2025-10-30,KOTAKBANK,Kotak Mahindra Bank,Financials,2797.32,2832.36,2757.72,2816.19,3385431
2025-10-31,KOTAKBANK,Kotak Mahindra Bank,Financials,2896.18,2944.55,2860.68,2877.35,1336004
2025-11-03,KOTAKBANK,Kotak Mahindra Bank,Financials,2873.89,2943.65,2856.95,2891.8,6371437
2025-11-04,KOTAKBANK,Kotak Mahindra Bank,Financials,2822.83,2890.51,2776.53,2858.5,6744428
2025-11-05,KOTAKBANK,Kotak Mahindra Bank,Financials,2867.03,2884.68,2846.62,2880.17,2198239
2025-11-06,KOTAKBANK,Kotak Mahindra Bank,Financials,2955.83,2976.94,2949.71,2969.85,2038892
2025-11-07,KOTAKBANK,Kotak Mahindra Bank,Financials,3016.97,3047.79,2983.15,3020.04,3501239
2025-11-10,KOTAKBANK,Kotak Mahindra Bank,Financials,3060.65,3084.84,3041.49,3051.01,3384606
2025-11-11,KOTAKBANK,Kotak Mahindra Bank,Financials,3078.02,3127.04,3033.26,3092.08,2237189
2025-11-12,KOTAKBANK,Kotak Mahindra Bank,Financials,3202.4,3229.5,3135.67,3173.46,1257061
2025-11-13,KOTAKBANK,Kotak Mahindra Bank,Financials,3244.31,3299.07,3184.82,3236.18,2957742
2025-11-14,KOTAKBANK,Kotak Mahindra Bank,Financials,3305.61,3338.97,3223.58,3270.48,3385768
2025-11-17,KOTAKBANK,Kotak Mahindra Bank,Financials,3348.84,3391.68,3325.01,3334.7,3726585
2025-11-18,KOTAKBANK,Kotak Mahindra Bank,Financials,3258.56,3324.23,3234.19,3271.11,3029512
2025-11-19,KOTAKBANK,Kotak Mahindra Bank,Financials,3174.34,3195.1,3129.37,3183.97,2153678
2025-11-20,KOTAKBANK,Kotak Mahindra Bank,Financials,3193.27,3209.91,3167.42,3194.24,4318861
2025-11-21,KOTAKBANK,Kotak Mahindra Bank,Financials,3196.2,3208.51,3140.17,3199.47,2592201
2025-11-24,KOTAKBANK,Kotak Mahindra Bank,Financials,3205.7,3216.51,3126.61,3169.42,1935920
2025-11-25,KOTAKBANK,Kotak Mahindra Bank,Financials,3225.02,3256.34,3213.74,3217.81,2263543
2025-11-26,KOTAKBANK,Kotak Mahindra Bank,Financials,3123.97,3144.15,3061.54,3111.2,956961
2025-11-27,KOTAKBANK,Kotak Mahindra Bank,Financials,3094.73,3120.09,3074.13,3082.49,2261566
2025-11-28,KOTAKBANK,Kotak Mahindra Bank,Financials,3045.86,3110.93,3035.54,3056.82,3650743
2025-12-01,KOTAKBANK,Kotak Mahindra Bank,Financials,2983.41,2994.34,2927.98,2968.01,3013708
2025-12-02,KOTAKBANK,Kotak Mahindra Bank,Financials,3060.15,3091.35,3001.17,3049.05,5769907
2025-12-03,KOTAKBANK,Kotak Mahindra Bank,Financials,3013.41,3021.49,2945.56,2975.67,2163342
2025-12-04,KOTAKBANK,Kotak Mahindra Bank,Financials,2950.56,2969.48,2927.93,2945.35,3268440
2025-12-05,KOTAKBANK,Kotak Mahindra Bank,Financials,3014.34,3044.39,2973.79,2994.67,3866299
2025-12-08,KOTAKBANK,Kotak Mahindra Bank,Financials,3029.25,3082.49,3008.56,3030.69,9069000
2025-12-09,KOTAKBANK,Kotak Mahindra Bank,Financials,2988.5,3011.37,2951.97,2971.45,2707191
2025-12-10,KOTAKBANK,Kotak Mahindra Bank,Financials,3007.25,3015.47,2991.83,3009.14,1407743
2025-12-11,KOTAKBANK,Kotak Mahindra Bank,Financials,3028.67,3051.68,2991.69,3026.04,3985455
2025-12-12,KOTAKBANK,Kotak Mahindra Bank,Financials,3123.0,3165.3,3072.07,3154.33,6975756
2025-12-15,KOTAKBANK,Kotak Mahindra Bank,Financials,3169.07,3194.13,3149.36,3178.52,2093608
2025-12-16,KOTAKBANK,Kotak Mahindra Bank,Financials,3207.11,3244.02,3158.47,3171.71,3970474
2025-12-17,KOTAKBANK,Kotak Mahindra Bank,Financials,3147.97,3154.73,3076.42,3124.08,4914014
2025-12-18,KOTAKBANK,Kotak Mahindra Bank,Financials,3082.46,3110.93,3040.51,3083.48,4373995
2025-12-19,KOTAKBANK,Kotak Mahindra Bank,Financials,3055.93,3090.65,2987.76,3038.88,2678743
2025-12-22,KOTAKBANK,Kotak Mahindra Bank,Financials,3171.58,3197.5,3103.22,3115.1,1702555
2025-12-23,KOTAKBANK,Kotak Mahindra Bank,Financials,3092.31,3121.48,3081.64,3117.35,2390701
2025-12-24,KOTAKBANK,Kotak Mahindra Bank,Financials,3136.76,3206.24,3104.75,3150.31,3217230
2025-12-25,KOTAKBANK,Kotak Mahindra Bank,Financials,3227.35,3260.88,3190.41,3237.44,4119835
2025-12-26,KOTAKBANK,Kotak Mahindra Bank,Financials,3112.64,3156.95,3072.88,3101.3,3004047
2025-12-29,KOTAKBANK,Kotak Mahindra Bank,Financials,3165.81,3194.68,3130.41,3173.93,2028590
2025-12-30,KOTAKBANK,Kotak Mahindra Bank,Financials,3191.85,3220.82,3165.44,3178.37,3393118
2025-12-31,KOTAKBANK,Kotak Mahindra Bank,Financials,3200.59,3228.89,3171.3,3204.53,4012191
2025-01-02,MARUTI,Maruti Suzuki India,Automobile,12489.73,12717.62,12340.5,12590.41,1339933
2025-01-03,MARUTI,Maruti Suzuki India,Automobile,12452.55,12468.48,12243.16,12405.95,2613009
2025-01-06,MARUTI,Maruti Suzuki India,Automobile,12394.08,12459.42,12299.7,12370.4,8398987
2025-01-07,MARUTI,Maruti Suzuki India,Automobile,12585.18,12796.21,12572.47,12586.4,3539459
2025-01-08,MARUTI,Maruti Suzuki India,Automobile,12212.18,12483.67,12020.31,12278.1,2679281
2025-01-09,MARUTI,Maruti Suzuki India,Automobile,11755.86,11992.75,11579.74,11820.41,3303362
2025-01-10,MARUTI,Maruti Suzuki India,Automobile,12162.85,12378.02,12108.42,12146.01,2005342
2025-01-13,MARUTI,Maruti Suzuki India,Automobile,12374.69,12556.73,12172.42,12262.67,5109430
2025-01-14,MARUTI,Maruti Suzuki India,Automobile,12383.21,12416.05,12231.61,12401.5,2007036
2025-01-15,MARUTI,Maruti Suzuki India,Automobile,12233.49,12305.59,12019.05,12166.09,851071
2025-01-16,MARUTI,Maruti Suzuki India,Automobile,12443.71,12462.63,12139.76,12332.46,2015916
2025-01-17,MARUTI,Maruti Suzuki India,Automobile,12493.24,12525.72,12356.54,12398.5,1469007
2025-01-20,MARUTI,Maruti Suzuki India,Automobile,12026.33,12106.76,11926.4,12049.88,2141773
2025-01-21,MARUTI,Maruti Suzuki India,Automobile,12263.48,12481.83,12230.94,12363.62,2167977
2025-01-22,MARUTI,Maruti Suzuki India,Automobile,12400.99,12595.0,12306.45,12403.88,4830130
2025-01-23,MARUTI,Maruti Suzuki India,Automobile,12304.8,12513.27,12289.34,12320.41,3664536
2025-01-24,MARUTI,Maruti Suzuki India,Automobile,12155.24,12381.99,11957.47,12241.51,2889509
2025-01-27,MARUTI,Maruti Suzuki India,Automobile,11912.75,12112.64,11684.81,11802.36,2495953
2025-01-28,MARUTI,Maruti Suzuki India,Automobile,11896.0,12046.51,11712.25,11933.13,1396429
2025-01-29,MARUTI,Maruti Suzuki India,Automobile,11994.99,12188.27,11969.94,11994.15,753251
2025-01-30,MARUTI,Maruti Suzuki India,Automobile,11916.57,12061.3,11858.58,11957.05,2660539
2025-01-31,MARUTI,Maruti Suzuki India,Automobile,12272.6,12342.71,12170.8,12236.99,3870344
2025-02-03,MARUTI,Maruti Suzuki India,Automobile,11995.94,12194.83,11846.66,11937.07,2355391
2025-02-04,MARUTI,Maruti Suzuki India,Automobile,11803.67,11903.34,11630.76,11813.62,1862874
2025-02-05,MARUTI,Maruti Suzuki India,Automobile,11523.57,11748.83,11436.32,11637.6,3227690
2025-02-06,MARUTI,Maruti Suzuki India,Automobile,11524.32,11660.19,11472.7,11583.85,2388004
2025-02-07,MARUTI,Maruti Suzuki India,Automobile,11638.0,11780.78,11578.13,11602.55,6318299
2025-02-10,MARUTI,Maruti Suzuki India,Automobile,11791.87,12003.13,11669.5,11697.0,4924837
2025-02-11,MARUTI,Maruti Suzuki India,Automobile,11747.18,11764.02,11466.74,11628.62,4237697
2025-02-12,MARUTI,Maruti Suzuki India,Automobile,11359.93,11636.23,11262.67,11449.63,3792572
2025-02-13,MARUTI,Maruti Suzuki India,Automobile,11869.71,11882.37,11644.19,11801.69,1229611
2025-02-14,MARUTI,Maruti Suzuki India,Automobile,12342.82,12431.59,12163.51,12318.71,3600012
2025-02-17,MARUTI,Maruti Suzuki India,Automobile,12258.24,12403.18,12217.77,12355.41,3074892
2025-02-18,MARUTI,Maruti Suzuki India,Automobile,12311.26,12482.08,12150.24,12192.05,3489729
2025-02-19,MARUTI,Maruti Suzuki India,Automobile,12409.61,12544.02,12237.85,12520.72,3277975
2025-02-20,MARUTI,Maruti Suzuki India,Automobile,12218.27,12345.45,12037.89,12199.67,3206917
2025-02-21,MARUTI,Maruti Suzuki India,Automobile,12215.22,12288.68,12040.95,12131.04,11042674
2025-02-24,MARUTI,Maruti Suzuki India,Automobile,12001.7,12040.97,11956.13,11983.89,2397409
2025-02-25,MARUTI,Maruti Suzuki India,Automobile,11789.67,11956.15,11724.4,11738.56,4184035
2025-02-26,MARUTI,Maruti Suzuki India,Automobile,11653.26,11738.95,11584.52,11684.08,1929471
2025-02-27,MARUTI,Maruti Suzuki India,Automobile,11551.93,11607.41,11493.7,11507.01,3861839
2025-02-28,MARUTI,Maruti Suzuki India,Automobile,11647.83,11713.95,11457.69,11514.24,4190904
2025-03-03,MARUTI,Maruti Suzuki India,Automobile,11539.75,11666.39,11430.76,11524.47,3054833
2025-03-04,MARUTI,Maruti Suzuki India,Automobile,11493.74,11634.13,11365.26,11400.19,6261229
2025-03-05,MARUTI,Maruti Suzuki India,Automobile,11314.85,11343.44,11283.48,11328.72,1537163
2025-03-06,MARUTI,Maruti Suzuki India,Automobile,11367.15,11425.25,11102.9,11286.18,1912323
2025-03-07,MARUTI,Maruti Suzuki India,Automobile,11488.86,11584.52,11329.75,11455.22,2809761
2025-03-10,MARUTI,Maruti Suzuki India,Automobile,11416.69,11505.12,11223.91,11429.19,4058179
2025-03-11,MARUTI,Maruti Suzuki India,Automobile,11618.24,11804.49,11523.61,11603.43,2759299
2025-03-12,MARUTI,Maruti Suzuki India,Automobile,11712.82,11899.24,11566.28,11730.42,5070595
2025-03-13,MARUTI,Maruti Suzuki India,Automobile,11807.6,11993.8,11754.7,11855.79,1737350
2025-03-14,MARUTI,Maruti Suzuki India,Automobile,12241.76,12324.35,12016.76,12156.71,1335055
2025-03-17,MARUTI,Maruti Suzuki India,Automobile,11921.23,12075.15,11878.46,11916.62,2961693
2025-03-18,MARUTI,Maruti Suzuki India,Automobile,12060.83,12245.87,11807.65,11819.89,2396097
2025-03-19,MARUTI,Maruti Suzuki India,Automobile,12181.7,12335.34,11976.61,12199.78,3369841
2025-03-20,MARUTI,Maruti Suzuki India,Automobile,12170.12,12344.59,12021.41,12148.15,2462604
2025-03-21,MARUTI,Maruti Suzuki India,Automobile,11605.92,11765.32,11344.09,11537.44,2073586
2025-03-24,MARUTI,Maruti Suzuki India,Automobile,11478.16,11623.17,11401.54,11499.9,2399055
2025-03-25,MARUTI,Maruti Suzuki India,Automobile,11451.85,11605.17,11376.59,11532.43,2539983
2025-03-26,MARUTI,Maruti Suzuki India,Automobile,11025.26,11176.07,10907.9,10993.78,2113934
2025-03-27,MARUTI,Maruti Suzuki India,Automobile,11326.35,11377.49,11115.7,11262.14,2235730
2025-03-28,MARUTI,Maruti Suzuki India,Automobile,11110.96,11280.47,10992.98,11121.96,2002335
2025-03-31,MARUTI,Maruti Suzuki India,Automobile,11282.6,11448.2,11004.93,11192.19,4004651
2025-04-01,MARUTI,Maruti Suzuki India,Automobile,11195.5,11363.17,11135.17,11151.14,2781533
2025-04-02,MARUTI,Maruti Suzuki India,Automobile,10817.66,10995.51,10676.61,10897.0,8649526
2025-04-03,MARUTI,Maruti Suzuki India,Automobile,10687.4,10737.06,10616.7,10691.39,2731028
2025-04-04,MARUTI,Maruti Suzuki India,Automobile,10635.65,10664.31,10472.97,10515.71,1846550
2025-04-07,MARUTI,Maruti Suzuki India,Automobile,10842.32,10990.17,10621.63,10725.42,10860824
2025-04-08,MARUTI,Maruti Suzuki India,Automobile,10690.83,10873.15,10588.34,10701.22,3138626
2025-04-09,MARUTI,Maruti Suzuki India,Automobile,10550.39,10732.92,10515.26,10604.98,4309661
2025-04-10,MARUTI,Maruti Suzuki India,Automobile,10533.05,10569.39,10384.58,10430.81,3462349
2025-04-11,MARUTI,Maruti Suzuki India,Automobile,10630.88,10839.64,10546.49,10659.57,3521710
2025-04-14,MARUTI,Maruti Suzuki India,Automobile,10858.1,11139.75,10771.78,10944.77,3356505
2025-04-15,MARUTI,Maruti Suzuki India,Automobile,11057.3,11276.12,10986.55,11182.55,1363621
2025-04-16,MARUTI,Maruti Suzuki India,Automobile,11263.76,11411.56,11224.05,11286.15,3060051
2025-04-17,MARUTI,Maruti Suzuki India,Automobile,11315.13,11510.85,11302.98,11349.54,1206371
2025-04-18,MARUTI,Maruti Suzuki India,Automobile,11249.66,11401.74,10911.39,11105.67,2271388
2025-04-21,MARUTI,Maruti Suzuki India,Automobile,10923.36,11254.02,10737.23,11060.98,1677326
2025-04-22,MARUTI,Maruti Suzuki India,Automobile,10967.11,10999.5,10828.46,10929.25,3043168
2025-04-23,MARUTI,Maruti Suzuki India,Automobile,10634.05,10749.67,10385.04,10574.49,3004346
2025-04-24,MARUTI,Maruti Suzuki India,Automobile,10796.45,10934.24,10645.69,10779.92,3257372
2025-04-25,MARUTI,Maruti Suzuki India,Automobile,10553.49,10821.0,10530.59,10649.21,2927953
2025-04-28,MARUTI,Maruti Suzuki India,Automobile,10740.43,11055.32,10708.19,10882.72,1790574
2025-04-29,MARUTI,Maruti Suzuki India,Automobile,11051.48,11254.74,10868.31,11059.8,2165689
2025-04-30,MARUTI,Maruti Suzuki India,Automobile,11108.53,11283.51,10978.43,11175.05,4147511
2025-05-01,MARUTI,Maruti Suzuki India,Automobile,11299.87,11473.73,11126.6,11302.8,4497905
2025-05-02,MARUTI,Maruti Suzuki India,Automobile,11252.2,11345.19,11000.2,11182.14,1330506
2025-05-05,MARUTI,Maruti Suzuki India,Automobile,11459.02,11655.11,11360.3,11560.55,1077108
2025-05-06,MARUTI,Maruti Suzuki India,Automobile,11617.52,11679.17,11553.03,11574.15,1676153
2025-05-07,MARUTI,Maruti Suzuki India,Automobile,11535.41,11815.26,11486.95,11641.69,4442222
2025-05-08,MARUTI,Maruti Suzuki India,Automobile,11421.34,11714.74,11396.99,11510.33,4876739
2025-05-09,MARUTI,Maruti Suzuki India,Automobile,11280.45,11382.67,11232.97,11322.01,1503354
2025-05-12,MARUTI,Maruti Suzuki India,Automobile,11299.81,11446.13,11209.64,11423.81,2960359
2025-05-13,MARUTI,Maruti Suzuki India,Automobile,11321.46,11643.64,11287.39,11473.1,6856711
2025-05-14,MARUTI,Maruti Suzuki India,Automobile,11326.59,11457.34,11271.29,11314.68,3141536
2025-05-15,MARUTI,Maruti Suzuki India,Automobile,11080.02,11271.87,10931.66,11026.25,5463652
2025-05-16,MARUTI,Maruti Suzuki India,Automobile,10900.54,10958.19,10705.5,10778.62,4330098
2025-05-19,MARUTI,Maruti Suzuki India,Automobile,10868.61,11039.31,10771.34,11014.99,1515403
2025-05-20,MARUTI,Maruti Suzuki India,Automobile,10926.64,11029.04,10807.4,10897.81,2251960
2025-05-21,MARUTI,Maruti Suzuki India,Automobile,10762.39,10862.27,10633.72,10835.69,2548247
2025-05-22,MARUTI,Maruti Suzuki India,Automobile,11172.59,11233.49,10934.57,11122.9,2647363
2025-05-23,MARUTI,Maruti Suzuki India,Automobile,10802.98,10936.93,10772.36,10902.68,4138244
2025-05-26,MARUTI,Maruti Suzuki India,Automobile,10809.78,10861.78,10735.44,10764.37,3130107
2025-05-27,MARUTI,Maruti Suzuki India,Automobile,10696.2,10726.2,10455.14,10619.72,497271
2025-05-28,MARUTI,Maruti Suzuki India,Automobile,10946.97,11135.43,10828.22,10933.27,1214373
2025-05-29,MARUTI,Maruti Suzuki India,Automobile,11366.21,11431.4,11170.99,11329.94,750685
2025-05-30,MARUTI,Maruti Suzuki India,Automobile,11446.79,11585.92,11393.42,11487.75,2753138
2025-06-02,MARUTI,Maruti Suzuki India,Automobile,11657.92,11847.67,11478.46,11654.33,2853536
2025-06-03,MARUTI,Maruti Suzuki India,Automobile,11493.96,11681.63,11301.95,11537.25,2921404
2025-06-04,MARUTI,Maruti Suzuki India,Automobile,11967.16,12104.86,11805.26,11946.26,1475327
2025-06-05,MARUTI,Maruti Suzuki India,Automobile,12056.72,12213.39,11974.98,12008.6,3622157
2025-06-06,MARUTI,Maruti Suzuki India,Automobile,12240.67,12425.38,11999.96,12197.81,3707045
2025-06-09,MARUTI,Maruti Suzuki India,Automobile,12031.89,12373.42,11857.77,12179.52,1253523
2025-06-10,MARUTI,Maruti Suzuki India,Automobile,12109.27,12270.23,11942.59,12125.63,1116244
2025-06-11,MARUTI,Maruti Suzuki India,Automobile,12643.96,12847.9,12473.17,12493.46,2499818
2025-06-12,MARUTI,Maruti Suzuki India,Automobile,12659.35,12787.23,12435.81,12619.83,6697745
2025-06-13,MARUTI,Maruti Suzuki India,Automobile,12947.05,13028.59,12903.74,12954.57,6367132
2025-06-16,MARUTI,Maruti Suzuki India,Automobile,12876.71,13227.1,12815.16,13019.29,3408127
2025-06-17,MARUTI,Maruti Suzuki India,Automobile,12747.01,12956.57,12609.2,12825.69,1673291
2025-06-18,MARUTI,Maruti Suzuki India,Automobile,12766.75,12976.18,12626.26,12696.14,4071673
2025-06-19,MARUTI,Maruti Suzuki India,Automobile,12542.76,12746.17,12389.2,12724.75,1949274
2025-06-20,MARUTI,Maruti Suzuki India,Automobile,12588.7,12686.36,12443.65,12586.35,1639123
2025-06-23,MARUTI,Maruti Suzuki India,Automobile,12248.88,12551.66,12214.11,12340.48,768825
2025-06-24,MARUTI,Maruti Suzuki India,Automobile,12700.3,12766.9,12459.02,12612.29,2644814
2025-06-25,MARUTI,Maruti Suzuki India,Automobile,12676.03,12891.6,12284.9,12493.63,1768026
2025-06-26,MARUTI,Maruti Suzuki India,Automobile,12636.49,12854.05,12482.86,12529.71,2636170
2025-06-27,MARUTI,Maruti Suzuki India,Automobile,12852.15,13057.74,12461.0,12601.51,705847
2025-06-30,MARUTI,Maruti Suzuki India,Automobile,12317.05,12605.14,12233.15,12473.14,2744764
2025-07-01,MARUTI,Maruti Suzuki India,Automobile,12787.4,12957.48,12674.7,12803.86,656504
2025-07-02,MARUTI,Maruti Suzuki India,Automobile,12621.54,12820.75,12477.72,12551.51,4547864
2025-07-03,MARUTI,Maruti Suzuki India,Automobile,12581.47,12794.66,12493.15,12615.64,3331194
2025-07-04,MARUTI,Maruti Suzuki India,Automobile,12662.19,12825.04,12643.31,12676.58,2144754
2025-07-07,MARUTI,Maruti Suzuki India,Automobile,12622.24,12893.49,12399.0,12669.27,3406845
2025-07-08,MARUTI,Maruti Suzuki India,Automobile,12289.39,12535.25,12146.57,12378.58,1459873
2025-07-09,MARUTI,Maruti Suzuki India,Automobile,12599.48,12821.02,12457.92,12577.56,2601523
2025-07-10,MARUTI,Maruti Suzuki India,Automobile,12818.59,12843.91,12654.99,12750.92,3870626
2025-07-11,MARUTI,Maruti Suzuki India,Automobile,12538.69,12643.33,12411.18,12600.97,455860
2025-07-14,MARUTI,Maruti Suzuki India,Automobile,12705.31,12877.22,12610.51,12766.48,1954857
2025-07-15,MARUTI,Maruti Suzuki India,Automobile,12849.97,12954.72,12758.5,12857.74,2469057
2025-07-16,MARUTI,Maruti Suzuki India,Automobile,12404.43,12746.28,12294.19,12566.49,2244155
2025-07-17,MARUTI,Maruti Suzuki India,Automobile,12410.97,12457.27,12307.91,12378.37,5571680
2025-07-18,MARUTI,Maruti Suzuki India,Automobile,12705.54,12929.07,12585.62,12636.94,1347357
2025-07-21,MARUTI,Maruti Suzuki India,Automobile,12680.56,12793.18,12547.9,12712.37,1776514
2025-07-22,MARUTI,Maruti Suzuki India,Automobile,12639.52,12744.32,12395.39,12588.33,871589
2025-07-23,MARUTI,Maruti Suzuki India,Automobile,12362.09,12469.16,12317.61,12398.85,5737068
2025-07-24,MARUTI,Maruti Suzuki India,Automobile,12350.51,12484.5,12269.65,12288.78,2183286
2025-07-25,MARUTI,Maruti Suzuki India,Automobile,12224.74,12249.14,12132.01,12195.38,1964358
2025-07-28,MARUTI,Maruti Suzuki India,Automobile,11879.78,12057.14,11670.04,12014.55,2428867
2025-07-29,MARUTI,Maruti Suzuki India,Automobile,11671.08,11830.73,11467.01,11642.68,3547419
2025-07-30,MARUTI,Maruti Suzuki India,Automobile,11943.5,11993.31,11753.96,11886.25,3026299
2025-07-31,MARUTI,Maruti Suzuki India,Automobile,12014.28,12159.21,11812.48,12098.67,10725531
2025-08-01,MARUTI,Maruti Suzuki India,Automobile,11901.28,12073.62,11724.88,11826.23,3208987
2025-08-04,MARUTI,Maruti Suzuki India,Automobile,11909.49,11940.29,11649.87,11859.98,1935577
2025-08-05,MARUTI,Maruti Suzuki India,Automobile,11631.87,11770.59,11561.65,11672.11,1835917
2025-08-06,MARUTI,Maruti Suzuki India,Automobile,11556.75,11638.0,11497.99,11621.82,2014303
2025-08-07,MARUTI,Maruti Suzuki India,Automobile,11470.35,11634.03,11334.47,11554.35,1094481
2025-08-08,MARUTI,Maruti Suzuki India,Automobile,11521.65,11670.08,11384.79,11469.99,2555418
2025-08-11,MARUTI,Maruti Suzuki India,Automobile,11845.75,11918.21,11707.77,11888.11,3846632
2025-08-12,MARUTI,Maruti Suzuki India,Automobile,11831.73,12022.24,11725.67,11798.64,1784147
2025-08-13,MARUTI,Maruti Suzuki India,Automobile,11674.13,11866.3,11497.89,11631.7,1603568
2025-08-14,MARUTI,Maruti Suzuki India,Automobile,11394.44,11508.66,11329.63,11476.69,5754951
2025-08-15,MARUTI,Maruti Suzuki India,Automobile,11735.61,11945.0,11675.08,11696.91,1140794
2025-08-18,MARUTI,Maruti Suzuki India,Automobile,11334.83,11422.53,11147.73,11353.75,801709
2025-08-19,MARUTI,Maruti Suzuki India,Automobile,11191.99,11229.65,11012.75,11202.43,1326036
2025-08-20,MARUTI,Maruti Suzuki India,Automobile,11573.01,11585.58,11297.39,11498.66,1071492
2025-08-21,MARUTI,Maruti Suzuki India,Automobile,11487.17,11645.55,11335.76,11553.76,3091681
2025-08-22,MARUTI,Maruti Suzuki India,Automobile,11559.43,11734.07,11413.71,11598.29,2050130
2025-08-25,MARUTI,Maruti Suzuki India,Automobile,12193.37,12274.42,11921.52,12048.06,2215466
2025-08-26,MARUTI,Maruti Suzuki India,Automobile,12086.18,12290.61,12048.22,12106.3,4713376
2025-08-27,MARUTI,Maruti Suzuki India,Automobile,12012.53,12170.88,11906.4,11956.82,1709253
2025-08-28,MARUTI,Maruti Suzuki India,Automobile,11823.07,11983.64,11753.06,11900.89,3828947
2025-08-29,MARUTI,Maruti Suzuki India,Automobile,11764.45,11923.07,11474.28,11662.43,5740339
2025-09-01,MARUTI,Maruti Suzuki India,Automobile,11956.31,12159.43,11883.73,11930.74,1945806
2025-09-02,MARUTI,Maruti Suzuki India,Automobile,12032.77,12090.05,11831.95,12058.9,3749615
2025-09-03,MARUTI,Maruti Suzuki India,Automobile,12303.78,12384.15,12182.13,12307.79,2188663
2025-09-04,MARUTI,Maruti Suzuki India,Automobile,12524.11,12693.12,12359.23,12581.44,4155965
2025-09-05,MARUTI,Maruti Suzuki India,Automobile,12607.53,12726.87,12456.76,12492.67,1053345
2025-09-08,MARUTI,Maruti Suzuki India,Automobile,12164.65,12410.74,12096.85,12285.22,1011322
2025-09-09,MARUTI,Maruti Suzuki India,Automobile,12240.13,12353.73,12028.44,12278.7,2015955
2025-09-10,MARUTI,Maruti Suzuki India,Automobile,11992.87,12239.96,11926.62,12090.72,1533238
2025-09-11,MARUTI,Maruti Suzuki India,Automobile,12068.15,12276.62,11995.25,12131.45,1881559
2025-09-12,MARUTI,Maruti Suzuki India,Automobile,12384.38,12518.41,12329.53,12383.52,2215661
2025-09-15,MARUTI,Maruti Suzuki India,Automobile,12446.9,12483.41,12311.54,12350.99,3714700
2025-09-16,MARUTI,Maruti Suzuki India,Automobile,12431.31,12544.54,12327.76,12389.28,1997861
2025-09-17,MARUTI,Maruti Suzuki India,Automobile,12256.41,12460.61,12110.32,12373.3,1589098
2025-09-18,MARUTI,Maruti Suzuki India,Automobile,12453.52,12674.42,12344.66,12557.04,2060519
2025-09-19,MARUTI,Maruti Suzuki India,Automobile,12457.44,12665.12,12281.88,12411.12,1637647
2025-09-22,MARUTI,Maruti Suzuki India,Automobile,12130.53,12241.75,11888.67,11925.4,1495690
2025-09-23,MARUTI,Maruti Suzuki India,Automobile,12046.62,12061.53,11855.16,12031.25,1029559
2025-09-24,MARUTI,Maruti Suzuki India,Automobile,12271.17,12374.99,12074.45,12249.99,2597381
2025-09-25,MARUTI,Maruti Suzuki India,Automobile,12371.85,12556.83,12336.43,12353.31,1828512
2025-09-26,MARUTI,Maruti Suzuki India,Automobile,12177.28,12390.1,12085.71,12215.89,4253507
2025-09-29,MARUTI,Maruti Suzuki India,Automobile,11908.6,12087.66,11882.77,11971.21,1127748
2025-09-30,MARUTI,Maruti Suzuki India,Automobile,12011.18,12145.94,11837.43,12082.55,1855482
2025-10-01,MARUTI,Maruti Suzuki India,Automobile,12085.83,12226.08,11922.27,12118.15,6776018
2025-10-02,MARUTI,Maruti Suzuki India,Automobile,12227.68,12357.08,11897.99,12095.56,1491087
2025-10-03,MARUTI,Maruti Suzuki India,Automobile,12522.82,12748.21,12434.46,12497.19,2195033
2025-10-06,MARUTI,Maruti Suzuki India,Automobile,12121.63,12436.07,12015.48,12289.2,1280917
2025-10-07,MARUTI,Maruti Suzuki India,Automobile,12658.34,12849.19,12605.99,12686.77,1190836
2025-10-08,MARUTI,Maruti Suzuki India,Automobile,12671.14,12817.9,12578.5,12699.1,5855092
2025-10-09,MARUTI,Maruti Suzuki India,Automobile,12258.16,12370.91,12137.07,12284.6,2746596
2025-10-10,MARUTI,Maruti Suzuki India,Automobile,12219.43,12431.43,12196.13,12249.89,2690734
2025-10-13,MARUTI,Maruti Suzuki India,Automobile,12647.19,12766.25,12302.38,12466.35,983455
2025-10-14,MARUTI,Maruti Suzuki India,Automobile,12407.25,12629.46,12262.6,12389.42,3045297
2025-10-15,MARUTI,Maruti Suzuki India,Automobile,12068.23,12174.08,11883.39,12065.49,4725024
2025-10-16,MARUTI,Maruti Suzuki India,Automobile,11942.76,12060.53,11875.64,12034.59,4704422
2025-10-17,MARUTI,Maruti Suzuki India,Automobile,11850.33,12003.12,11656.5,11853.72,3610600
2025-10-20,MARUTI,Maruti Suzuki India,Automobile,12082.76,12104.42,11748.32,11963.39,1343225
2025-10-21,MARUTI,Maruti Suzuki India,Automobile,12103.49,12198.54,11902.23,12134.72,2969841
2025-10-22,MARUTI,Maruti Suzuki India,Automobile,11966.58,12050.51,11739.47,11908.86,3609114
2025-10-23,MARUTI,Maruti Suzuki India,Automobile,11848.84,12009.64,11588.13,11762.33,931784
2025-10-24,MARUTI,Maruti Suzuki India,Automobile,11987.23,12099.93,11798.97,11927.23,1349301
2025-10-27,MARUTI,Maruti Suzuki India,Automobile,11709.5,11765.09,11659.94,11747.62,4074619
2025-10-28,MARUTI,Maruti Suzuki India,Automobile,11437.11,11655.85,11294.03,11523.49,4047566
2025-10-29,MARUTI,Maruti Suzuki India,Automobile,11251.01,11373.82,11103.43,11283.61,1066700
2025-10-30,MARUTI,Maruti Suzuki India,Automobile,11316.71,11549.0,11115.82,11359.62,3871153
2025-10-31,MARUTI,Maruti Suzuki India,Automobile,11395.04,11535.86,11278.79,11427.38,2634537
2025-11-03,MARUTI,Maruti Suzuki India,Automobile,11284.39,11438.63,11221.05,11291.25,3841433
2025-11-04,MARUTI,Maruti Suzuki India,Automobile,11249.76,11350.13,11107.76,11296.8,1763506
2025-11-05,MARUTI,Maruti Suzuki India,Automobile,11782.85,11947.06,11406.91,11611.85,3564920
2025-11-06,MARUTI,Maruti Suzuki India,Automobile,11405.3,11564.19,11359.54,11412.9,3976478
2025-11-07,MARUTI,Maruti Suzuki India,Automobile,11086.02,11267.49,10944.45,11016.52,2060722
2025-11-10,MARUTI,Maruti Suzuki India,Automobile,11034.17,11128.66,10921.49,11111.16,2524529
2025-11-11,MARUTI,Maruti Suzuki India,Automobile,11103.33,11198.9,11050.33,11093.53,1749979
2025-11-12,MARUTI,Maruti Suzuki India,Automobile,10954.15,11093.64,10939.06,10956.19,6200885
2025-11-13,MARUTI,Maruti Suzuki India,Automobile,11190.22,11219.51,11014.55,11089.17,2339977
2025-11-14,MARUTI,Maruti Suzuki India,Automobile,11192.83,11350.98,11016.97,11261.11,1505578
2025-11-17,MARUTI,Maruti Suzuki India,Automobile,10777.43,11002.09,10758.69,10818.0,1686383
2025-11-18,MARUTI,Maruti Suzuki India,Automobile,10659.63,10785.21,10571.24,10695.25,2680530
2025-11-19,MARUTI,Maruti Suzuki India,Automobile,11200.32,11399.15,10990.12,11145.69,3783399
2025-11-20,MARUTI,Maruti Suzuki India,Automobile,11319.73,11341.99,11073.35,11267.19,1199117
2025-11-21,MARUTI,Maruti Suzuki India,Automobile,11393.53,11559.45,11191.26,11408.81,6906781
2025-11-24,MARUTI,Maruti Suzuki India,Automobile,11703.01,11830.31,11558.99,11654.24,2962584
2025-11-25,MARUTI,Maruti Suzuki India,Automobile,11632.13,11773.38,11432.56,11662.48,3231161
2025-11-26,MARUTI,Maruti Suzuki India,Automobile,11989.85,12199.72,11815.43,11834.39,2369873
2025-11-27,MARUTI,Maruti Suzuki India,Automobile,12027.27,12065.81,11828.03,11992.09,2526621
2025-11-28,MARUTI,Maruti Suzuki India,Automobile,11984.05,12309.86,11841.12,12113.24,2304203
2025-12-01,MARUTI,Maruti Suzuki India,Automobile,12016.19,12201.5,11953.2,12047.88,4375752
2025-12-02,MARUTI,Maruti Suzuki India,Automobile,12077.92,12155.33,11961.68,12090.01,2489121
2025-12-03,MARUTI,Maruti Suzuki India,Automobile,11825.94,12162.2,11788.07,11966.8,3812054
2025-12-04,MARUTI,Maruti Suzuki India,Automobile,12144.57,12245.34,11784.95,11974.35,1969292
2025-12-05,MARUTI,Maruti Suzuki India,Automobile,11784.94,11959.85,11644.21,11727.29,2784011
2025-12-08,MARUTI,Maruti Suzuki India,Automobile,11592.99,11681.21,11430.43,11565.08,1606623
2025-12-09,MARUTI,Maruti Suzuki India,Automobile,11451.96,11688.97,11409.6,11510.94,4881152
2025-12-10,MARUTI,Maruti Suzuki India,Automobile,11260.85,11453.84,11210.12,11320.01,1580481
2025-12-11,MARUTI,Maruti Suzuki India,Automobile,11280.25,11318.58,11021.18,11221.64,2090811
2025-12-12,MARUTI,Maruti Suzuki India,Automobile,11126.39,11327.83,10972.82,11193.01,2102364
2025-12-15,MARUTI,Maruti Suzuki India,Automobile,11305.9,11353.98,11082.81,11278.54,2057758
2025-12-16,MARUTI,Maruti Suzuki India,Automobile,11392.94,11567.6,11324.24,11475.76,3719775
2025-12-17,MARUTI,Maruti Suzuki India,Automobile,11455.53,11500.15,11341.32,11384.55,2100402
2025-12-18,MARUTI,Maruti Suzuki India,Automobile,11671.33,11687.37,11551.29,11662.7,5381403
2025-12-19,MARUTI,Maruti Suzuki India,Automobile,11899.4,11954.16,11752.77,11864.4,1593813
2025-12-22,MARUTI,Maruti Suzuki India,Automobile,11901.39,12097.99,11854.1,11976.8,2744086
2025-12-23,MARUTI,Maruti Suzuki India,Automobile,12052.52,12163.24,11852.94,12014.72,1631677
2025-12-24,MARUTI,Maruti Suzuki India,Automobile,12091.62,12206.8,12002.1,12088.54,3151333
2025-12-25,MARUTI,Maruti Suzuki India,Automobile,12314.22,12416.03,12262.89,12351.67,2478165
2025-12-26,MARUTI,Maruti Suzuki India,Automobile,12587.47,12788.37,12503.84,12628.65,2295628
2025-12-29,MARUTI,Maruti Suzuki India,Automobile,12868.67,13104.98,12732.49,12937.15,4806417
2025-12-30,MARUTI,Maruti Suzuki India,Automobile,12935.56,13043.72,12762.88,12951.95,1744386
2025-12-31,MARUTI,Maruti Suzuki India,Automobile,13119.44,13329.08,12966.22,13086.51,3451724
2025-01-02,SUNPHARMA,Sun Pharmaceutical Industries,Healthcare,1778.41,1802.51,1744.66,1775.81,2702648
2025-01-03,SUNPHARMA,Sun Pharmaceutical Industries,Healthcare,1774.2,1791.8,1769.88,1780.12,4180310
2025-01-06,SUNPHARMA,Sun Pharmaceutical Industries,Healthcare,1745.53,1771.83,1738.75,1742.52,4372979
2025-01-07,SUNPHARMA,Sun Pharmaceutical Industries,Healthcare,1724.58,1748.85,1703.28,1722.44,1548627
2025-01-08,SUNPHARMA,Sun Pharmaceutical Industries,Healthcare,1722.0,1731.97,1697.72,1720.58,1255905
2025-01-09,SUNPHARMA,Sun Pharmaceutical Industries,Healthcare,1786.43,1788.65,1746.66,1777.47,2529884
2025-01-10,SUNPHARMA,Sun Pharmaceutical Industries,Healthcare,1768.95,1786.77,1755.0,1781.41,3944772
2025-01-13,SUNPHARMA,Sun Pharmaceutical Industries,Healthcare,1846.45,1875.84,1832.55,1835.18,2722249
2025-01-14,SUNPHARMA,Sun Pharmaceutical Industries,Healthcare,1839.68,1871.24,1818.98,1843.19,2931189
2025-01-15,SUNPHARMA,Sun Pharmaceutical Industries,Healthcare,1826.55,1842.1,1815.73,1831.08,4684680
2025-01-16,SUNPHARMA,Sun Pharmaceutical Industries,Healthcare,1893.33,1904.4,1866.81,1882.55,1664900
2025-01-17,SUNPHARMA,Sun Pharmaceutical Industries,Healthcare,1897.28,1925.59,1879.63,1898.11,2215121
2025-01-20,SUNPHARMA,Sun Pharmaceutical Industries,Healthcare,1887.21,1919.18,1872.98,1876.91,6143064
2025-01-21,SUNPHARMA,Sun Pharmaceutical Industries,Healthcare,1877.89,1920.54,1860.5,1893.56,2243516
2025-01-22,SUNPHARMA,Sun Pharmaceutical Industries,Healthcare,1897.31,1918.74,1868.81,1884.35,1245149
2025-01-23,SUNPHARMA,Sun Pharmaceutical Industries,Healthcare,1824.79,1834.15,1793.8,1817.64,1730040
2025-01-24,SUNPHARMA,Sun Pharmaceutical Industries,Healthcare,1862.67,1881.18,1826.84,1848.98,1492260
2025-01-27,SUNPHARMA,Sun Pharmaceutical Industries,Healthcare,1901.66,1911.11,1878.34,1886.17,3042653
2025-01-28,SUNPHARMA,Sun Pharmaceutical Industries,Healthcare,1930.89,1978.05,1922.19,1949.32,1527328
2025-01-29,SUNPHARMA,Sun Pharmaceutical Industries,Healthcare,1958.53,1979.8,1948.22,1964.91,2901882
2025-01-30,SUNPHARMA,Sun Pharmaceutical Industries,Healthcare,1955.26,1986.59,1947.35,1956.9,1667715
2025-01-31,SUNPHARMA,Sun Pharmaceutical Industries,Healthcare,1994.95,2009.89,1962.91,1987.1,777580
2025-02-03,SUNPHARMA,Sun Pharmaceutical Industries,Healthcare,2007.36,2048.58,1971.41,2018.29,2959237
2025-02-04,SUNPHARMA,Sun Pharmaceutical Industries,Healthcare,2088.94,2102.87,2053.49,2078.61,2712703
2025-02-05,SUNPHARMA,Sun Pharmaceutical Industries,Healthcare,2067.93,2095.4,2044.53,2077.77,3323629
2025-02-06,SUNPHARMA,Sun Pharmaceutical Industries,Healthcare,2083.32,2107.2,2055.9,2072.41,1726588
2025-02-07,SUNPHARMA,Sun Pharmaceutical Industries,Healthcare,2054.49,2059.0,2033.63,2046.55,1628307
2025-02-10,SUNPHARMA,Sun Pharmaceutical Industries,Healthcare,2057.8,2102.55,2023.87,2067.17,3117706
2025-02-11,SUNPHARMA,Sun Pharmaceutical Industries,Healthcare,2000.02,2032.0,1965.07,2010.38,5764690
2025-02-12,SUNPHARMA,Sun Pharmaceutical Industries,Healthcare,2031.99,2058.92,2012.79,2039.27,2515403
2025-02-13,SUNPHARMA,Sun Pharmaceutical Industries,Healthcare,2074.73,2106.41,2049.43,2061.67,3157600
2025-02-14,SUNPHARMA,Sun Pharmaceutical Industries,Healthcare,2089.8,2122.65,2054.83,2084.2,2094714
2025-02-17,SUNPHARMA,Sun Pharmaceutical Industries,Healthcare,2088.26,2110.87,2081.46,2090.22,1069609
2025-02-18,SUNPHARMA,Sun Pharmaceutical Industries,Healthcare,2159.74,2195.94,2118.62,2148.73,4256200
2025-02-19,SUNPHARMA,Sun Pharmaceutical Industries,Healthcare,2165.51,2187.91,2133.19,2183.32,4120269
2025-02-20,SUNPHARMA,Sun Pharmaceutical Industries,Healthcare,2191.92,2198.34,2153.59,2160.33,3695871
2025-02-21,SUNPHARMA,Sun Pharmaceutical Industries,Healthcare,2148.33,2172.27,2100.64,2138.29,2261935
2025-02-24,SUNPHARMA,Sun Pharmaceutical Industries,Healthcare,2111.74,2126.56,2067.91,2105.29,3471794
2025-02-25,SUNPHARMA,Sun Pharmaceutical Industries,Healthcare,2163.94,2183.18,2091.02,2127.02,4087198
2025-02-26,SUNPHARMA,Sun Pharmaceutical Industries,Healthcare,2107.23,2121.09,2069.87,2089.58,6094446
2025-02-27,SUNPHARMA,Sun Pharmaceutical Industries,Healthcare,2123.2,2147.96,2112.19,2131.16,4305873
2025-02-28,SUNPHARMA,Sun Pharmaceutical Industries,Healthcare,2182.37,2215.47,2158.59,2182.77,2589312
2025-03-03,SUNPHARMA,Sun Pharmaceutical Industries,Healthcare,2129.01,2172.93,2111.68,2149.1,1217441
2025-03-04,SUNPHARMA,Sun Pharmaceutical Industries,Healthcare,2123.1,2181.26,2113.54,2142.78,2723459
2025-03-05,SUNPHARMA,Sun Pharmaceutical Industries,Healthcare,2138.73,2175.11,2121.18,2144.28,2878900
2025-03-06,SUNPHARMA,Sun Pharmaceutical Industries,Healthcare,2175.17,2191.58,2148.45,2179.26,3692327
2025-03-07,SUNPHARMA,Sun Pharmaceutical Industries,Healthcare,2242.37,2255.58,2237.43,2243.26,5264210
2025-03-10,SUNPHARMA,Sun Pharmaceutical Industries,Healthcare,2211.33,2226.17,2161.59,2176.1,2372532
2025-03-11,SUNPHARMA,Sun Pharmaceutical Industries,Healthcare,2182.77,2216.24,2161.69,2164.51,7939368
2025-03-12,SUNPHARMA,Sun Pharmaceutical Industries,Healthcare,2153.71,2158.16,2124.11,2155.01,949977
2025-03-13,SUNPHARMA,Sun Pharmaceutical Industries,Healthcare,2093.8,2111.86,2068.9,2101.54,3148508
2025-03-14,SUNPHARMA,Sun Pharmaceutical Industries,Healthcare,2080.41,2118.17,2076.12,2084.03,1611401
2025-03-17,SUNPHARMA,Sun Pharmaceutical Industries,Healthcare,2112.22,2137.31,2064.35,2100.91,875744
2025-03-18,SUNPHARMA,Sun Pharmaceutical Industries,Healthcare,2079.51,2101.37,2076.63,2091.21,2237400
2025-03-19,SUNPHARMA,Sun Pharmaceutical Industries,Healthcare,2015.97,2043.52,1993.74,2033.9,1121700
2025-03-20,SUNPHARMA,Sun Pharmaceutical Industries,Healthcare,2127.96,2173.46,2097.75,2139.94,2287604
2025-03-21,SUNPHARMA,Sun Pharmaceutical Industries,Healthcare,2138.35,2185.88,2107.57,2151.05,2548267
2025-03-24,SUNPHARMA,Sun Pharmaceutical Industries,Healthcare,2163.49,2175.08,2152.82,2156.23,4625056
2025-03-25,SUNPHARMA,Sun Pharmaceutical Industries,Healthcare,2100.92,2131.71,2066.45,2114.48,1091026
2025-03-26,SUNPHARMA,Sun Pharmaceutical Industries,Healthcare,2123.39,2157.53,2088.12,2125.25,4120339
2025-03-27,SUNPHARMA,Sun Pharmaceutical Industries,Healthcare,2113.33,2149.72,2091.05,2119.82,2638564
2025-03-28,SUNPHARMA,Sun Pharmaceutical Industries,Healthcare,2044.13,2079.0,2025.33,2048.61,4402434
2025-03-31,SUNPHARMA,Sun Pharmaceutical Industries,Healthcare,2011.43,2031.16,2006.42,2009.96,1971564
2025-04-01,SUNPHARMA,Sun Pharmaceutical Industries,Healthcare,2050.1,2083.92,2018.0,2039.52,1201482
2025-04-02,SUNPHARMA,Sun Pharmaceutical Industries,Healthcare,2112.75,2126.57,2094.9,2111.71,1279751
2025-04-03,SUNPHARMA,Sun Pharmaceutical Industries,Healthcare,2113.99,2134.3,2084.11,2126.51,1228503
2025-04-04,SUNPHARMA,Sun Pharmaceutical Industries,Healthcare,2175.34,2203.73,2152.52,2169.58,3251409
2025-04-07,SUNPHARMA,Sun Pharmaceutical Industries,Healthcare,2152.83,2186.38,2125.66,2164.37,5632750
2025-04-08,SUNPHARMA,Sun Pharmaceutical Industries,Healthcare,2152.34,2195.43,2146.48,2161.86,1832291
2025-04-09,SUNPHARMA,Sun Pharmaceutical Industries,Healthcare,2209.14,2214.4,2197.99,2205.18,3533592
2025-04-10,SUNPHARMA,Sun Pharmaceutical Industries,Healthcare,2253.29,2306.92,2245.68,2272.06,1081552
2025-04-11,SUNPHARMA,Sun Pharmaceutical Industries,Healthcare,2331.16,2345.11,2322.06,2326.18,2760653
2025-04-14,SUNPHARMA,Sun Pharmaceutical Industries,Healthcare,2261.98,2310.16,2238.9,2282.46,3611055
2025-04-15,SUNPHARMA,Sun Pharmaceutical Industries,Healthcare,2274.7,2284.46,2241.72,2280.63,1127296
2025-04-16,SUNPHARMA,Sun Pharmaceutical Industries,Healthcare,2293.15,2319.21,2266.84,2292.93,2234806
2025-04-17,SUNPHARMA,Sun Pharmaceutical Industries,Healthcare,2295.36,2325.64,2258.53,2283.13,3706341
2025-04-18,SUNPHARMA,Sun Pharmaceutical Industries,Healthcare,2301.2,2317.93,2271.07,2299.98,497936
2025-04-21,SUNPHARMA,Sun Pharmaceutical Industries,Healthcare,2337.73,2348.63,2319.06,2334.88,5211094
2025-04-22,SUNPHARMA,Sun Pharmaceutical Industries,Healthcare,2396.04,2420.34,2360.94,2377.95,3036830
2025-04-23,SUNPHARMA,Sun Pharmaceutical Industries,Healthcare,2454.27,2491.49,2435.52,2451.07,3707993
2025-04-24,SUNPHARMA,Sun Pharmaceutical Industries,Healthcare,2449.33,2465.25,2405.57,2437.51,1992310
2025-04-25,SUNPHARMA,Sun Pharmaceutical Industries,Healthcare,2370.31,2391.23,2361.42,2378.64,969275
2025-04-28,SUNPHARMA,Sun Pharmaceutical Industries,Healthcare,2376.3,2408.68,2373.4,2394.93,3353569
2025-04-29,SUNPHARMA,Sun Pharmaceutical Industries,Healthcare,2495.47,2538.23,2449.51,2477.1,2388978
2025-04-30,SUNPHARMA,Sun Pharmaceutical Industries,Healthcare,2431.84,2474.28,2390.44,2456.82,2544551
2025-05-01,SUNPHARMA,Sun Pharmaceutical Industries,Healthcare,2490.1,2492.74,2459.91,2488.18,4547031
2025-05-02,SUNPHARMA,Sun Pharmaceutical Industries,Healthcare,2535.16,2571.39,2484.27,2520.33,3801614
2025-05-05,SUNPHARMA,Sun Pharmaceutical Industries,Healthcare,2518.57,2562.63,2487.25,2530.03,7192014
2025-05-06,SUNPHARMA,Sun Pharmaceutical Industries,Healthcare,2538.15,2546.24,2507.42,2531.35,2720758
2025-05-07,SUNPHARMA,Sun Pharmaceutical Industries,Healthcare,2491.51,2535.72,2457.39,2490.29,1709368
2025-05-08,SUNPHARMA,Sun Pharmaceutical Industries,Healthcare,2394.82,2421.97,2353.15,2389.01,2253898
2025-05-09,SUNPHARMA,Sun Pharmaceutical Industries,Healthcare,2353.69,2376.08,2330.86,2342.15,3142144
2025-05-12,SUNPHARMA,Sun Pharmaceutical Industries,Healthcare,2316.57,2344.08,2301.02,2326.64,4371087
2025-05-13,SUNPHARMA,Sun Pharmaceutical Industries,Healthcare,2377.61,2416.31,2362.13,2373.53,1115633
2025-05-14,SUNPHARMA,Sun Pharmaceutical Industries,Healthcare,2390.68,2402.98,2349.48,2370.07,2511766
2025-05-15,SUNPHARMA,Sun Pharmaceutical Industries,Healthcare,2341.13,2362.64,2303.57,2348.88,6058962
2025-05-16,SUNPHARMA,Sun Pharmaceutical Industries,Healthcare,2328.99,2336.17,2296.26,2312.14,2190600
2025-05-19,SUNPHARMA,Sun Pharmaceutical Industries,Healthcare,2356.71,2389.48,2323.17,2340.4,4171798
2025-05-20,SUNPHARMA,Sun Pharmaceutical Industries,Healthcare,2381.52,2425.25,2344.31,2398.56,3278891
2025-05-21,SUNPHARMA,Sun Pharmaceutical Industries,Healthcare,2463.12,2491.08,2421.57,2445.44,4229205
2025-05-22,SUNPHARMA,Sun Pharmaceutical Industries,Healthcare,2507.95,2519.78,2448.11,2473.1,1601470
2025-05-23,SUNPHARMA,Sun Pharmaceutical Industries,Healthcare,2399.43,2437.47,2361.92,2408.4,1605314
2025-05-26,SUNPHARMA,Sun Pharmaceutical Industries,Healthcare,2398.49,2432.1,2371.76,2394.12,2528029
2025-05-27,SUNPHARMA,Sun Pharmaceutical Industries,Healthcare,2482.23,2499.82,2447.79,2478.99,1076342
2025-05-28,SUNPHARMA,Sun Pharmaceutical Industries,Healthcare,2534.83,2571.9,2523.83,2530.05,2155307
2025-05-29,SUNPHARMA,Sun Pharmaceutical Industries,Healthcare,2457.62,2478.09,2447.7,2461.04,2873046
2025-05-30,SUNPHARMA,Sun Pharmaceutical Industries,Healthcare,2470.72,2505.03,2440.19,2459.56,6671470
2025-06-02,SUNPHARMA,Sun Pharmaceutical Industries,Healthcare,2454.88,2480.52,2431.77,2476.62,3119852
2025-06-03,SUNPHARMA,Sun Pharmaceutical Industries,Healthcare,2465.47,2491.04,2401.07,2443.63,3526008
2025-06-04,SUNPHARMA,Sun Pharmaceutical Industries,Healthcare,2336.8,2384.0,2295.91,2343.04,4743391
2025-06-05,SUNPHARMA,Sun Pharmaceutical Industries,Healthcare,2339.13,2389.66,2302.95,2348.14,1470686
2025-06-06,SUNPHARMA,Sun Pharmaceutical Industries,Healthcare,2326.39,2339.86,2301.05,2315.79,2283011
2025-06-09,SUNPHARMA,Sun Pharmaceutical Industries,Healthcare,2298.16,2317.7,2244.32,2284.04,9490275
2025-06-10,SUNPHARMA,Sun Pharmaceutical Industries,Healthcare,2256.6,2275.07,2227.9,2270.37,2393540
2025-06-11,SUNPHARMA,Sun Pharmaceutical Industries,Healthcare,2279.37,2315.49,2248.42,2265.82,4619690
2025-06-12,SUNPHARMA,Sun Pharmaceutical Industries,Healthcare,2274.63,2298.89,2237.05,2266.35,4247567
2025-06-13,SUNPHARMA,Sun Pharmaceutical Industries,Healthcare,2219.38,2248.04,2216.54,2231.2,1108855
2025-06-16,SUNPHARMA,Sun Pharmaceutical Industries,Healthcare,2222.78,2229.73,2215.04,2223.25,2965525
2025-06-17,SUNPHARMA,Sun Pharmaceutical Industries,Healthcare,2177.28,2214.5,2121.27,2153.81,2710144
2025-06-18,SUNPHARMA,Sun Pharmaceutical Industries,Healthcare,2144.25,2188.42,2118.57,2166.73,2997468
2025-06-19,SUNPHARMA,Sun Pharmaceutical Industries,Healthcare,2062.76,2074.74,2041.41,2056.2,1651243
2025-06-20,SUNPHARMA,Sun Pharmaceutical Industries,Healthcare,2051.26,2065.52,2026.84,2046.3,1352540
2025-06-23,SUNPHARMA,Sun Pharmaceutical Industries,Healthcare,2077.79,2092.64,2043.74,2080.98,1924151
2025-06-24,SUNPHARMA,Sun Pharmaceutical Industries,Healthcare,2034.5,2065.07,2010.62,2042.13,2369084
2025-06-25,SUNPHARMA,Sun Pharmaceutical Industries,Healthcare,2045.22,2104.07,2029.33,2069.28,4797198
2025-06-26,SUNPHARMA,Sun Pharmaceutical Industries,Healthcare,2134.42,2167.64,2106.72,2113.16,6792449
2025-06-27,SUNPHARMA,Sun Pharmaceutical Industries,Healthcare,1978.38,2005.73,1966.52,1988.18,5389321
2025-06-30,SUNPHARMA,Sun Pharmaceutical Industries,Healthcare,1974.76,2013.41,1939.94,1983.56,4012412
2025-07-01,SUNPHARMA,Sun Pharmaceutical Industries,Healthcare,1883.23,1898.65,1865.8,1881.68,1438935
2025-07-02,SUNPHARMA,Sun Pharmaceutical Industries,Healthcare,1869.59,1888.36,1852.73,1878.43,1996504
2025-07-03,SUNPHARMA,Sun Pharmaceutical Industries,Healthcare,1868.46,1912.23,1850.75,1878.93,2805972
2025-07-04,SUNPHARMA,Sun Pharmaceutical Industries,Healthcare,1810.74,1821.9,1766.94,1795.72,1765527
2025-07-07,SUNPHARMA,Sun Pharmaceutical Industries,Healthcare,1839.35,1870.75,1818.62,1858.66,3434096
2025-07-08,SUNPHARMA,Sun Pharmaceutical Industries,Healthcare,1886.62,1920.24,1845.06,1868.97,3715666
2025-07-09,SUNPHARMA,Sun Pharmaceutical Industries,Healthcare,1853.78,1859.86,1827.13,1841.16,3357680
2025-07-10,SUNPHARMA,Sun Pharmaceutical Industries,Healthcare,1893.43,1919.8,1887.63,1890.46,4393449
2025-07-11,SUNPHARMA,Sun Pharmaceutical Industries,Healthcare,1809.22,1861.06,1778.77,1830.11,1520083
2025-07-14,SUNPHARMA,Sun Pharmaceutical Industries,Healthcare,1793.67,1811.07,1759.67,1790.35,4175969
2025-07-15,SUNPHARMA,Sun Pharmaceutical Industries,Healthcare,1717.29,1719.09,1687.54,1716.97,1705205
2025-07-16,SUNPHARMA,Sun Pharmaceutical Industries,Healthcare,1758.21,1786.39,1728.24,1773.31,1489999
2025-07-17,SUNPHARMA,Sun Pharmaceutical Industries,Healthcare,1787.85,1793.03,1758.11,1784.63,3349980
2025-07-18,SUNPHARMA,Sun Pharmaceutical Industries,Healthcare,1819.39,1834.08,1783.7,1806.53,4879394
2025-07-21,SUNPHARMA,Sun Pharmaceutical Industries,Healthcare,1821.6,1847.88,1789.13,1817.04,3269699
2025-07-22,SUNPHARMA,Sun Pharmaceutical Industries,Healthcare,1821.55,1852.06,1801.13,1836.53,2528769
2025-07-23,SUNPHARMA,Sun Pharmaceutical Industries,Healthcare,1839.06,1855.2,1833.02,1839.85,2964994
2025-07-24,SUNPHARMA,Sun Pharmaceutical Industries,Healthcare,1828.37,1868.91,1814.39,1849.55,2694804
2025-07-25,SUNPHARMA,Sun Pharmaceutical Industries,Healthcare,1845.7,1874.06,1813.38,1853.88,1345839
2025-07-28,SUNPHARMA,Sun Pharmaceutical Industries,Healthcare,1841.43,1870.08,1821.53,1834.31,1262191
2025-07-29,SUNPHARMA,Sun Pharmaceutical Industries,Healthcare,1832.94,1844.95,1804.07,1833.5,2393930
2025-07-30,SUNPHARMA,Sun Pharmaceutical Industries,Healthcare,1852.75,1880.48,1838.5,1843.27,2612250
2025-07-31,SUNPHARMA,Sun Pharmaceutical Industries,Healthcare,1855.11,1874.82,1835.33,1847.67,2515630
2025-08-01,SUNPHARMA,Sun Pharmaceutical Industries,Healthcare,1752.17,1810.26,1739.97,1799.26,3626059
2025-08-04,SUNPHARMA,Sun Pharmaceutical Industries,Healthcare,1745.75,1766.99,1742.48,1756.42,2220602
2025-08-05,SUNPHARMA,Sun Pharmaceutical Industries,Healthcare,1782.15,1804.15,1776.76,1791.36,3407330
2025-08-06,SUNPHARMA,Sun Pharmaceutical Industries,Healthcare,1788.87,1809.59,1774.54,1782.18,2308892
2025-08-07,SUNPHARMA,Sun Pharmaceutical Industries,Healthcare,1784.84,1810.52,1757.63,1801.65,6815082
2025-08-08,SUNPHARMA,Sun Pharmaceutical Industries,Healthcare,1755.37,1796.36,1751.73,1766.95,2613481
2025-08-11,SUNPHARMA,Sun Pharmaceutical Industries,Healthcare,1701.59,1739.34,1691.25,1720.81,9058360
2025-08-12,SUNPHARMA,Sun Pharmaceutical Industries,Healthcare,1676.92,1723.58,1674.95,1695.36,3034046
2025-08-13,SUNPHARMA,Sun Pharmaceutical Industries,Healthcare,1704.38,1707.42,1667.58,1689.25,2222801
2025-08-14,SUNPHARMA,Sun Pharmaceutical Industries,Healthcare,1680.89,1692.37,1650.42,1669.7,1524390
2025-08-15,SUNPHARMA,Sun Pharmaceutical Industries,Healthcare,1719.61,1722.0,1688.81,1709.26,1130547
2025-08-18,SUNPHARMA,Sun Pharmaceutical Industries,Healthcare,1725.24,1734.95,1702.83,1715.46,1449179
2025-08-19,SUNPHARMA,Sun Pharmaceutical Industries,Healthcare,1769.81,1801.0,1761.77,1773.24,1541116
2025-08-20,SUNPHARMA,Sun Pharmaceutical Industries,Healthcare,1792.96,1795.87,1763.19,1786.86,3106329
2025-08-21,SUNPHARMA,Sun Pharmaceutical Industries,Healthcare,1688.98,1724.37,1664.0,1709.98,1871798
2025-08-22,SUNPHARMA,Sun Pharmaceutical Industries,Healthcare,1723.47,1748.39,1717.69,1743.17,2770701
2025-08-25,SUNPHARMA,Sun Pharmaceutical Industries,Healthcare,1696.57,1710.28,1680.76,1696.5,5060062
2025-08-26,SUNPHARMA,Sun Pharmaceutical Industries,Healthcare,1684.46,1730.23,1675.65,1704.22,2382132
2025-08-27,SUNPHARMA,Sun Pharmaceutical Industries,Healthcare,1666.26,1700.62,1659.83,1681.14,7844611
2025-08-28,SUNPHARMA,Sun Pharmaceutical Industries,Healthcare,1751.38,1775.07,1723.1,1746.65,1309433
2025-08-29,SUNPHARMA,Sun Pharmaceutical Industries,Healthcare,1814.48,1827.06,1774.42,1792.61,2301289
2025-09-01,SUNPHARMA,Sun Pharmaceutical Industries,Healthcare,1771.7,1801.92,1761.12,1769.39,1858312
2025-09-02,SUNPHARMA,Sun Pharmaceutical Industries,Healthcare,1772.9,1796.05,1754.97,1766.04,4184425
2025-09-03,SUNPHARMA,Sun Pharmaceutical Industries,Healthcare,1772.32,1789.02,1741.43,1774.52,729355
2025-09-04,SUNPHARMA,Sun Pharmaceutical Industries,Healthcare,1801.84,1817.68,1774.05,1802.81,1130406
2025-09-05,SUNPHARMA,Sun Pharmaceutical Industries,Healthcare,1803.79,1834.46,1775.01,1804.48,2356670
2025-09-08,SUNPHARMA,Sun Pharmaceutical Industries,Healthcare,1766.36,1791.04,1750.78,1771.91,5868203
2025-09-09,SUNPHARMA,Sun Pharmaceutical Industries,Healthcare,1762.55,1785.48,1729.43,1749.73,2830642
2025-09-10,SUNPHARMA,Sun Pharmaceutical Industries,Healthcare,1745.98,1764.45,1733.05,1750.29,1188794
2025-09-11,SUNPHARMA,Sun Pharmaceutical Industries,Healthcare,1794.62,1803.24,1785.73,1789.88,1294143
2025-09-12,SUNPHARMA,Sun Pharmaceutical Industries,Healthcare,1802.22,1828.38,1788.13,1804.38,6274131
2025-09-15,SUNPHARMA,Sun Pharmaceutical Industries,Healthcare,1769.82,1800.16,1750.18,1779.98,1776538
2025-09-16,SUNPHARMA,Sun Pharmaceutical Industries,Healthcare,1814.8,1832.08,1790.87,1801.47,1488339
2025-09-17,SUNPHARMA,Sun Pharmaceutical Industries,Healthcare,1792.67,1813.48,1762.05,1789.64,5634146
2025-09-18,SUNPHARMA,Sun Pharmaceutical Industries,Healthcare,1820.34,1828.6,1812.55,1819.04,4359660
2025-09-19,SUNPHARMA,Sun Pharmaceutical Industries,Healthcare,1908.4,1936.06,1888.73,1902.51,5038072
2025-09-22,SUNPHARMA,Sun Pharmaceutical Industries,Healthcare,1880.83,1923.35,1874.95,1890.98,1482556
2025-09-23,SUNPHARMA,Sun Pharmaceutical Industries,Healthcare,1927.35,1958.48,1903.9,1919.02,1080563
2025-09-24,SUNPHARMA,Sun Pharmaceutical Industries,Healthcare,1900.38,1912.66,1890.87,1894.04,2689976
2025-09-25,SUNPHARMA,Sun Pharmaceutical Industries,Healthcare,1899.06,1914.07,1880.32,1890.97,3005999
2025-09-26,SUNPHARMA,Sun Pharmaceutical Industries,Healthcare,1880.42,1920.64,1865.73,1892.74,3055128
2025-09-29,SUNPHARMA,Sun Pharmaceutical Industries,Healthcare,1892.49,1913.53,1869.67,1886.9,5636661
2025-09-30,SUNPHARMA,Sun Pharmaceutical Industries,Healthcare,1965.88,1991.64,1945.74,1971.3,963405
2025-10-01,SUNPHARMA,Sun Pharmaceutical Industries,Healthcare,1938.24,1994.07,1927.24,1961.21,4011330
2025-10-02,SUNPHARMA,Sun Pharmaceutical Industries,Healthcare,1983.61,2003.66,1963.1,1982.72,1367722
2025-10-03,SUNPHARMA,Sun Pharmaceutical Industries,Healthcare,1901.94,1933.3,1883.58,1914.63,4002604
2025-10-06,SUNPHARMA,Sun Pharmaceutical Industries,Healthcare,1911.11,1933.59,1898.93,1930.28,1925266
2025-10-07,SUNPHARMA,Sun Pharmaceutical Industries,Healthcare,1958.66,1975.03,1929.06,1970.73,1597765
2025-10-08,SUNPHARMA,Sun Pharmaceutical Industries,Healthcare,1953.0,1955.2,1932.74,1952.81,1787546
2025-10-09,SUNPHARMA,Sun Pharmaceutical Industries,Healthcare,1858.19,1896.18,1845.84,1865.35,1128856
2025-10-10,SUNPHARMA,Sun Pharmaceutical Industries,Healthcare,1879.32,1894.24,1832.9,1864.8,2556212
2025-10-13,SUNPHARMA,Sun Pharmaceutical Industries,Healthcare,1874.9,1891.71,1837.45,1866.12,1634472
2025-10-14,SUNPHARMA,Sun Pharmaceutical Industries,Healthcare,1898.08,1927.25,1857.71,1891.19,3852625
2025-10-15,SUNPHARMA,Sun Pharmaceutical Industries,Healthcare,1934.4,1982.67,1909.7,1960.4,3554880
2025-10-16,SUNPHARMA,Sun Pharmaceutical Industries,Healthcare,1957.32,1979.55,1933.3,1947.77,6326689
2025-10-17,SUNPHARMA,Sun Pharmaceutical Industries,Healthcare,1928.1,1939.75,1907.45,1918.53,3058029
2025-10-20,SUNPHARMA,Sun Pharmaceutical Industries,Healthcare,1890.84,1919.54,1855.93,1879.0,3328971
2025-10-21,SUNPHARMA,Sun Pharmaceutical Industries,Healthcare,1880.14,1893.66,1846.91,1886.45,5399712
2025-10-22,SUNPHARMA,Sun Pharmaceutical Industries,Healthcare,1901.86,1907.11,1879.69,1903.48,1770171
2025-10-23,SUNPHARMA,Sun Pharmaceutical Industries,Healthcare,1873.33,1893.58,1843.38,1885.55,1102685
2025-10-24,SUNPHARMA,Sun Pharmaceutical Industries,Healthcare,1905.06,1923.35,1892.5,1912.73,2790839
2025-10-27,SUNPHARMA,Sun Pharmaceutical Industries,Healthcare,1945.63,1956.92,1914.24,1929.52,1143212
2025-10-28,SUNPHARMA,Sun Pharmaceutical Industries,Healthcare,1941.2,1965.26,1900.1,1931.79,9640346
2025-10-29,SUNPHARMA,Sun Pharmaceutical Industries,Healthcare,1885.74,1910.13,1859.59,1901.19,5566768
2025-10-30,SUNPHARMA,Sun Pharmaceutical Industries,Healthcare,1887.76,1911.36,1852.11,1885.46,8219239
2025-10-31,SUNPHARMA,Sun Pharmaceutical Industries,Healthcare,1790.99,1808.35,1765.61,1803.75,2587356
2025-11-03,SUNPHARMA,Sun Pharmaceutical Industries,Healthcare,1813.76,1820.11,1796.5,1812.13,3384161
2025-11-04,SUNPHARMA,Sun Pharmaceutical Industries,Healthcare,1824.3,1841.91,1795.52,1813.71,1941729
2025-11-05,SUNPHARMA,Sun Pharmaceutical Industries,Healthcare,1823.91,1854.32,1790.9,1820.59,4062909
2025-11-06,SUNPHARMA,Sun Pharmaceutical Industries,Healthcare,1848.58,1877.44,1818.77,1837.84,1281129
2025-11-07,SUNPHARMA,Sun Pharmaceutical Industries,Healthcare,1857.65,1890.1,1841.45,1851.34,617293
2025-11-10,SUNPHARMA,Sun Pharmaceutical Industries,Healthcare,1846.18,1870.69,1830.66,1848.41,1618338
2025-11-11,SUNPHARMA,Sun Pharmaceutical Industries,Healthcare,1845.1,1873.88,1827.06,1850.76,1122749
2025-11-12,SUNPHARMA,Sun Pharmaceutical Industries,Healthcare,1822.11,1843.29,1799.95,1804.72,5635863
2025-11-13,SUNPHARMA,Sun Pharmaceutical Industries,Healthcare,1786.67,1807.37,1762.11,1786.48,6786350
2025-11-14,SUNPHARMA,Sun Pharmaceutical Industries,Healthcare,1795.14,1801.42,1783.7,1788.82,1155669
2025-11-17,SUNPHARMA,Sun Pharmaceutical Industries,Healthcare,1772.74,1790.9,1751.92,1765.84,5087234
2025-11-18,SUNPHARMA,Sun Pharmaceutical Industries,Healthcare,1792.46,1807.45,1766.15,1793.89,4218807
2025-11-19,SUNPHARMA,Sun Pharmaceutical Industries,Healthcare,1779.21,1794.38,1757.47,1773.34,1054338
2025-11-20,SUNPHARMA,Sun Pharmaceutical Industries,Healthcare,1766.3,1798.58,1739.25,1780.95,2017065
2025-11-21,SUNPHARMA,Sun Pharmaceutical Industries,Healthcare,1772.76,1791.08,1760.69,1785.4,1817025
2025-11-24,SUNPHARMA,Sun Pharmaceutical Industries,Healthcare,1797.35,1822.97,1766.29,1810.1,3772312
2025-11-25,SUNPHARMA,Sun Pharmaceutical Industries,Healthcare,1845.65,1849.49,1831.78,1840.17,1271836
2025-11-26,SUNPHARMA,Sun Pharmaceutical Industries,Healthcare,1874.72,1907.82,1860.82,1863.9,2367680
2025-11-27,SUNPHARMA,Sun Pharmaceutical Industries,Healthcare,1793.1,1799.39,1764.71,1793.98,1714337
2025-11-28,SUNPHARMA,Sun Pharmaceutical Industries,Healthcare,1834.92,1844.82,1807.99,1833.26,3243420
2025-12-01,SUNPHARMA,Sun Pharmaceutical Industries,Healthcare,1891.3,1921.85,1875.08,1884.4,2218996
2025-12-02,SUNPHARMA,Sun Pharmaceutical Industries,Healthcare,1882.07,1899.4,1835.64,1868.8,1862473
2025-12-03,SUNPHARMA,Sun Pharmaceutical Industries,Healthcare,1877.97,1884.18,1859.59,1877.5,2223266
2025-12-04,SUNPHARMA,Sun Pharmaceutical Industries,Healthcare,1852.64,1866.59,1816.42,1848.15,7660783
2025-12-05,SUNPHARMA,Sun Pharmaceutical Industries,Healthcare,1776.73,1789.37,1759.7,1784.07,1987735
2025-12-08,SUNPHARMA,Sun Pharmaceutical Industries,Healthcare,1754.06,1768.82,1738.24,1761.06,1410208
2025-12-09,SUNPHARMA,Sun Pharmaceutical Industries,Healthcare,1733.2,1747.93,1718.23,1744.65,3445879
2025-12-10,SUNPHARMA,Sun Pharmaceutical Industries,Healthcare,1747.4,1762.17,1722.59,1734.2,2310241
2025-12-11,SUNPHARMA,Sun Pharmaceutical Industries,Healthcare,1700.87,1730.05,1683.74,1704.96,1147874
2025-12-12,SUNPHARMA,Sun Pharmaceutical Industries,Healthcare,1690.51,1709.04,1668.5,1683.13,8530207
2025-12-15,SUNPHARMA,Sun Pharmaceutical Industries,Healthcare,1695.89,1715.07,1680.74,1683.47,2059426
2025-12-16,SUNPHARMA,Sun Pharmaceutical Industries,Healthcare,1665.09,1672.43,1651.79,1660.81,2030866
2025-12-17,SUNPHARMA,Sun Pharmaceutical Industries,Healthcare,1667.03,1689.21,1659.32,1677.72,2729723
2025-12-18,SUNPHARMA,Sun Pharmaceutical Industries,Healthcare,1702.78,1728.95,1672.22,1698.98,6474393
2025-12-19,SUNPHARMA,Sun Pharmaceutical Industries,Healthcare,1755.96,1776.87,1736.33,1772.45,992459
2025-12-22,SUNPHARMA,Sun Pharmaceutical Industries,Healthcare,1803.14,1837.27,1777.92,1809.08,2909795
2025-12-23,SUNPHARMA,Sun Pharmaceutical Industries,Healthcare,1822.02,1838.83,1786.33,1817.72,7879704
2025-12-24,SUNPHARMA,Sun Pharmaceutical Industries,Healthcare,1785.72,1825.54,1764.38,1798.15,2683418
2025-12-25,SUNPHARMA,Sun Pharmaceutical Industries,Healthcare,1803.56,1819.96,1771.62,1808.38,1267259
2025-12-26,SUNPHARMA,Sun Pharmaceutical Industries,Healthcare,1829.97,1842.34,1808.27,1819.73,1779215
2025-12-29,SUNPHARMA,Sun Pharmaceutical Industries,Healthcare,1783.75,1828.49,1776.32,1803.64,2801279
2025-12-30,SUNPHARMA,Sun Pharmaceutical Industries,Healthcare,1826.97,1856.06,1812.61,1829.81,5197786
2025-12-31,SUNPHARMA,Sun Pharmaceutical Industries,Healthcare,1784.29,1793.24,1768.23,1784.49,2074366
2025-01-02,TITAN,Titan Company,Consumer,3651.22,3700.24,3597.82,3655.01,7386115
2025-01-03,TITAN,Titan Company,Consumer,3521.98,3572.96,3504.47,3562.04,1412153
2025-01-06,TITAN,Titan Company,Consumer,3511.27,3530.64,3439.78,3470.89,2554853
2025-01-07,TITAN,Titan Company,Consumer,3442.84,3495.21,3385.08,3442.12,1395997
2025-01-08,TITAN,Titan Company,Consumer,3539.29,3597.21,3493.87,3532.59,1906617
2025-01-09,TITAN,Titan Company,Consumer,3518.4,3574.35,3502.32,3538.39,6312143
2025-01-10,TITAN,Titan Company,Consumer,3550.7,3563.73,3530.0,3558.26,1338173
2025-01-13,TITAN,Titan Company,Consumer,3564.87,3637.45,3505.52,3577.49,3452726
2025-01-14,TITAN,Titan Company,Consumer,3642.81,3697.57,3612.71,3650.35,3103063
2025-01-15,TITAN,Titan Company,Consumer,3632.03,3661.22,3572.06,3611.72,2466984
2025-01-16,TITAN,Titan Company,Consumer,3631.52,3698.78,3599.49,3657.91,3326700
2025-01-17,TITAN,Titan Company,Consumer,3587.48,3634.6,3560.81,3604.66,1320855
2025-01-20,TITAN,Titan Company,Consumer,3714.38,3768.07,3696.57,3734.79,6216879
2025-01-21,TITAN,Titan Company,Consumer,3654.76,3741.67,3608.47,3682.47,7206300
2025-01-22,TITAN,Titan Company,Consumer,3616.4,3639.01,3568.62,3625.46,2565615
2025-01-23,TITAN,Titan Company,Consumer,3630.52,3672.9,3609.92,3662.78,9478244
2025-01-24,TITAN,Titan Company,Consumer,3661.21,3673.34,3608.44,3669.51,2007369
2025-01-27,TITAN,Titan Company,Consumer,3697.42,3720.86,3635.23,3692.56,3115932
2025-01-28,TITAN,Titan Company,Consumer,3709.29,3722.3,3647.38,3709.15,5494951
2025-01-29,TITAN,Titan Company,Consumer,3638.35,3655.6,3624.22,3637.83,1942232
2025-01-30,TITAN,Titan Company,Consumer,3756.64,3761.11,3721.84,3744.93,1169339
2025-01-31,TITAN,Titan Company,Consumer,3769.75,3825.17,3710.84,3806.66,1030296
2025-02-03,TITAN,Titan Company,Consumer,3894.38,3927.27,3877.34,3901.3,7765923
2025-02-04,TITAN,Titan Company,Consumer,3863.56,3871.7,3859.47,3865.76,1868857
2025-02-05,TITAN,Titan Company,Consumer,3887.23,3940.45,3825.8,3896.29,2257223
2025-02-06,TITAN,Titan Company,Consumer,3842.98,3953.43,3817.81,3911.69,1355635
2025-02-07,TITAN,Titan Company,Consumer,4019.97,4030.62,3960.55,3992.68,4211746
2025-02-10,TITAN,Titan Company,Consumer,4098.44,4143.99,4042.64,4077.66,1626503
2025-02-11,TITAN,Titan Company,Consumer,4127.65,4201.85,4030.34,4093.46,1908077
2025-02-12,TITAN,Titan Company,Consumer,3988.82,4056.85,3956.39,3983.25,2947705
2025-02-13,TITAN,Titan Company,Consumer,4106.39,4116.74,4040.0,4112.44,1392450
2025-02-14,TITAN,Titan Company,Consumer,4166.88,4227.39,4107.51,4155.24,2266123
2025-02-17,TITAN,Titan Company,Consumer,4124.76,4153.68,4070.43,4111.4,5405981
2025-02-18,TITAN,Titan Company,Consumer,4139.59,4151.76,4112.54,4143.13,3163979
2025-02-19,TITAN,Titan Company,Consumer,4044.28,4068.67,4011.36,4032.09,2686096
2025-02-20,TITAN,Titan Company,Consumer,4102.67,4136.89,4055.04,4110.3,2813604
2025-02-21,TITAN,Titan Company,Consumer,3976.51,4042.71,3942.33,4003.1,2018321
2025-02-24,TITAN,Titan Company,Consumer,3972.65,4037.6,3907.19,3988.79,7494538
2025-02-25,TITAN,Titan Company,Consumer,3986.86,4062.98,3949.55,4007.93,1599361
2025-02-26,TITAN,Titan Company,Consumer,4058.04,4105.64,4018.68,4084.48,2807516
2025-02-27,TITAN,Titan Company,Consumer,4087.01,4120.44,4053.97,4093.95,2663270
2025-02-28,TITAN,Titan Company,Consumer,4146.32,4172.21,4082.66,4142.38,4354065
2025-03-03,TITAN,Titan Company,Consumer,4161.22,4191.04,4107.88,4141.93,4586129
2025-03-04,TITAN,Titan Company,Consumer,4150.93,4225.63,4118.09,4141.19,2456359
2025-03-05,TITAN,Titan Company,Consumer,4162.3,4221.51,4084.27,4149.22,2933385
2025-03-06,TITAN,Titan Company,Consumer,4118.68,4209.46,4072.77,4136.76,2995121
2025-03-07,TITAN,Titan Company,Consumer,4004.5,4064.13,3960.23,4012.83,716492
2025-03-10,TITAN,Titan Company,Consumer,3942.46,3990.24,3897.58,3958.94,1043255
2025-03-11,TITAN,Titan Company,Consumer,4005.85,4036.4,3925.37,3977.96,1792310
2025-03-12,TITAN,Titan Company,Consumer,3927.97,3998.59,3903.14,3961.72,1835673
2025-03-13,TITAN,Titan Company,Consumer,3962.34,3994.39,3945.97,3952.19,1292638
2025-03-14,TITAN,Titan Company,Consumer,3956.89,4016.56,3872.67,3930.77,3775606
2025-03-17,TITAN,Titan Company,Consumer,3881.47,3916.03,3858.88,3871.24,2502914
2025-03-18,TITAN,Titan Company,Consumer,3782.06,3861.56,3731.87,3838.43,2221557
2025-03-19,TITAN,Titan Company,Consumer,3827.67,3881.92,3809.6,3818.76,1252830
2025-03-20,TITAN,Titan Company,Consumer,3828.11,3887.54,3792.45,3820.64,2439495
2025-03-21,TITAN,Titan Company,Consumer,3853.67,3885.06,3841.25,3849.23,589555
2025-03-24,TITAN,Titan Company,Consumer,3841.68,3889.14,3800.34,3838.26,2285682
2025-03-25,TITAN,Titan Company,Consumer,3786.41,3793.98,3723.04,3768.65,2588404
2025-03-26,TITAN,Titan Company,Consumer,3672.17,3712.08,3657.79,3675.32,2855777
2025-03-27,TITAN,Titan Company,Consumer,3823.95,3855.42,3795.97,3848.63,1057634
2025-03-28,TITAN,Titan Company,Consumer,3764.8,3777.54,3701.5,3771.9,2829047
2025-03-31,TITAN,Titan Company,Consumer,3763.28,3806.26,3706.34,3738.19,1409878
2025-04-01,TITAN,Titan Company,Consumer,3782.29,3805.58,3719.21,3774.48,1599086
2025-04-02,TITAN,Titan Company,Consumer,3813.12,3865.07,3736.8,3800.5,3710449
2025-04-03,TITAN,Titan Company,Consumer,3836.44,3899.95,3769.06,3837.66,7568941
2025-04-04,TITAN,Titan Company,Consumer,3778.45,3821.44,3716.97,3808.61,2571625
2025-04-07,TITAN,Titan Company,Consumer,3829.91,3880.91,3802.01,3826.49,1595023
2025-04-08,TITAN,Titan Company,Consumer,3834.27,3871.64,3765.7,3832.24,2773359
2025-04-09,TITAN,Titan Company,Consumer,3772.01,3823.32,3716.15,3812.25,4190234
2025-04-10,TITAN,Titan Company,Consumer,3810.58,3876.87,3752.53,3830.61,3517812
2025-04-11,TITAN,Titan Company,Consumer,3891.51,3949.27,3886.61,3904.91,11302261
2025-04-14,TITAN,Titan Company,Consumer,3859.57,3943.05,3793.1,3904.91,1686836
2025-04-15,TITAN,Titan Company,Consumer,3893.94,3970.8,3838.54,3905.38,2872026
2025-04-16,TITAN,Titan Company,Consumer,4030.07,4069.8,3926.06,3982.03,5860269
2025-04-17,TITAN,Titan Company,Consumer,4032.39,4124.82,4022.77,4052.53,5661440
2025-04-18,TITAN,Titan Company,Consumer,4209.91,4250.56,4149.04,4169.69,855343
2025-04-21,TITAN,Titan Company,Consumer,4028.62,4051.54,3958.69,4039.55,2495387
2025-04-22,TITAN,Titan Company,Consumer,4149.65,4186.99,4067.91,4106.98,5656340
2025-04-23,TITAN,Titan Company,Consumer,4164.76,4181.83,4120.85,4153.09,12257578
2025-04-24,TITAN,Titan Company,Consumer,4097.49,4143.18,4026.08,4088.55,3681714
2025-04-25,TITAN,Titan Company,Consumer,4127.77,4180.54,4098.49,4108.7,2042073
2025-04-28,TITAN,Titan Company,Consumer,4196.86,4234.48,4154.2,4188.08,1435092
2025-04-29,TITAN,Titan Company,Consumer,4101.83,4138.23,4071.53,4127.25,8470585
2025-04-30,TITAN,Titan Company,Consumer,4179.68,4217.16,4132.86,4161.78,3732575
2025-05-01,TITAN,Titan Company,Consumer,4214.93,4238.8,4188.67,4228.72,1568083
2025-05-02,TITAN,Titan Company,Consumer,4173.06,4225.63,4129.92,4148.88,2235700
2025-05-05,TITAN,Titan Company,Consumer,4144.63,4204.46,4123.61,4139.92,2965048
2025-05-06,TITAN,Titan Company,Consumer,4155.93,4236.29,4106.53,4164.0,3371589
2025-05-07,TITAN,Titan Company,Consumer,4130.69,4145.27,4037.71,4106.0,1524246
2025-05-08,TITAN,Titan Company,Consumer,4074.73,4115.69,4003.65,4042.66,1783336
2025-05-09,TITAN,Titan Company,Consumer,4022.58,4077.41,3998.18,4034.45,1007202
2025-05-12,TITAN,Titan Company,Consumer,4066.88,4162.58,4051.81,4094.28,4428938
2025-05-13,TITAN,Titan Company,Consumer,4145.33,4193.68,4080.74,4143.36,2071764
2025-05-14,TITAN,Titan Company,Consumer,4092.0,4106.21,4009.3,4080.77,3230922
2025-05-15,TITAN,Titan Company,Consumer,4126.45,4165.08,4097.84,4130.31,5465922
2025-05-16,TITAN,Titan Company,Consumer,4068.46,4119.18,4044.27,4069.81,2821360
2025-05-19,TITAN,Titan Company,Consumer,3947.73,4004.5,3903.42,3953.49,2349392
2025-05-20,TITAN,Titan Company,Consumer,3989.46,4051.98,3873.22,3928.94,2781380
2025-05-21,TITAN,Titan Company,Consumer,4035.82,4052.24,3974.87,4009.93,2588418
2025-05-22,TITAN,Titan Company,Consumer,4079.57,4149.64,4011.34,4058.88,4961367
2025-05-23,TITAN,Titan Company,Consumer,4056.72,4068.53,4003.24,4060.39,2966111
2025-05-26,TITAN,Titan Company,Consumer,4027.06,4103.01,3957.28,4031.56,1853119
2025-05-27,TITAN,Titan Company,Consumer,3989.66,4067.29,3974.47,4004.88,4448681
2025-05-28,TITAN,Titan Company,Consumer,4008.13,4063.4,3936.17,4014.33,4918763
2025-05-29,TITAN,Titan Company,Consumer,3969.71,4023.28,3908.53,3938.73,1197467
2025-05-30,TITAN,Titan Company,Consumer,3881.92,3924.38,3830.32,3915.63,5808497
2025-06-02,TITAN,Titan Company,Consumer,3872.45,3908.65,3830.89,3902.0,3055313
2025-06-03,TITAN,Titan Company,Consumer,3837.64,3848.11,3773.35,3808.67,2921476
2025-06-04,TITAN,Titan Company,Consumer,3745.23,3762.03,3697.04,3752.71,4348949
2025-06-05,TITAN,Titan Company,Consumer,3795.5,3834.61,3752.71,3781.94,1830252
2025-06-06,TITAN,Titan Company,Consumer,3780.95,3801.74,3769.06,3784.1,4225261
2025-06-09,TITAN,Titan Company,Consumer,3740.94,3823.4,3706.11,3764.58,2032088
2025-06-10,TITAN,Titan Company,Consumer,3657.58,3736.1,3621.47,3704.33,1110785
2025-06-11,TITAN,Titan Company,Consumer,3793.85,3859.82,3777.03,3810.95,1444155
2025-06-12,TITAN,Titan Company,Consumer,3748.36,3800.42,3684.99,3754.99,3414915
2025-06-13,TITAN,Titan Company,Consumer,3781.21,3805.55,3755.13,3773.5,1486290
2025-06-16,TITAN,Titan Company,Consumer,3737.79,3761.08,3708.04,3741.87,6060744
2025-06-17,TITAN,Titan Company,Consumer,3715.5,3771.36,3702.0,3745.81,4808555
2025-06-18,TITAN,Titan Company,Consumer,3779.18,3834.14,3739.97,3778.16,5205325
2025-06-19,TITAN,Titan Company,Consumer,3706.19,3746.84,3663.52,3686.49,2677594
2025-06-20,TITAN,Titan Company,Consumer,3723.71,3743.48,3653.16,3687.52,2880934
2025-06-23,TITAN,Titan Company,Consumer,3756.47,3824.19,3738.37,3768.03,1296604
2025-06-24,TITAN,Titan Company,Consumer,3883.25,3896.52,3875.82,3889.01,4323095
2025-06-25,TITAN,Titan Company,Consumer,3896.57,3946.78,3826.17,3881.47,3080830
2025-06-26,TITAN,Titan Company,Consumer,3862.16,3918.83,3816.2,3885.93,3415448
2025-06-27,TITAN,Titan Company,Consumer,4052.42,4106.85,4014.71,4042.16,6327228
2025-06-30,TITAN,Titan Company,Consumer,4129.69,4198.93,4118.9,4126.36,1791424
2025-07-01,TITAN,Titan Company,Consumer,4082.57,4138.7,4018.01,4082.16,2332435
2025-07-02,TITAN,Titan Company,Consumer,4046.83,4081.28,4022.61,4038.31,2992052
2025-07-03,TITAN,Titan Company,Consumer,4103.65,4124.11,4034.61,4109.45,1494514
2025-07-04,TITAN,Titan Company,Consumer,4008.62,4095.68,3971.99,4036.31,2254912
2025-07-07,TITAN,Titan Company,Consumer,4145.37,4181.98,4089.01,4116.95,3278588
2025-07-08,TITAN,Titan Company,Consumer,4131.26,4152.82,4075.04,4143.37,2090303
2025-07-09,TITAN,Titan Company,Consumer,4179.33,4238.97,4112.85,4183.64,5135796
2025-07-10,TITAN,Titan Company,Consumer,4162.14,4190.82,4131.75,4165.98,1089024
2025-07-11,TITAN,Titan Company,Consumer,4098.98,4127.97,4066.49,4120.42,4635828
2025-07-14,TITAN,Titan Company,Consumer,4229.25,4299.66,4193.88,4230.5,3596433
2025-07-15,TITAN,Titan Company,Consumer,4201.3,4252.22,4131.22,4213.4,1828388
2025-07-16,TITAN,Titan Company,Consumer,4166.03,4208.09,4112.82,4183.92,1503605
2025-07-17,TITAN,Titan Company,Consumer,4192.25,4247.5,4157.79,4179.56,796231
2025-07-18,TITAN,Titan Company,Consumer,4188.24,4263.14,4170.88,4195.76,1614369
2025-07-21,TITAN,Titan Company,Consumer,4125.79,4129.94,4099.33,4119.58,4447036
2025-07-22,TITAN,Titan Company,Consumer,4082.59,4134.42,4056.99,4079.34,2424059
2025-07-23,TITAN,Titan Company,Consumer,4043.41,4100.17,4015.77,4035.59,4739493
2025-07-24,TITAN,Titan Company,Consumer,4087.06,4117.34,4037.22,4098.61,1777773
2025-07-25,TITAN,Titan Company,Consumer,4032.91,4072.51,4020.93,4034.89,3688423
2025-07-28,TITAN,Titan Company,Consumer,3899.75,3918.83,3870.17,3908.98,1684833
2025-07-29,TITAN,Titan Company,Consumer,3772.54,3824.2,3728.29,3772.14,1469944
2025-07-30,TITAN,Titan Company,Consumer,3709.51,3766.67,3651.97,3673.81,2356955
2025-07-31,TITAN,Titan Company,Consumer,3764.61,3776.01,3756.67,3765.32,1734222
2025-08-01,TITAN,Titan Company,Consumer,3766.49,3823.99,3757.48,3767.92,1070085
2025-08-04,TITAN,Titan Company,Consumer,3797.9,3857.12,3785.97,3803.43,2261475
2025-08-05,TITAN,Titan Company,Consumer,3855.41,3882.0,3783.25,3841.68,2650717
2025-08-06,TITAN,Titan Company,Consumer,3874.89,3924.24,3800.23,3847.1,5022299
2025-08-07,TITAN,Titan Company,Consumer,3829.11,3847.3,3821.08,3843.46,4185113
2025-08-08,TITAN,Titan Company,Consumer,3923.7,3989.78,3887.3,3917.26,4890328
2025-08-11,TITAN,Titan Company,Consumer,3925.09,3969.81,3902.57,3929.12,3715403
2025-08-12,TITAN,Titan Company,Consumer,4036.46,4083.06,3986.01,4029.64,3001846
2025-08-13,TITAN,Titan Company,Consumer,4076.43,4126.57,4035.98,4076.28,1271720
2025-08-14,TITAN,Titan Company,Consumer,4043.48,4086.12,3995.57,4032.58,2714805
2025-08-15,TITAN,Titan Company,Consumer,4021.47,4084.07,3972.74,3998.11,3471293
2025-08-18,TITAN,Titan Company,Consumer,3936.17,3992.22,3923.01,3947.36,5572710
2025-08-19,TITAN,Titan Company,Consumer,4050.1,4116.65,3980.48,4035.45,3646433
2025-08-20,TITAN,Titan Company,Consumer,4003.7,4051.32,3939.81,4007.64,4945616
2025-08-21,TITAN,Titan Company,Consumer,3941.93,3967.09,3874.72,3951.64,1417212
2025-08-22,TITAN,Titan Company,Consumer,3990.02,4055.97,3968.03,3975.97,2089157
2025-08-25,TITAN,Titan Company,Consumer,3999.5,4049.84,3916.69,3970.61,3165888
2025-08-26,TITAN,Titan Company,Consumer,3935.95,4044.71,3883.41,3993.25,4734209
2025-08-27,TITAN,Titan Company,Consumer,4143.8,4217.37,4060.04,4130.68,2308077
2025-08-28,TITAN,Titan Company,Consumer,4184.57,4209.79,4162.39,4200.22,2389168
2025-08-29,TITAN,Titan Company,Consumer,4155.59,4238.78,4099.0,4203.94,3648141
2025-09-01,TITAN,Titan Company,Consumer,4079.71,4119.81,4071.85,4099.05,1345898
2025-09-02,TITAN,Titan Company,Consumer,4071.14,4118.84,4016.13,4063.8,6051845
2025-09-03,TITAN,Titan Company,Consumer,4119.1,4179.71,4088.76,4117.44,1541515
2025-09-04,TITAN,Titan Company,Consumer,4052.54,4123.16,3975.55,4032.29,870285
2025-09-05,TITAN,Titan Company,Consumer,4167.26,4225.87,4101.93,4189.3,2513880
2025-09-08,TITAN,Titan Company,Consumer,4177.87,4252.29,4147.78,4192.06,6362637
2025-09-09,TITAN,Titan Company,Consumer,4210.42,4280.27,4155.73,4197.43,3451607
2025-09-10,TITAN,Titan Company,Consumer,4174.84,4227.52,4136.31,4148.74,3778739
2025-09-11,TITAN,Titan Company,Consumer,4220.95,4242.59,4153.63,4187.49,2557558
2025-09-12,TITAN,Titan Company,Consumer,4077.75,4148.37,4048.66,4101.88,2299020
2025-09-15,TITAN,Titan Company,Consumer,4260.29,4337.93,4242.77,4263.37,1068857
2025-09-16,TITAN,Titan Company,Consumer,4360.54,4443.83,4289.87,4366.17,721536
2025-09-17,TITAN,Titan Company,Consumer,4467.33,4520.58,4429.63,4445.27,2784979
2025-09-18,TITAN,Titan Company,Consumer,4374.2,4444.54,4284.6,4335.79,5145861
2025-09-19,TITAN,Titan Company,Consumer,4328.56,4372.74,4258.73,4353.56,3020928
2025-09-22,TITAN,Titan Company,Consumer,4448.93,4473.12,4375.5,4450.05,3522850
2025-09-23,TITAN,Titan Company,Consumer,4474.98,4576.72,4410.16,4499.34,5973514
2025-09-24,TITAN,Titan Company,Consumer,4430.24,4444.85,4402.32,4419.98,2995504
2025-09-25,TITAN,Titan Company,Consumer,4376.24,4394.84,4304.93,4370.03,2336912
2025-09-26,TITAN,Titan Company,Consumer,4317.74,4371.56,4293.13,4336.22,1593769
2025-09-29,TITAN,Titan Company,Consumer,4272.09,4338.16,4200.83,4290.86,7602731
2025-09-30,TITAN,Titan Company,Consumer,4389.64,4460.34,4332.34,4410.65,3339736
2025-10-01,TITAN,Titan Company,Consumer,4267.46,4292.91,4198.78,4259.9,1487816
2025-10-02,TITAN,Titan Company,Consumer,4296.06,4383.7,4285.55,4311.9,1312781
2025-10-03,TITAN,Titan Company,Consumer,4185.47,4283.08,4139.82,4213.33,4980228
2025-10-06,TITAN,Titan Company,Consumer,4144.71,4176.48,4080.15,4142.11,1412975
2025-10-07,TITAN,Titan Company,Consumer,4006.27,4039.85,3931.43,3993.92,6930275
2025-10-08,TITAN,Titan Company,Consumer,3924.43,4007.25,3918.6,3956.05,548941
2025-10-09,TITAN,Titan Company,Consumer,4081.24,4131.32,3996.24,4065.21,5466934
2025-10-10,TITAN,Titan Company,Consumer,4070.84,4116.86,4063.77,4086.21,3267688
2025-10-13,TITAN,Titan Company,Consumer,4001.11,4033.29,3953.92,3999.71,2668503
2025-10-14,TITAN,Titan Company,Consumer,4120.06,4148.56,4022.43,4074.54,2270019
2025-10-15,TITAN,Titan Company,Consumer,4138.45,4187.31,4126.76,4166.47,7072345
2025-10-16,TITAN,Titan Company,Consumer,4246.2,4283.52,4168.36,4175.94,3688327
2025-10-17,TITAN,Titan Company,Consumer,4382.73,4438.26,4268.44,4330.56,1521244
2025-10-20,TITAN,Titan Company,Consumer,4382.47,4456.18,4349.42,4396.33,971309
2025-10-21,TITAN,Titan Company,Consumer,4438.08,4515.51,4425.56,4452.11,2756065
2025-10-22,TITAN,Titan Company,Consumer,4406.37,4438.84,4328.21,4389.51,2498527
2025-10-23,TITAN,Titan Company,Consumer,4436.9,4503.0,4368.42,4440.84,1083680
2025-10-24,TITAN,Titan Company,Consumer,4528.73,4533.76,4410.95,4459.94,2424982
2025-10-27,TITAN,Titan Company,Consumer,4484.44,4544.48,4467.66,4503.46,1823261
2025-10-28,TITAN,Titan Company,Consumer,4443.11,4514.27,4437.52,4449.77,2512806
2025-10-29,TITAN,Titan Company,Consumer,4463.03,4515.29,4404.19,4461.81,3726795
2025-10-30,TITAN,Titan Company,Consumer,4397.44,4437.83,4351.91,4397.99,5681562
2025-10-31,TITAN,Titan Company,Consumer,4217.29,4280.35,4166.41,4229.77,4121345
2025-11-03,TITAN,Titan Company,Consumer,4308.22,4378.95,4243.61,4307.47,1681184
2025-11-04,TITAN,Titan Company,Consumer,4240.39,4285.45,4157.56,4192.71,3062385
2025-11-05,TITAN,Titan Company,Consumer,4147.81,4263.81,4134.88,4202.47,2588295
2025-11-06,TITAN,Titan Company,Consumer,4199.09,4304.09,4127.79,4229.34,1201558
2025-11-07,TITAN,Titan Company,Consumer,4288.96,4344.69,4212.19,4255.89,3112165
2025-11-10,TITAN,Titan Company,Consumer,4244.7,4290.32,4187.37,4235.91,6941101
2025-11-11,TITAN,Titan Company,Consumer,4264.32,4271.31,4186.46,4258.28,2544986
2025-11-12,TITAN,Titan Company,Consumer,4268.46,4327.73,4196.59,4296.09,1040280
2025-11-13,TITAN,Titan Company,Consumer,4411.8,4458.62,4307.93,4354.64,2541967
2025-11-14,TITAN,Titan Company,Consumer,4505.75,4571.32,4465.04,4492.26,1282420
2025-11-17,TITAN,Titan Company,Consumer,4561.17,4599.7,4431.98,4512.99,4019967
2025-11-18,TITAN,Titan Company,Consumer,4527.74,4606.17,4463.16,4520.0,3336647
2025-11-19,TITAN,Titan Company,Consumer,4460.68,4485.75,4412.7,4448.03,2275705
2025-11-20,TITAN,Titan Company,Consumer,4482.57,4545.97,4435.43,4484.72,2083710
2025-11-21,TITAN,Titan Company,Consumer,4556.92,4593.94,4503.75,4540.39,2224566
2025-11-24,TITAN,Titan Company,Consumer,4546.97,4589.09,4453.6,4526.49,2511403
2025-11-25,TITAN,Titan Company,Consumer,4555.73,4639.62,4513.81,4572.67,1634867
2025-11-26,TITAN,Titan Company,Consumer,4538.04,4577.89,4469.97,4550.42,1165355
2025-11-27,TITAN,Titan Company,Consumer,4592.01,4619.39,4521.83,4607.2,4676617
2025-11-28,TITAN,Titan Company,Consumer,4689.7,4735.87,4614.39,4684.73,2022471
2025-12-01,TITAN,Titan Company,Consumer,4778.77,4826.51,4699.15,4762.38,2740565
2025-12-02,TITAN,Titan Company,Consumer,4777.79,4847.32,4700.22,4774.38,2924711
2025-12-03,TITAN,Titan Company,Consumer,4672.87,4768.76,4637.43,4686.92,2984409
2025-12-04,TITAN,Titan Company,Consumer,4698.54,4707.65,4623.49,4637.17,1310869
2025-12-05,TITAN,Titan Company,Consumer,4677.64,4740.55,4605.97,4688.7,994593
2025-12-08,TITAN,Titan Company,Consumer,4888.18,4958.87,4841.9,4897.25,1808521
2025-12-09,TITAN,Titan Company,Consumer,4867.36,4955.64,4851.95,4869.17,3107852
2025-12-10,TITAN,Titan Company,Consumer,4915.48,4999.16,4896.54,4911.07,1675176
2025-12-11,TITAN,Titan Company,Consumer,4939.94,5004.71,4845.85,4863.88,2056661
2025-12-12,TITAN,Titan Company,Consumer,4793.21,4840.52,4714.75,4780.56,8055090
2025-12-15,TITAN,Titan Company,Consumer,4674.09,4741.97,4612.93,4724.27,906021
2025-12-16,TITAN,Titan Company,Consumer,4548.72,4583.34,4528.41,4549.08,1650407
2025-12-17,TITAN,Titan Company,Consumer,4670.33,4721.46,4589.94,4661.72,7095231
2025-12-18,TITAN,Titan Company,Consumer,4476.0,4536.12,4450.12,4476.45,2439422
2025-12-19,TITAN,Titan Company,Consumer,4447.52,4509.58,4383.11,4456.98,1695535
2025-12-22,TITAN,Titan Company,Consumer,4347.07,4421.6,4306.6,4364.25,4754605
2025-12-23,TITAN,Titan Company,Consumer,4302.43,4338.12,4238.79,4296.52,2577107
2025-12-24,TITAN,Titan Company,Consumer,4393.5,4463.59,4360.62,4404.7,2064155
2025-12-25,TITAN,Titan Company,Consumer,4378.36,4437.63,4348.14,4422.4,2779006
2025-12-26,TITAN,Titan Company,Consumer,4321.23,4363.68,4255.1,4347.32,1740775
2025-12-29,TITAN,Titan Company,Consumer,4243.35,4319.14,4236.56,4302.93,1428565
2025-12-30,TITAN,Titan Company,Consumer,4262.16,4330.97,4170.77,4245.36,2348583
2025-12-31,TITAN,Titan Company,Consumer,4201.48,4253.46,4150.98,4243.73,1433676
2025-01-02,BAJFINANCE,Bajaj Finance,Financials,9498.13,9607.39,9428.6,9505.63,6169521
2025-01-03,BAJFINANCE,Bajaj Finance,Financials,9580.15,9727.16,9533.69,9570.07,2560731
2025-01-06,BAJFINANCE,Bajaj Finance,Financials,9650.76,9882.72,9606.79,9720.85,1227720
2025-01-07,BAJFINANCE,Bajaj Finance,Financials,9944.39,10036.47,9801.37,9922.09,1428758
2025-01-08,BAJFINANCE,Bajaj Finance,Financials,9831.77,9970.61,9736.57,9853.6,4313269
2025-01-09,BAJFINANCE,Bajaj Finance,Financials,9994.33,10004.83,9897.09,9946.12,3479434
2025-01-10,BAJFINANCE,Bajaj Finance,Financials,10078.14,10131.6,9959.48,10038.28,5360300
2025-01-13,BAJFINANCE,Bajaj Finance,Financials,10115.86,10173.9,10027.34,10101.52,1717349
2025-01-14,BAJFINANCE,Bajaj Finance,Financials,10066.94,10093.01,9840.21,10018.39,2942948
2025-01-15,BAJFINANCE,Bajaj Finance,Financials,9790.13,9893.61,9638.28,9837.0,3161046
2025-01-16,BAJFINANCE,Bajaj Finance,Financials,10010.79,10075.45,9854.4,9929.82,3664485
2025-01-17,BAJFINANCE,Bajaj Finance,Financials,9622.99,9796.92,9463.85,9628.72,4647341
2025-01-20,BAJFINANCE,Bajaj Finance,Financials,9578.53,9704.69,9513.16,9586.15,1685050
2025-01-21,BAJFINANCE,Bajaj Finance,Financials,9249.85,9326.09,9036.32,9149.35,2347843
2025-01-22,BAJFINANCE,Bajaj Finance,Financials,8956.62,9116.02,8777.19,8932.92,1787304
2025-01-23,BAJFINANCE,Bajaj Finance,Financials,8781.98,8827.16,8714.93,8795.46,2428695
2025-01-24,BAJFINANCE,Bajaj Finance,Financials,8949.58,9054.19,8837.19,8972.61,3670870
2025-01-27,BAJFINANCE,Bajaj Finance,Financials,9098.48,9207.66,9032.53,9087.33,1006592
2025-01-28,BAJFINANCE,Bajaj Finance,Financials,8963.95,9017.86,8914.4,9000.36,4601788
2025-01-29,BAJFINANCE,Bajaj Finance,Financials,9128.11,9248.5,9023.96,9122.12,1336080
2025-01-30,BAJFINANCE,Bajaj Finance,Financials,9270.75,9296.53,9107.15,9271.51,2111158
2025-01-31,BAJFINANCE,Bajaj Finance,Financials,9234.47,9279.71,9154.1,9248.41,4955305
2025-02-03,BAJFINANCE,Bajaj Finance,Financials,8971.75,9055.16,8819.77,9021.65,2994256
2025-02-04,BAJFINANCE,Bajaj Finance,Financials,9028.1,9179.69,8842.74,8991.49,3013289
2025-02-05,BAJFINANCE,Bajaj Finance,Financials,9005.55,9119.16,8931.53,8979.25,1305970
2025-02-06,BAJFINANCE,Bajaj Finance,Financials,8819.04,8926.12,8714.86,8783.64,1407821
2025-02-07,BAJFINANCE,Bajaj Finance,Financials,8862.85,8955.41,8739.61,8845.19,4195370
2025-02-10,BAJFINANCE,Bajaj Finance,Financials,8817.82,8946.44,8731.34,8893.28,1808073
2025-02-11,BAJFINANCE,Bajaj Finance,Financials,8937.36,9071.7,8913.85,8968.08,1904251
2025-02-12,BAJFINANCE,Bajaj Finance,Financials,9078.3,9150.67,8855.35,9016.69,4248066
2025-02-13,BAJFINANCE,Bajaj Finance,Financials,9171.79,9203.64,9012.68,9138.75,1403316
2025-02-14,BAJFINANCE,Bajaj Finance,Financials,9092.57,9228.85,9015.82,9112.9,2899012
2025-02-17,BAJFINANCE,Bajaj Finance,Financials,9199.69,9229.15,9044.35,9149.65,2559699
2025-02-18,BAJFINANCE,Bajaj Finance,Financials,9127.53,9166.24,9065.19,9087.8,2496309
2025-02-19,BAJFINANCE,Bajaj Finance,Financials,8923.81,9129.87,8839.75,8995.83,1879773
2025-02-20,BAJFINANCE,Bajaj Finance,Financials,9250.16,9363.22,9061.07,9216.12,1817333
2025-02-21,BAJFINANCE,Bajaj Finance,Financials,8830.19,8984.91,8686.76,8880.77,1381528
2025-02-24,BAJFINANCE,Bajaj Finance,Financials,8957.01,9097.65,8896.68,9024.47,3260095
2025-02-25,BAJFINANCE,Bajaj Finance,Financials,8966.74,9036.11,8837.71,8927.28,1731189
2025-02-26,BAJFINANCE,Bajaj Finance,Financials,8857.62,8970.42,8697.07,8810.33,4259280
2025-02-27,BAJFINANCE,Bajaj Finance,Financials,8870.03,8990.48,8795.29,8855.33,2209542
2025-02-28,BAJFINANCE,Bajaj Finance,Financials,8678.12,8762.07,8603.31,8621.44,1396742
2025-03-03,BAJFINANCE,Bajaj Finance,Financials,8492.08,8646.78,8410.62,8498.25,2193488
2025-03-04,BAJFINANCE,Bajaj Finance,Financials,8382.1,8526.67,8277.76,8371.76,1994352
2025-03-05,BAJFINANCE,Bajaj Finance,Financials,8323.74,8408.57,8314.59,8341.74,4354882
2025-03-06,BAJFINANCE,Bajaj Finance,Financials,8155.98,8347.3,8134.57,8224.34,2040797
2025-03-07,BAJFINANCE,Bajaj Finance,Financials,8423.34,8551.3,8385.23,8464.65,2147651
2025-03-10,BAJFINANCE,Bajaj Finance,Financials,8716.25,8826.64,8655.97,8741.84,5433814
2025-03-11,BAJFINANCE,Bajaj Finance,Financials,8527.77,8544.26,8341.23,8427.17,3306326
2025-03-12,BAJFINANCE,Bajaj Finance,Financials,8490.52,8604.69,8439.62,8513.11,6238745
2025-03-13,BAJFINANCE,Bajaj Finance,Financials,8559.62,8789.14,8510.87,8648.09,4996638
2025-03-14,BAJFINANCE,Bajaj Finance,Financials,8896.78,9023.67,8598.23,8736.08,1534725
2025-03-17,BAJFINANCE,Bajaj Finance,Financials,8600.51,8760.16,8570.7,8636.08,4309249
2025-03-18,BAJFINANCE,Bajaj Finance,Financials,8609.82,8641.84,8520.54,8601.59,5784648
2025-03-19,BAJFINANCE,Bajaj Finance,Financials,8532.68,8593.21,8343.18,8489.18,5808590
2025-03-20,BAJFINANCE,Bajaj Finance,Financials,8388.04,8470.2,8290.52,8428.36,4304855
2025-03-21,BAJFINANCE,Bajaj Finance,Financials,8164.41,8300.71,8056.7,8248.16,4256419
2025-03-24,BAJFINANCE,Bajaj Finance,Financials,8196.3,8323.78,8128.01,8234.42,2116634
2025-03-25,BAJFINANCE,Bajaj Finance,Financials,8032.86,8090.71,8004.24,8014.97,1577325
2025-03-26,BAJFINANCE,Bajaj Finance,Financials,8034.79,8119.41,7893.56,7989.3,2059722
2025-03-27,BAJFINANCE,Bajaj Finance,Financials,7806.17,7879.0,7714.5,7812.94,1000656
2025-03-28,BAJFINANCE,Bajaj Finance,Financials,7804.27,7891.22,7781.81,7845.15,5232180
2025-03-31,BAJFINANCE,Bajaj Finance,Financials,7770.39,7790.77,7683.69,7752.35,2139301
2025-04-01,BAJFINANCE,Bajaj Finance,Financials,7809.6,7935.82,7666.89,7796.0,5086157
2025-04-02,BAJFINANCE,Bajaj Finance,Financials,7818.51,7960.38,7783.43,7950.89,1269935
2025-04-03,BAJFINANCE,Bajaj Finance,Financials,8128.94,8189.96,8057.09,8181.55,4534588
2025-04-04,BAJFINANCE,Bajaj Finance,Financials,7758.98,7930.15,7690.4,7812.53,1904284
2025-04-07,BAJFINANCE,Bajaj Finance,Financials,7766.39,7905.76,7584.54,7698.34,1233539
2025-04-08,BAJFINANCE,Bajaj Finance,Financials,7692.06,7794.83,7544.4,7659.42,6117819
2025-04-09,BAJFINANCE,Bajaj Finance,Financials,7722.49,7735.68,7615.09,7725.95,4596578
2025-04-10,BAJFINANCE,Bajaj Finance,Financials,7544.85,7581.47,7445.44,7499.53,2808853
2025-04-11,BAJFINANCE,Bajaj Finance,Financials,7299.86,7499.09,7283.62,7369.96,2547102
2025-04-14,BAJFINANCE,Bajaj Finance,Financials,7328.19,7499.18,7277.32,7390.2,3183627
2025-04-15,BAJFINANCE,Bajaj Finance,Financials,7428.23,7507.23,7311.47,7404.45,2782462
2025-04-16,BAJFINANCE,Bajaj Finance,Financials,7378.76,7495.23,7283.23,7457.74,1616945
2025-04-17,BAJFINANCE,Bajaj Finance,Financials,7520.47,7529.83,7389.39,7520.28,1993041
2025-04-18,BAJFINANCE,Bajaj Finance,Financials,7453.32,7579.37,7388.39,7569.12,7349891
2025-04-21,BAJFINANCE,Bajaj Finance,Financials,7591.94,7685.18,7502.73,7598.53,10869676
2025-04-22,BAJFINANCE,Bajaj Finance,Financials,7582.98,7619.63,7505.89,7609.2,5904757
2025-04-23,BAJFINANCE,Bajaj Finance,Financials,7639.13,7841.12,7611.93,7703.29,3252142
2025-04-24,BAJFINANCE,Bajaj Finance,Financials,7339.6,7426.32,7274.72,7395.87,2076178
2025-04-25,BAJFINANCE,Bajaj Finance,Financials,7581.19,7703.9,7503.39,7604.42,1611698
2025-04-28,BAJFINANCE,Bajaj Finance,Financials,7311.9,7338.49,7180.32,7305.71,1671189
2025-04-29,BAJFINANCE,Bajaj Finance,Financials,7144.68,7239.69,7093.02,7166.72,1844103
2025-04-30,BAJFINANCE,Bajaj Finance,Financials,7175.47,7192.48,7014.22,7140.33,8161524
2025-05-01,BAJFINANCE,Bajaj Finance,Financials,7223.05,7331.11,7149.23,7229.64,6751373
2025-05-02,BAJFINANCE,Bajaj Finance,Financials,6888.6,6963.98,6807.7,6842.75,3768751
2025-05-05,BAJFINANCE,Bajaj Finance,Financials,6915.92,6932.96,6812.88,6842.02,1473961
2025-05-06,BAJFINANCE,Bajaj Finance,Financials,6940.24,7049.44,6916.59,6942.34,4085611
2025-05-07,BAJFINANCE,Bajaj Finance,Financials,7016.26,7142.21,6955.22,7069.4,2192519
2025-05-08,BAJFINANCE,Bajaj Finance,Financials,6944.91,7099.89,6935.38,6983.49,765011
2025-05-09,BAJFINANCE,Bajaj Finance,Financials,6951.89,7067.17,6888.95,6948.47,2927638
2025-05-12,BAJFINANCE,Bajaj Finance,Financials,6802.88,6988.63,6681.77,6874.19,1573399
2025-05-13,BAJFINANCE,Bajaj Finance,Financials,6851.74,6867.65,6743.73,6828.35,1602975
2025-05-14,BAJFINANCE,Bajaj Finance,Financials,6782.3,6803.03,6610.96,6704.26,2178347
2025-05-15,BAJFINANCE,Bajaj Finance,Financials,6687.18,6806.15,6579.68,6599.63,1900682
2025-05-16,BAJFINANCE,Bajaj Finance,Financials,6701.36,6763.61,6593.7,6653.87,2453337
2025-05-19,BAJFINANCE,Bajaj Finance,Financials,6639.76,6705.99,6600.81,6672.29,2389320
2025-05-20,BAJFINANCE,Bajaj Finance,Financials,6759.75,6854.95,6624.91,6734.0,891005
2025-05-21,BAJFINANCE,Bajaj Finance,Financials,6743.98,6799.78,6716.46,6762.64,5768681
2025-05-22,BAJFINANCE,Bajaj Finance,Financials,6784.07,6942.63,6724.38,6851.08,1455622
2025-05-23,BAJFINANCE,Bajaj Finance,Financials,7008.38,7115.14,6885.56,6962.12,1480635
2025-05-26,BAJFINANCE,Bajaj Finance,Financials,6727.32,6843.33,6661.81,6746.64,2086705
2025-05-27,BAJFINANCE,Bajaj Finance,Financials,6624.17,6683.19,6524.05,6645.59,2355390
2025-05-28,BAJFINANCE,Bajaj Finance,Financials,6654.94,6707.03,6587.9,6620.57,5577438
2025-05-29,BAJFINANCE,Bajaj Finance,Financials,6567.15,6673.65,6518.45,6620.51,2899312
2025-05-30,BAJFINANCE,Bajaj Finance,Financials,6554.62,6615.92,6448.66,6543.31,3413870
2025-06-02,BAJFINANCE,Bajaj Finance,Financials,6668.7,6694.34,6586.96,6653.34,2907476
2025-06-03,BAJFINANCE,Bajaj Finance,Financials,6806.88,6953.04,6753.54,6893.12,2839405
2025-06-04,BAJFINANCE,Bajaj Finance,Financials,6897.35,6985.98,6887.0,6918.98,2964303
2025-06-05,BAJFINANCE,Bajaj Finance,Financials,6893.98,7001.84,6798.79,6932.25,863541
2025-06-06,BAJFINANCE,Bajaj Finance,Financials,6984.24,7146.2,6861.83,7041.02,2178933
2025-06-09,BAJFINANCE,Bajaj Finance,Financials,6834.03,6900.97,6728.77,6807.36,4737617
2025-06-10,BAJFINANCE,Bajaj Finance,Financials,6762.86,6847.12,6657.62,6813.57,21858126
2025-06-11,BAJFINANCE,Bajaj Finance,Financials,6957.32,7042.71,6868.49,6936.37,1289069
2025-06-12,BAJFINANCE,Bajaj Finance,Financials,6881.33,6981.49,6824.97,6858.85,3154988
2025-06-13,BAJFINANCE,Bajaj Finance,Financials,6721.13,6764.34,6701.8,6710.16,1826159
2025-06-16,BAJFINANCE,Bajaj Finance,Financials,6715.47,6795.85,6609.4,6690.4,7709854
2025-06-17,BAJFINANCE,Bajaj Finance,Financials,6652.95,6709.16,6590.53,6685.77,1187333
2025-06-18,BAJFINANCE,Bajaj Finance,Financials,6568.56,6623.91,6474.66,6579.09,3525447
2025-06-19,BAJFINANCE,Bajaj Finance,Financials,6850.15,6962.88,6742.47,6829.96,1152950
2025-06-20,BAJFINANCE,Bajaj Finance,Financials,6746.54,6885.56,6626.48,6773.84,2098198
2025-06-23,BAJFINANCE,Bajaj Finance,Financials,6646.86,6718.52,6571.68,6635.89,2453261
2025-06-24,BAJFINANCE,Bajaj Finance,Financials,6640.43,6726.36,6572.6,6627.36,4502447
2025-06-25,BAJFINANCE,Bajaj Finance,Financials,6736.34,6842.88,6696.77,6738.31,1382438
2025-06-26,BAJFINANCE,Bajaj Finance,Financials,6724.42,6859.74,6663.18,6743.12,3600783
2025-06-27,BAJFINANCE,Bajaj Finance,Financials,6788.87,6868.23,6681.35,6804.75,2525953
2025-06-30,BAJFINANCE,Bajaj Finance,Financials,6715.36,6786.19,6689.19,6700.73,2904691
2025-07-01,BAJFINANCE,Bajaj Finance,Financials,6848.04,6938.36,6727.34,6882.84,4234959
2025-07-02,BAJFINANCE,Bajaj Finance,Financials,6964.48,6979.97,6830.79,6955.19,1234769
2025-07-03,BAJFINANCE,Bajaj Finance,Financials,7117.1,7175.38,7010.0,7089.13,3904454
2025-07-04,BAJFINANCE,Bajaj Finance,Financials,7202.0,7306.0,7091.19,7138.57,1828311
2025-07-07,BAJFINANCE,Bajaj Finance,Financials,7204.91,7353.83,7170.39,7247.41,4567751
2025-07-08,BAJFINANCE,Bajaj Finance,Financials,7135.89,7251.82,7095.21,7136.42,3005059
2025-07-09,BAJFINANCE,Bajaj Finance,Financials,7067.21,7089.42,7054.12,7076.15,2227879
2025-07-10,BAJFINANCE,Bajaj Finance,Financials,7205.27,7322.71,7139.87,7250.48,1807195
2025-07-11,BAJFINANCE,Bajaj Finance,Financials,7478.37,7499.5,7442.22,7456.94,3931822
2025-07-14,BAJFINANCE,Bajaj Finance,Financials,7366.71,7399.22,7209.42,7305.96,5001881
2025-07-15,BAJFINANCE,Bajaj Finance,Financials,7338.65,7461.42,7284.91,7341.73,1864927
2025-07-16,BAJFINANCE,Bajaj Finance,Financials,7274.27,7356.55,7242.34,7287.71,1340626
2025-07-17,BAJFINANCE,Bajaj Finance,Financials,7210.56,7310.76,7125.31,7199.19,3662356
2025-07-18,BAJFINANCE,Bajaj Finance,Financials,7175.53,7254.15,7049.58,7238.98,1127044
2025-07-21,BAJFINANCE,Bajaj Finance,Financials,7502.46,7563.13,7295.82,7390.55,1219278
2025-07-22,BAJFINANCE,Bajaj Finance,Financials,7403.83,7546.48,7334.54,7453.59,1393481
2025-07-23,BAJFINANCE,Bajaj Finance,Financials,7378.68,7437.93,7273.84,7413.7,1989320
2025-07-24,BAJFINANCE,Bajaj Finance,Financials,7464.92,7534.32,7363.86,7485.38,1198784
2025-07-25,BAJFINANCE,Bajaj Finance,Financials,7591.82,7607.74,7319.64,7439.87,860665
2025-07-28,BAJFINANCE,Bajaj Finance,Financials,7440.71,7588.55,7407.38,7498.03,1338830
2025-07-29,BAJFINANCE,Bajaj Finance,Financials,7737.16,7872.6,7569.54,7689.51,3559612
2025-07-30,BAJFINANCE,Bajaj Finance,Financials,7427.71,7539.56,7359.78,7405.08,1242271
2025-07-31,BAJFINANCE,Bajaj Finance,Financials,7522.01,7654.16,7386.59,7514.31,2073301
2025-08-01,BAJFINANCE,Bajaj Finance,Financials,7291.32,7421.53,7249.19,7309.15,7293436
2025-08-04,BAJFINANCE,Bajaj Finance,Financials,7445.11,7589.8,7320.36,7473.67,2433291
2025-08-05,BAJFINANCE,Bajaj Finance,Financials,7351.58,7470.88,7223.78,7390.97,3018266
2025-08-06,BAJFINANCE,Bajaj Finance,Financials,7196.7,7302.87,7171.7,7231.93,1485822
2025-08-07,BAJFINANCE,Bajaj Finance,Financials,7314.23,7383.24,7185.74,7325.33,8216973
2025-08-08,BAJFINANCE,Bajaj Finance,Financials,7357.91,7486.24,7339.83,7376.27,1856287
2025-08-11,BAJFINANCE,Bajaj Finance,Financials,7294.3,7324.17,7212.39,7246.56,2205232
2025-08-12,BAJFINANCE,Bajaj Finance,Financials,7118.09,7132.02,7025.43,7086.02,5158640
2025-08-13,BAJFINANCE,Bajaj Finance,Financials,7027.19,7185.85,6901.46,7064.94,2262197
2025-08-14,BAJFINANCE,Bajaj Finance,Financials,6880.08,6922.0,6816.06,6914.64,2566721
2025-08-15,BAJFINANCE,Bajaj Finance,Financials,6755.96,6904.76,6685.98,6785.3,2141190
2025-08-18,BAJFINANCE,Bajaj Finance,Financials,6823.19,6914.56,6715.03,6802.13,2149280
2025-08-19,BAJFINANCE,Bajaj Finance,Financials,6650.26,6730.62,6534.14,6686.59,3065059
2025-08-20,BAJFINANCE,Bajaj Finance,Financials,6787.9,6875.21,6644.1,6740.6,3388575
2025-08-21,BAJFINANCE,Bajaj Finance,Financials,6879.63,7027.3,6846.53,6924.1,1755061
2025-08-22,BAJFINANCE,Bajaj Finance,Financials,6919.19,6954.97,6865.86,6908.36,1640410
2025-08-25,BAJFINANCE,Bajaj Finance,Financials,6858.0,7025.01,6839.76,6927.3,1788300
2025-08-26,BAJFINANCE,Bajaj Finance,Financials,7247.88,7354.23,7095.85,7181.71,1156734
2025-08-27,BAJFINANCE,Bajaj Finance,Financials,6957.45,7067.9,6929.12,7031.06,1042429
2025-08-28,BAJFINANCE,Bajaj Finance,Financials,7200.25,7212.59,7146.01,7184.64,2943892
2025-08-29,BAJFINANCE,Bajaj Finance,Financials,7342.72,7375.54,7208.07,7326.0,4189236
2025-09-01,BAJFINANCE,Bajaj Finance,Financials,7432.9,7474.41,7384.18,7441.59,4036450
2025-09-02,BAJFINANCE,Bajaj Finance,Financials,7649.59,7665.72,7536.59,7617.59,674485
2025-09-03,BAJFINANCE,Bajaj Finance,Financials,7662.43,7764.67,7599.69,7659.11,2184757
2025-09-04,BAJFINANCE,Bajaj Finance,Financials,7615.51,7672.32,7564.68,7581.81,1363616
2025-09-05,BAJFINANCE,Bajaj Finance,Financials,7766.89,7891.43,7678.78,7734.22,2705661
2025-09-08,BAJFINANCE,Bajaj Finance,Financials,7872.03,7936.76,7809.55,7895.02,1986725
2025-09-09,BAJFINANCE,Bajaj Finance,Financials,8099.07,8169.57,7924.55,8055.26,3461985
2025-09-10,BAJFINANCE,Bajaj Finance,Financials,8102.28,8198.4,8012.38,8064.93,2473802
2025-09-11,BAJFINANCE,Bajaj Finance,Financials,8030.33,8158.15,7904.88,7964.19,881165
2025-09-12,BAJFINANCE,Bajaj Finance,Financials,8019.05,8098.59,7880.41,7994.81,1468723
2025-09-15,BAJFINANCE,Bajaj Finance,Financials,8070.09,8193.38,7957.9,8133.6,2507967
2025-09-16,BAJFINANCE,Bajaj Finance,Financials,8329.1,8460.19,8166.08,8286.82,2627023
2025-09-17,BAJFINANCE,Bajaj Finance,Financials,8262.32,8314.15,8084.44,8226.05,1153924
2025-09-18,BAJFINANCE,Bajaj Finance,Financials,8266.41,8295.48,8146.35,8276.03,1073836
2025-09-19,BAJFINANCE,Bajaj Finance,Financials,8102.4,8171.81,8020.27,8084.38,2578545
2025-09-22,BAJFINANCE,Bajaj Finance,Financials,8122.35,8349.02,8000.8,8230.94,1155200
2025-09-23,BAJFINANCE,Bajaj Finance,Financials,8126.1,8138.48,8039.86,8118.18,998545
2025-09-24,BAJFINANCE,Bajaj Finance,Financials,8219.64,8326.44,8172.62,8236.17,1957099
2025-09-25,BAJFINANCE,Bajaj Finance,Financials,8023.65,8158.7,7974.31,8069.08,1911035
2025-09-26,BAJFINANCE,Bajaj Finance,Financials,8176.76,8360.13,8137.46,8222.12,1542139
2025-09-29,BAJFINANCE,Bajaj Finance,Financials,8261.47,8321.6,8232.85,8273.04,1697633
2025-09-30,BAJFINANCE,Bajaj Finance,Financials,8167.89,8214.77,8126.24,8159.99,2519096
2025-10-01,BAJFINANCE,Bajaj Finance,Financials,8165.63,8334.95,8148.7,8264.8,1682365
2025-10-02,BAJFINANCE,Bajaj Finance,Financials,8185.18,8243.03,8048.55,8180.28,2599123
2025-10-03,BAJFINANCE,Bajaj Finance,Financials,8315.96,8428.37,8154.36,8293.92,2027965
2025-10-06,BAJFINANCE,Bajaj Finance,Financials,8288.43,8387.15,8165.7,8256.32,2741481
2025-10-07,BAJFINANCE,Bajaj Finance,Financials,8087.64,8200.07,7881.48,8003.85,4052377
2025-10-08,BAJFINANCE,Bajaj Finance,Financials,7826.93,7983.03,7794.68,7865.51,3966472
2025-10-09,BAJFINANCE,Bajaj Finance,Financials,7919.29,8051.47,7680.23,7807.72,5077436
2025-10-10,BAJFINANCE,Bajaj Finance,Financials,8003.4,8070.04,7926.23,8003.13,3964070
2025-10-13,BAJFINANCE,Bajaj Finance,Financials,8146.16,8290.67,8118.72,8136.14,2850508
2025-10-14,BAJFINANCE,Bajaj Finance,Financials,8266.12,8416.3,8238.0,8377.21,1969743
2025-10-15,BAJFINANCE,Bajaj Finance,Financials,8725.81,8840.51,8575.96,8629.92,2019847
2025-10-16,BAJFINANCE,Bajaj Finance,Financials,8596.78,8683.42,8535.42,8550.3,1542667
2025-10-17,BAJFINANCE,Bajaj Finance,Financials,8531.68,8658.69,8471.36,8524.71,2506235
2025-10-20,BAJFINANCE,Bajaj Finance,Financials,8475.06,8552.22,8447.92,8465.01,3668760
2025-10-21,BAJFINANCE,Bajaj Finance,Financials,8393.76,8514.01,8324.15,8366.08,1677280
2025-10-22,BAJFINANCE,Bajaj Finance,Financials,8096.05,8232.17,8047.48,8092.12,2449345
2025-10-23,BAJFINANCE,Bajaj Finance,Financials,8154.84,8264.51,7948.3,8093.21,1722439
2025-10-24,BAJFINANCE,Bajaj Finance,Financials,7892.25,8021.43,7852.76,7909.17,2805089
2025-10-27,BAJFINANCE,Bajaj Finance,Financials,8019.16,8036.34,7867.4,7907.46,1848047
2025-10-28,BAJFINANCE,Bajaj Finance,Financials,8213.04,8249.87,8107.69,8211.77,1664558
2025-10-29,BAJFINANCE,Bajaj Finance,Financials,8169.2,8312.68,8012.72,8139.77,1719973
2025-10-30,BAJFINANCE,Bajaj Finance,Financials,8122.04,8276.03,8060.47,8171.57,3297358
2025-10-31,BAJFINANCE,Bajaj Finance,Financials,8221.6,8395.8,8091.0,8308.19,2370447
2025-11-03,BAJFINANCE,Bajaj Finance,Financials,8370.06,8430.64,8296.77,8353.43,1975178
2025-11-04,BAJFINANCE,Bajaj Finance,Financials,8331.23,8415.49,8295.0,8400.75,2886553
2025-11-05,BAJFINANCE,Bajaj Finance,Financials,8365.18,8426.04,8294.17,8349.31,1990342
2025-11-06,BAJFINANCE,Bajaj Finance,Financials,8366.3,8445.63,8223.32,8317.8,4645391
2025-11-07,BAJFINANCE,Bajaj Finance,Financials,8092.62,8214.97,8034.02,8177.4,1463256
2025-11-10,BAJFINANCE,Bajaj Finance,Financials,8279.33,8337.95,8176.34,8305.2,2255691
2025-11-11,BAJFINANCE,Bajaj Finance,Financials,8047.97,8125.79,8007.5,8048.18,1154502
2025-11-12,BAJFINANCE,Bajaj Finance,Financials,8158.44,8281.87,8053.06,8192.08,2065784
2025-11-13,BAJFINANCE,Bajaj Finance,Financials,7975.25,8028.94,7920.17,7988.37,992519
2025-11-14,BAJFINANCE,Bajaj Finance,Financials,8133.36,8222.71,8058.84,8129.98,3768830
2025-11-17,BAJFINANCE,Bajaj Finance,Financials,8146.29,8279.12,7996.75,8081.45,3810909
2025-11-18,BAJFINANCE,Bajaj Finance,Financials,7918.34,7989.96,7805.36,7905.49,3848118
2025-11-19,BAJFINANCE,Bajaj Finance,Financials,7961.31,8115.55,7921.04,7991.09,2540016
2025-11-20,BAJFINANCE,Bajaj Finance,Financials,8133.87,8270.22,8004.24,8127.88,1540892
2025-11-21,BAJFINANCE,Bajaj Finance,Financials,8023.6,8087.77,7917.11,8067.04,1609789
2025-11-24,BAJFINANCE,Bajaj Finance,Financials,8156.12,8196.39,8115.51,8174.9,5800159
2025-11-25,BAJFINANCE,Bajaj Finance,Financials,7883.46,7955.14,7704.1,7841.92,5506411
2025-11-26,BAJFINANCE,Bajaj Finance,Financials,7719.75,7804.65,7564.44,7658.65,2674322
2025-11-27,BAJFINANCE,Bajaj Finance,Financials,7847.28,7911.94,7771.74,7839.88,1882671
2025-11-28,BAJFINANCE,Bajaj Finance,Financials,7836.1,7887.42,7782.72,7811.45,5307036
2025-12-01,BAJFINANCE,Bajaj Finance,Financials,7537.53,7642.59,7461.67,7552.74,1706277
2025-12-02,BAJFINANCE,Bajaj Finance,Financials,7493.04,7500.79,7432.39,7460.75,2835328
2025-12-03,BAJFINANCE,Bajaj Finance,Financials,7366.93,7495.54,7278.8,7339.73,5258612
2025-12-04,BAJFINANCE,Bajaj Finance,Financials,7274.77,7356.94,7216.95,7320.74,1578230
2025-12-05,BAJFINANCE,Bajaj Finance,Financials,7268.35,7395.5,7172.12,7274.81,3944663
2025-12-08,BAJFINANCE,Bajaj Finance,Financials,7332.07,7352.99,7269.97,7301.15,3328757
2025-12-09,BAJFINANCE,Bajaj Finance,Financials,7294.17,7331.76,7184.96,7294.94,2446250
2025-12-10,BAJFINANCE,Bajaj Finance,Financials,7415.06,7513.73,7366.53,7476.41,1447593
2025-12-11,BAJFINANCE,Bajaj Finance,Financials,7523.27,7671.7,7458.96,7536.53,1678413
2025-12-12,BAJFINANCE,Bajaj Finance,Financials,7574.68,7609.83,7467.65,7601.63,2931425
2025-12-15,BAJFINANCE,Bajaj Finance,Financials,7799.3,7891.91,7673.79,7764.1,1142770
2025-12-16,BAJFINANCE,Bajaj Finance,Financials,7665.66,7834.62,7617.86,7712.87,2686394
2025-12-17,BAJFINANCE,Bajaj Finance,Financials,7437.33,7634.49,7381.06,7540.77,3366483
2025-12-18,BAJFINANCE,Bajaj Finance,Financials,7744.39,7799.89,7659.84,7707.61,4298051
2025-12-19,BAJFINANCE,Bajaj Finance,Financials,7784.75,7919.36,7643.66,7729.54,1158579
2025-12-22,BAJFINANCE,Bajaj Finance,Financials,7743.87,7877.53,7692.33,7752.02,5156338
2025-12-23,BAJFINANCE,Bajaj Finance,Financials,7626.69,7730.98,7524.97,7666.75,6351815
2025-12-24,BAJFINANCE,Bajaj Finance,Financials,7588.85,7670.41,7502.35,7584.69,3132633
2025-12-25,BAJFINANCE,Bajaj Finance,Financials,7752.31,7887.57,7676.54,7703.32,1412503
2025-12-26,BAJFINANCE,Bajaj Finance,Financials,7848.05,7986.99,7793.73,7842.94,2087214
2025-12-29,BAJFINANCE,Bajaj Finance,Financials,7928.28,8025.53,7890.5,7956.73,2435403
2025-12-30,BAJFINANCE,Bajaj Finance,Financials,8093.24,8217.92,8011.84,8073.48,2900971
2025-12-31,BAJFINANCE,Bajaj Finance,Financials,8129.78,8209.45,8050.34,8159.4,2530408
2025-01-02,HCLTECH,HCL Technologies,IT,1704.18,1721.24,1699.48,1709.28,1734585
2025-01-03,HCLTECH,HCL Technologies,IT,1712.54,1742.8,1697.35,1707.18,1043535
2025-01-06,HCLTECH,HCL Technologies,IT,1727.81,1738.32,1698.61,1716.0,3308559
2025-01-07,HCLTECH,HCL Technologies,IT,1704.46,1706.38,1680.55,1702.47,5230631
2025-01-08,HCLTECH,HCL Technologies,IT,1695.83,1712.39,1672.94,1692.78,1736826
2025-01-09,HCLTECH,HCL Technologies,IT,1681.89,1687.88,1647.41,1675.91,1607160
2025-01-10,HCLTECH,HCL Technologies,IT,1740.04,1743.1,1709.22,1734.42,1873099
2025-01-13,HCLTECH,HCL Technologies,IT,1768.24,1803.73,1749.73,1780.81,3423541
2025-01-14,HCLTECH,HCL Technologies,IT,1802.78,1827.03,1790.96,1799.32,4913445
2025-01-15,HCLTECH,HCL Technologies,IT,1855.6,1871.98,1827.0,1842.97,1264285
2025-01-16,HCLTECH,HCL Technologies,IT,1875.39,1898.85,1846.28,1870.19,1096623
2025-01-17,HCLTECH,HCL Technologies,IT,1876.43,1896.1,1847.82,1877.04,9054743
2025-01-20,HCLTECH,HCL Technologies,IT,1841.69,1863.25,1795.29,1826.93,2267693
2025-01-21,HCLTECH,HCL Technologies,IT,1801.46,1839.31,1781.12,1819.04,2873071
2025-01-22,HCLTECH,HCL Technologies,IT,1799.43,1831.08,1781.51,1808.79,1708693
2025-01-23,HCLTECH,HCL Technologies,IT,1757.54,1780.41,1755.26,1772.63,3273206
2025-01-24,HCLTECH,HCL Technologies,IT,1721.86,1735.53,1718.03,1725.92,4238986
2025-01-27,HCLTECH,HCL Technologies,IT,1764.07,1779.03,1735.55,1741.91,2948152
2025-01-28,HCLTECH,HCL Technologies,IT,1736.78,1767.83,1733.43,1752.78,6512755
2025-01-29,HCLTECH,HCL Technologies,IT,1725.59,1750.04,1703.24,1716.65,2088782
2025-01-30,HCLTECH,HCL Technologies,IT,1702.28,1714.62,1682.9,1694.29,2163452
2025-01-31,HCLTECH,HCL Technologies,IT,1728.76,1736.9,1708.3,1730.38,2839318
2025-02-03,HCLTECH,HCL Technologies,IT,1689.77,1712.73,1672.69,1703.74,3228506
2025-02-04,HCLTECH,HCL Technologies,IT,1698.92,1717.61,1680.01,1709.66,2833922
2025-02-05,HCLTECH,HCL Technologies,IT,1695.28,1727.41,1679.99,1704.5,1233508
2025-02-06,HCLTECH,HCL Technologies,IT,1723.95,1739.45,1710.87,1720.72,2968848
2025-02-07,HCLTECH,HCL Technologies,IT,1698.23,1720.39,1665.74,1694.89,2034998
2025-02-10,HCLTECH,HCL Technologies,IT,1694.8,1712.03,1690.62,1698.32,1816212
2025-02-11,HCLTECH,HCL Technologies,IT,1705.49,1732.99,1675.25,1704.16,2545064
2025-02-12,HCLTECH,HCL Technologies,IT,1702.81,1742.23,1692.1,1711.9,1473224
2025-02-13,HCLTECH,HCL Technologies,IT,1706.52,1736.26,1689.94,1715.02,1338869
2025-02-14,HCLTECH,HCL Technologies,IT,1720.24,1753.42,1715.34,1726.34,593203
2025-02-17,HCLTECH,HCL Technologies,IT,1822.77,1840.33,1791.18,1795.14,6535646
2025-02-18,HCLTECH,HCL Technologies,IT,1877.18,1910.35,1861.6,1878.62,3393775
2025-02-19,HCLTECH,HCL Technologies,IT,1858.97,1887.11,1832.48,1857.76,2344496
2025-02-20,HCLTECH,HCL Technologies,IT,1779.19,1812.79,1769.26,1780.98,1732071
2025-02-21,HCLTECH,HCL Technologies,IT,1808.97,1829.94,1781.77,1800.78,514002
2025-02-24,HCLTECH,HCL Technologies,IT,1822.02,1847.98,1797.17,1807.54,1674642
2025-02-25,HCLTECH,HCL Technologies,IT,1837.68,1861.63,1823.7,1842.78,3706237
2025-02-26,HCLTECH,HCL Technologies,IT,1856.94,1866.98,1822.56,1852.97,4197489
2025-02-27,HCLTECH,HCL Technologies,IT,1849.29,1868.71,1820.54,1855.67,3559255
2025-02-28,HCLTECH,HCL Technologies,IT,1901.77,1932.58,1875.61,1894.12,2727556
2025-03-03,HCLTECH,HCL Technologies,IT,1921.81,1941.91,1912.11,1938.13,5121367
2025-03-04,HCLTECH,HCL Technologies,IT,1879.25,1911.44,1871.2,1890.54,2086723
2025-03-05,HCLTECH,HCL Technologies,IT,1860.19,1877.17,1828.16,1863.5,4540988
2025-03-06,HCLTECH,HCL Technologies,IT,1863.09,1877.2,1852.43,1860.71,2023382
2025-03-07,HCLTECH,HCL Technologies,IT,1855.26,1894.65,1827.92,1864.75,1539816
2025-03-10,HCLTECH,HCL Technologies,IT,1853.54,1886.73,1840.06,1857.91,1437849
2025-03-11,HCLTECH,HCL Technologies,IT,1870.5,1894.12,1837.28,1873.17,1392105
2025-03-12,HCLTECH,HCL Technologies,IT,1895.65,1918.27,1881.89,1907.51,3592247
2025-03-13,HCLTECH,HCL Technologies,IT,1950.72,1985.29,1937.12,1967.42,1661599
2025-03-14,HCLTECH,HCL Technologies,IT,2003.77,2019.68,1965.17,1988.71,1416409
2025-03-17,HCLTECH,HCL Technologies,IT,1971.42,1985.24,1925.01,1958.99,3701895
2025-03-18,HCLTECH,HCL Technologies,IT,1963.77,1969.17,1920.19,1954.58,2994192
2025-03-19,HCLTECH,HCL Technologies,IT,1970.47,1990.64,1927.28,1952.71,4244891
2025-03-20,HCLTECH,HCL Technologies,IT,1972.32,1984.42,1944.32,1971.58,3314213
2025-03-21,HCLTECH,HCL Technologies,IT,1979.02,2010.44,1958.09,1986.15,1652153
2025-03-24,HCLTECH,HCL Technologies,IT,2060.51,2073.75,2031.71,2060.24,2606861
2025-03-25,HCLTECH,HCL Technologies,IT,2050.52,2067.6,2012.03,2043.95,2678116
2025-03-26,HCLTECH,HCL Technologies,IT,2045.1,2062.82,2026.16,2058.92,1507953
2025-03-27,HCLTECH,HCL Technologies,IT,2145.21,2185.39,2120.46,2147.02,1361717
2025-03-28,HCLTECH,HCL Technologies,IT,2120.89,2145.72,2099.4,2125.26,1719259
2025-03-31,HCLTECH,HCL Technologies,IT,2117.0,2134.67,2094.64,2131.66,7663057
2025-04-01,HCLTECH,HCL Technologies,IT,2097.81,2119.21,2062.44,2096.26,1992283
2025-04-02,HCLTECH,HCL Technologies,IT,2074.55,2133.37,2059.93,2100.19,4925212
2025-04-03,HCLTECH,HCL Technologies,IT,2077.12,2106.48,2062.14,2071.54,1931945
2025-04-04,HCLTECH,HCL Technologies,IT,2086.39,2138.67,2068.12,2111.4,4076146
2025-04-07,HCLTECH,HCL Technologies,IT,2130.3,2137.48,2108.23,2117.84,4106869
2025-04-08,HCLTECH,HCL Technologies,IT,2076.59,2108.41,2056.91,2083.03,4221605
2025-04-09,HCLTECH,HCL Technologies,IT,2123.57,2153.36,2080.78,2115.38,3094405
2025-04-10,HCLTECH,HCL Technologies,IT,2108.9,2145.85,2084.66,2123.07,5332618
2025-04-11,HCLTECH,HCL Technologies,IT,2166.55,2201.6,2126.76,2160.33,3078324
2025-04-14,HCLTECH,HCL Technologies,IT,2112.88,2128.65,2104.8,2116.57,6415597
2025-04-15,HCLTECH,HCL Technologies,IT,2139.82,2150.77,2096.69,2131.47,1025658
2025-04-16,HCLTECH,HCL Technologies,IT,2149.9,2196.11,2125.76,2161.99,3027835
2025-04-17,HCLTECH,HCL Technologies,IT,2154.86,2179.92,2143.07,2146.38,2921562
2025-04-18,HCLTECH,HCL Technologies,IT,2077.61,2100.75,2053.17,2098.6,1493623
2025-04-21,HCLTECH,HCL Technologies,IT,2110.47,2125.26,2061.83,2097.86,3438591
2025-04-22,HCLTECH,HCL Technologies,IT,2162.54,2196.24,2140.05,2145.08,1101579
2025-04-23,HCLTECH,HCL Technologies,IT,2176.98,2192.62,2153.25,2189.41,1744537
2025-04-24,HCLTECH,HCL Technologies,IT,2181.14,2183.45,2137.4,2173.4,832595
2025-04-25,HCLTECH,HCL Technologies,IT,2124.17,2136.45,2121.6,2124.07,5891645
2025-04-28,HCLTECH,HCL Technologies,IT,2112.52,2147.46,2083.72,2108.44,2201058
2025-04-29,HCLTECH,HCL Technologies,IT,2108.11,2142.52,2072.53,2091.5,8232394
2025-04-30,HCLTECH,HCL Technologies,IT,2110.12,2130.84,2094.6,2109.15,3888071
2025-05-01,HCLTECH,HCL Technologies,IT,2090.14,2127.92,2065.75,2106.0,3198700
2025-05-02,HCLTECH,HCL Technologies,IT,2065.86,2092.1,2061.94,2078.29,1810975
2025-05-05,HCLTECH,HCL Technologies,IT,2117.49,2131.34,2088.26,2120.43,1406069
2025-05-06,HCLTECH,HCL Technologies,IT,2112.54,2158.24,2110.27,2126.64,3333174
2025-05-07,HCLTECH,HCL Technologies,IT,2157.88,2163.93,2130.83,2144.16,2403576
2025-05-08,HCLTECH,HCL Technologies,IT,2082.51,2101.84,2058.56,2078.44,1196848
2025-05-09,HCLTECH,HCL Technologies,IT,1983.86,2012.01,1969.16,1988.58,1085476
2025-05-12,HCLTECH,HCL Technologies,IT,1939.43,1944.79,1925.85,1937.91,1475509
2025-05-13,HCLTECH,HCL Technologies,IT,1924.78,1943.7,1892.86,1921.93,6806123
2025-05-14,HCLTECH,HCL Technologies,IT,1956.73,1977.9,1909.82,1942.64,8445160
2025-05-15,HCLTECH,HCL Technologies,IT,1885.05,1910.73,1832.0,1861.51,2798363
2025-05-16,HCLTECH,HCL Technologies,IT,1906.27,1925.19,1887.44,1915.63,2713418
2025-05-19,HCLTECH,HCL Technologies,IT,1919.47,1933.78,1888.7,1922.27,2077810
2025-05-20,HCLTECH,HCL Technologies,IT,1959.51,1991.15,1926.87,1970.11,1495295
2025-05-21,HCLTECH,HCL Technologies,IT,1944.58,1979.03,1924.05,1939.48,5326206
2025-05-22,HCLTECH,HCL Technologies,IT,1966.25,1975.49,1946.45,1957.85,7005935
2025-05-23,HCLTECH,HCL Technologies,IT,1961.55,1996.47,1956.32,1961.63,1529453
2025-05-26,HCLTECH,HCL Technologies,IT,1981.13,2017.46,1963.02,1991.29,2388653
2025-05-27,HCLTECH,HCL Technologies,IT,1986.46,2016.35,1949.81,1983.7,1952019
2025-05-28,HCLTECH,HCL Technologies,IT,1991.81,2006.45,1970.83,2001.4,1984087
2025-05-29,HCLTECH,HCL Technologies,IT,2054.31,2066.85,2016.69,2041.9,4799636
2025-05-30,HCLTECH,HCL Technologies,IT,2020.74,2024.75,2012.89,2018.79,1214960
2025-06-02,HCLTECH,HCL Technologies,IT,2029.25,2044.1,2021.42,2028.4,3231185
2025-06-03,HCLTECH,HCL Technologies,IT,1945.96,1994.94,1928.65,1960.28,3731542
2025-06-04,HCLTECH,HCL Technologies,IT,1983.38,1991.39,1949.32,1985.85,2311987
2025-06-05,HCLTECH,HCL Technologies,IT,2035.19,2078.23,2020.68,2056.52,4085638
2025-06-06,HCLTECH,HCL Technologies,IT,2027.67,2029.91,1979.26,2011.27,2711492
2025-06-09,HCLTECH,HCL Technologies,IT,2007.2,2035.12,2001.09,2008.77,4882767
2025-06-10,HCLTECH,HCL Technologies,IT,2039.21,2050.29,2015.78,2041.41,1082288
2025-06-11,HCLTECH,HCL Technologies,IT,2035.81,2049.92,2012.98,2043.38,2063625
2025-06-12,HCLTECH,HCL Technologies,IT,2060.32,2074.19,2018.25,2050.27,2403181
2025-06-13,HCLTECH,HCL Technologies,IT,2016.28,2065.39,2014.15,2036.66,574978
2025-06-16,HCLTECH,HCL Technologies,IT,2021.62,2027.46,2013.07,2021.78,1375774
2025-06-17,HCLTECH,HCL Technologies,IT,2032.69,2042.67,2009.87,2019.43,1598093
2025-06-18,HCLTECH,HCL Technologies,IT,2021.95,2024.26,1987.08,2021.75,4211437
2025-06-19,HCLTECH,HCL Technologies,IT,1983.3,2017.93,1972.42,1979.57,1694735
2025-06-20,HCLTECH,HCL Technologies,IT,1945.52,1999.9,1942.35,1978.01,1594160
2025-06-23,HCLTECH,HCL Technologies,IT,2021.91,2061.58,2001.52,2034.65,3919279
2025-06-24,HCLTECH,HCL Technologies,IT,2019.51,2044.5,1999.34,2020.11,1026792
2025-06-25,HCLTECH,HCL Technologies,IT,1977.26,1984.09,1945.6,1975.93,800200
2025-06-26,HCLTECH,HCL Technologies,IT,1960.15,1993.24,1926.57,1971.33,2049129
2025-06-27,HCLTECH,HCL Technologies,IT,1935.17,1953.06,1915.51,1946.76,1127555
2025-06-30,HCLTECH,HCL Technologies,IT,1934.44,1949.57,1868.7,1900.65,1151386
2025-07-01,HCLTECH,HCL Technologies,IT,1898.84,1926.51,1873.53,1906.17,3426979
2025-07-02,HCLTECH,HCL Technologies,IT,1882.24,1902.33,1871.9,1882.56,4047406
2025-07-03,HCLTECH,HCL Technologies,IT,1876.91,1882.58,1830.89,1862.14,3858066
2025-07-04,HCLTECH,HCL Technologies,IT,1858.22,1870.99,1835.27,1868.03,4600283
2025-07-07,HCLTECH,HCL Technologies,IT,1793.06,1843.7,1778.64,1817.23,4947659
2025-07-08,HCLTECH,HCL Technologies,IT,1755.12,1784.48,1733.07,1760.99,775355
2025-07-09,HCLTECH,HCL Technologies,IT,1771.26,1787.22,1757.4,1782.95,3202774
2025-07-10,HCLTECH,HCL Technologies,IT,1703.26,1727.15,1698.25,1721.7,1868257
2025-07-11,HCLTECH,HCL Technologies,IT,1700.59,1728.1,1669.75,1692.12,1657329
2025-07-14,HCLTECH,HCL Technologies,IT,1656.44,1679.76,1613.39,1637.98,3402528
2025-07-15,HCLTECH,HCL Technologies,IT,1617.92,1653.43,1596.26,1624.3,965246
2025-07-16,HCLTECH,HCL Technologies,IT,1639.9,1648.62,1629.45,1637.47,954260
2025-07-17,HCLTECH,HCL Technologies,IT,1655.08,1670.46,1613.1,1641.43,3542227
2025-07-18,HCLTECH,HCL Technologies,IT,1713.56,1722.16,1710.31,1712.76,3269290
2025-07-21,HCLTECH,HCL Technologies,IT,1739.36,1767.2,1727.78,1746.95,2695257
2025-07-22,HCLTECH,HCL Technologies,IT,1719.91,1725.0,1709.06,1718.37,1540856
2025-07-23,HCLTECH,HCL Technologies,IT,1690.01,1695.36,1678.98,1682.03,3763679
2025-07-24,HCLTECH,HCL Technologies,IT,1767.02,1770.95,1750.72,1764.66,3634448
2025-07-25,HCLTECH,HCL Technologies,IT,1799.32,1822.34,1778.26,1799.11,2620088
2025-07-28,HCLTECH,HCL Technologies,IT,1840.22,1857.52,1789.81,1818.92,1308346
2025-07-29,HCLTECH,HCL Technologies,IT,1823.66,1844.63,1789.62,1822.1,1978628
2025-07-30,HCLTECH,HCL Technologies,IT,1846.69,1876.14,1804.8,1831.8,3963388
2025-07-31,HCLTECH,HCL Technologies,IT,1776.64,1807.89,1760.7,1783.66,5187468
2025-08-01,HCLTECH,HCL Technologies,IT,1806.34,1822.32,1765.61,1789.42,2089021
2025-08-04,HCLTECH,HCL Technologies,IT,1781.6,1824.21,1754.27,1792.43,2179227
2025-08-05,HCLTECH,HCL Technologies,IT,1768.31,1783.8,1748.26,1763.97,2287276
2025-08-06,HCLTECH,HCL Technologies,IT,1753.29,1758.4,1722.51,1747.58,2908047
2025-08-07,HCLTECH,HCL Technologies,IT,1792.77,1828.04,1776.27,1795.94,1816122
2025-08-08,HCLTECH,HCL Technologies,IT,1801.98,1804.48,1779.04,1792.61,508896
2025-08-11,HCLTECH,HCL Technologies,IT,1857.05,1879.41,1838.59,1860.16,4817782
2025-08-12,HCLTECH,HCL Technologies,IT,1810.57,1821.9,1780.11,1802.62,6708461
2025-08-13,HCLTECH,HCL Technologies,IT,1792.39,1809.52,1762.54,1786.4,1785093
2025-08-14,HCLTECH,HCL Technologies,IT,1733.15,1755.6,1720.9,1737.36,1390455
2025-08-15,HCLTECH,HCL Technologies,IT,1711.93,1720.63,1682.02,1700.24,2318418
2025-08-18,HCLTECH,HCL Technologies,IT,1688.38,1706.05,1647.98,1675.57,2255030
2025-08-19,HCLTECH,HCL Technologies,IT,1683.24,1709.1,1653.62,1685.75,4322465
2025-08-20,HCLTECH,HCL Technologies,IT,1694.79,1704.17,1686.28,1694.52,2576269
2025-08-21,HCLTECH,HCL Technologies,IT,1672.79,1687.07,1665.63,1674.48,1616637
2025-08-22,HCLTECH,HCL Technologies,IT,1604.85,1616.94,1584.78,1608.0,1210659
2025-08-25,HCLTECH,HCL Technologies,IT,1650.85,1676.1,1637.56,1651.41,4024455
2025-08-26,HCLTECH,HCL Technologies,IT,1637.61,1665.48,1635.29,1643.58,3476485
2025-08-27,HCLTECH,HCL Technologies,IT,1610.27,1636.69,1599.17,1611.21,4479890
2025-08-28,HCLTECH,HCL Technologies,IT,1639.58,1645.96,1596.0,1619.83,1467834
2025-08-29,HCLTECH,HCL Technologies,IT,1643.68,1647.38,1602.77,1626.44,6871833
2025-09-01,HCLTECH,HCL Technologies,IT,1599.15,1622.54,1584.1,1617.64,958159
2025-09-02,HCLTECH,HCL Technologies,IT,1622.62,1628.68,1607.96,1622.62,3693488
2025-09-03,HCLTECH,HCL Technologies,IT,1580.52,1605.52,1563.37,1589.53,874607
2025-09-04,HCLTECH,HCL Technologies,IT,1615.26,1643.53,1604.28,1611.91,1618675
2025-09-05,HCLTECH,HCL Technologies,IT,1584.18,1595.39,1567.88,1583.63,5899415
2025-09-08,HCLTECH,HCL Technologies,IT,1571.27,1598.45,1565.14,1567.0,3949310
2025-09-09,HCLTECH,HCL Technologies,IT,1562.81,1588.54,1548.61,1585.93,1851265
2025-09-10,HCLTECH,HCL Technologies,IT,1618.47,1648.09,1607.61,1620.93,1879358
2025-09-11,HCLTECH,HCL Technologies,IT,1673.22,1680.04,1647.04,1667.85,2642255
2025-09-12,HCLTECH,HCL Technologies,IT,1717.23,1745.58,1680.06,1700.21,3317024
2025-09-15,HCLTECH,HCL Technologies,IT,1671.18,1694.28,1658.69,1690.97,4976164
2025-09-16,HCLTECH,HCL Technologies,IT,1646.36,1674.54,1642.9,1644.74,1945194
2025-09-17,HCLTECH,HCL Technologies,IT,1679.5,1694.44,1670.62,1687.0,1030257
2025-09-18,HCLTECH,HCL Technologies,IT,1720.46,1739.93,1700.22,1729.3,2725422
2025-09-19,HCLTECH,HCL Technologies,IT,1713.83,1729.85,1705.26,1709.07,1943914
2025-09-22,HCLTECH,HCL Technologies,IT,1731.11,1751.08,1726.21,1738.09,1222554
2025-09-23,HCLTECH,HCL Technologies,IT,1734.68,1756.1,1707.66,1728.4,2944704
2025-09-24,HCLTECH,HCL Technologies,IT,1786.41,1817.8,1751.2,1775.79,2223490
2025-09-25,HCLTECH,HCL Technologies,IT,1747.84,1779.95,1736.53,1760.05,2959062
2025-09-26,HCLTECH,HCL Technologies,IT,1825.17,1849.38,1806.43,1823.44,1528591
2025-09-29,HCLTECH,HCL Technologies,IT,1844.23,1854.59,1812.74,1849.97,3267357
2025-09-30,HCLTECH,HCL Technologies,IT,1905.87,1932.87,1873.33,1910.57,1211533
2025-10-01,HCLTECH,HCL Technologies,IT,1888.15,1911.9,1876.39,1895.38,1585719
2025-10-02,HCLTECH,HCL Technologies,IT,1927.96,1958.92,1881.75,1909.96,2187343
2025-10-03,HCLTECH,HCL Technologies,IT,1884.01,1898.33,1856.56,1877.4,6516196
2025-10-06,HCLTECH,HCL Technologies,IT,1910.39,1934.37,1873.14,1906.67,3849505
2025-10-07,HCLTECH,HCL Technologies,IT,1948.01,1957.51,1920.61,1938.29,4521060
2025-10-08,HCLTECH,HCL Technologies,IT,2017.5,2033.63,1988.91,2022.69,5450367
2025-10-09,HCLTECH,HCL Technologies,IT,2026.62,2056.14,1998.13,2041.05,18135084
2025-10-10,HCLTECH,HCL Technologies,IT,2051.91,2081.23,2032.51,2068.47,2557844
2025-10-13,HCLTECH,HCL Technologies,IT,2055.95,2066.88,2021.96,2051.77,5460340
2025-10-14,HCLTECH,HCL Technologies,IT,2068.96,2076.41,2057.71,2072.58,4363350
2025-10-15,HCLTECH,HCL Technologies,IT,2053.75,2090.59,2047.43,2059.24,4323687
2025-10-16,HCLTECH,HCL Technologies,IT,2056.69,2068.68,2039.77,2064.36,6633433
2025-10-17,HCLTECH,HCL Technologies,IT,2082.64,2116.14,2036.36,2071.67,1985098
2025-10-20,HCLTECH,HCL Technologies,IT,2037.11,2065.81,2017.73,2059.36,1900304
2025-10-21,HCLTECH,HCL Technologies,IT,2051.11,2066.87,2026.91,2062.52,2980710
2025-10-22,HCLTECH,HCL Technologies,IT,2037.76,2071.07,2014.1,2049.41,2260996
2025-10-23,HCLTECH,HCL Technologies,IT,2021.62,2055.65,2015.04,2036.22,2978638
2025-10-24,HCLTECH,HCL Technologies,IT,2069.86,2095.91,2054.06,2076.5,5905018
2025-10-27,HCLTECH,HCL Technologies,IT,2096.81,2119.38,2056.76,2083.88,1921891
2025-10-28,HCLTECH,HCL Technologies,IT,2099.49,2111.83,2060.98,2097.74,2114286
2025-10-29,HCLTECH,HCL Technologies,IT,2063.99,2089.32,2035.67,2043.55,2751542
2025-10-30,HCLTECH,HCL Technologies,IT,2054.82,2079.6,2038.43,2059.94,2204973
2025-10-31,HCLTECH,HCL Technologies,IT,2082.55,2096.48,2074.99,2080.43,872482
2025-11-03,HCLTECH,HCL Technologies,IT,2066.85,2097.96,2055.77,2066.35,1817061
2025-11-04,HCLTECH,HCL Technologies,IT,2129.34,2173.4,2113.58,2144.73,3648609
2025-11-05,HCLTECH,HCL Technologies,IT,2062.86,2078.73,2036.24,2057.21,5512076
2025-11-06,HCLTECH,HCL Technologies,IT,2090.24,2122.45,2076.81,2087.08,1324785
2025-11-07,HCLTECH,HCL Technologies,IT,2114.41,2149.89,2104.12,2114.69,1321391
2025-11-10,HCLTECH,HCL Technologies,IT,2160.0,2181.87,2105.77,2136.15,2541919
2025-11-11,HCLTECH,HCL Technologies,IT,2147.21,2157.2,2106.55,2143.78,798287
2025-11-12,HCLTECH,HCL Technologies,IT,2198.68,2235.11,2151.81,2165.89,1957282
2025-11-13,HCLTECH,HCL Technologies,IT,2208.36,2217.68,2172.66,2200.6,962200
2025-11-14,HCLTECH,HCL Technologies,IT,2161.64,2176.69,2149.99,2172.73,5308314
2025-11-17,HCLTECH,HCL Technologies,IT,2179.45,2199.65,2142.89,2185.3,1637480
2025-11-18,HCLTECH,HCL Technologies,IT,2186.77,2215.98,2151.86,2178.96,6204963
2025-11-19,HCLTECH,HCL Technologies,IT,2136.41,2172.61,2105.12,2136.93,4612303
2025-11-20,HCLTECH,HCL Technologies,IT,2179.43,2205.22,2161.39,2165.37,1752102
2025-11-21,HCLTECH,HCL Technologies,IT,2144.27,2181.11,2120.28,2144.24,1386403
2025-11-24,HCLTECH,HCL Technologies,IT,2051.22,2092.65,2030.78,2087.29,2247549
2025-11-25,HCLTECH,HCL Technologies,IT,2045.22,2072.07,2032.99,2067.87,2360173
2025-11-26,HCLTECH,HCL Technologies,IT,2038.32,2061.94,2027.18,2038.96,3024275
2025-11-27,HCLTECH,HCL Technologies,IT,2075.53,2113.72,2052.99,2077.52,1630997
2025-11-28,HCLTECH,HCL Technologies,IT,2096.4,2116.42,2056.97,2084.08,3768993
2025-12-01,HCLTECH,HCL Technologies,IT,2147.1,2151.13,2133.43,2136.77,2892789
2025-12-02,HCLTECH,HCL Technologies,IT,2107.41,2122.05,2084.98,2111.99,2073158
2025-12-03,HCLTECH,HCL Technologies,IT,2152.85,2163.96,2137.7,2146.07,1689898
2025-12-04,HCLTECH,HCL Technologies,IT,2244.44,2271.84,2236.84,2256.62,2258281
2025-12-05,HCLTECH,HCL Technologies,IT,2250.79,2275.94,2224.69,2271.98,1595193
2025-12-08,HCLTECH,HCL Technologies,IT,2303.53,2345.94,2289.06,2308.13,2581658
2025-12-09,HCLTECH,HCL Technologies,IT,2336.44,2360.69,2316.59,2337.87,2620282
2025-12-10,HCLTECH,HCL Technologies,IT,2302.17,2330.74,2262.73,2278.96,2887034
2025-12-11,HCLTECH,HCL Technologies,IT,2293.61,2308.84,2266.04,2303.9,6604320
2025-12-12,HCLTECH,HCL Technologies,IT,2333.54,2338.02,2296.69,2317.53,2324363
2025-12-15,HCLTECH,HCL Technologies,IT,2313.42,2338.8,2267.52,2307.62,4344104
2025-12-16,HCLTECH,HCL Technologies,IT,2258.82,2308.37,2243.03,2271.83,2836479
2025-12-17,HCLTECH,HCL Technologies,IT,2286.98,2324.09,2255.91,2301.11,2192969
2025-12-18,HCLTECH,HCL Technologies,IT,2268.1,2304.22,2249.6,2261.76,2341409
2025-12-19,HCLTECH,HCL Technologies,IT,2355.3,2390.13,2326.86,2349.53,2420408
2025-12-22,HCLTECH,HCL Technologies,IT,2365.22,2370.63,2330.81,2355.29,2915854
2025-12-23,HCLTECH,HCL Technologies,IT,2321.05,2331.34,2289.18,2304.37,1475009
2025-12-24,HCLTECH,HCL Technologies,IT,2292.71,2320.63,2263.37,2283.97,1116672
2025-12-25,HCLTECH,HCL Technologies,IT,2295.67,2315.28,2260.39,2273.45,3582834
2025-12-26,HCLTECH,HCL Technologies,IT,2363.4,2387.18,2360.79,2373.08,4097015
2025-12-29,HCLTECH,HCL Technologies,IT,2330.73,2355.21,2319.85,2336.25,3767420
2025-12-30,HCLTECH,HCL Technologies,IT,2324.48,2352.28,2294.49,2332.29,2722431
2025-12-31,HCLTECH,HCL Technologies,IT,2323.96,2362.25,2278.05,2310.65,3812420
2025-01-02,ADANIENT,Adani Enterprises,Industrials,2554.18,2563.42,2524.05,2533.1,1919979
2025-01-03,ADANIENT,Adani Enterprises,Industrials,2601.27,2639.73,2550.66,2570.03,1557689
2025-01-06,ADANIENT,Adani Enterprises,Industrials,2523.24,2536.8,2518.86,2531.3,4296767
2025-01-07,ADANIENT,Adani Enterprises,Industrials,2477.56,2488.8,2455.31,2482.33,5182710
2025-01-08,ADANIENT,Adani Enterprises,Industrials,2459.31,2482.77,2425.36,2465.96,2728523
2025-01-09,ADANIENT,Adani Enterprises,Industrials,2462.29,2473.59,2426.76,2466.17,1573554
2025-01-10,ADANIENT,Adani Enterprises,Industrials,2457.38,2479.71,2433.13,2456.42,1959630
2025-01-13,ADANIENT,Adani Enterprises,Industrials,2383.9,2402.48,2368.18,2374.42,1767412
2025-01-14,ADANIENT,Adani Enterprises,Industrials,2441.4,2481.46,2423.13,2448.96,1460520
2025-01-15,ADANIENT,Adani Enterprises,Industrials,2415.68,2479.79,2374.99,2437.86,2363561
2025-01-16,ADANIENT,Adani Enterprises,Industrials,2453.79,2487.68,2434.42,2446.41,3429605
2025-01-17,ADANIENT,Adani Enterprises,Industrials,2517.61,2527.81,2486.09,2502.19,3273737
2025-01-20,ADANIENT,Adani Enterprises,Industrials,2414.02,2454.83,2364.74,2397.58,2488706
2025-01-21,ADANIENT,Adani Enterprises,Industrials,2388.88,2407.19,2344.44,2376.45,2579692
2025-01-22,ADANIENT,Adani Enterprises,Industrials,2357.98,2382.24,2319.06,2360.85,2390345
2025-01-23,ADANIENT,Adani Enterprises,Industrials,2378.03,2397.45,2329.66,2347.5,1224857
2025-01-24,ADANIENT,Adani Enterprises,Industrials,2334.95,2354.61,2312.19,2341.11,2730172
2025-01-27,ADANIENT,Adani Enterprises,Industrials,2393.78,2441.99,2372.36,2403.03,1813568
2025-01-28,ADANIENT,Adani Enterprises,Industrials,2459.65,2476.0,2392.31,2433.12,1191546
2025-01-29,ADANIENT,Adani Enterprises,Industrials,2490.68,2517.67,2441.19,2476.05,3065402
2025-01-30,ADANIENT,Adani Enterprises,Industrials,2477.95,2491.73,2440.45,2479.14,1785751
2025-01-31,ADANIENT,Adani Enterprises,Industrials,2419.77,2454.99,2409.8,2417.68,2833620
2025-02-03,ADANIENT,Adani Enterprises,Industrials,2320.91,2361.12,2287.35,2328.15,3984817
2025-02-04,ADANIENT,Adani Enterprises,Industrials,2266.9,2280.59,2246.05,2264.99,1482395
2025-02-05,ADANIENT,Adani Enterprises,Industrials,2263.38,2309.26,2260.22,2280.56,2629930
2025-02-06,ADANIENT,Adani Enterprises,Industrials,2287.18,2316.84,2278.16,2282.77,923631
2025-02-07,ADANIENT,Adani Enterprises,Industrials,2288.55,2312.72,2246.56,2275.05,5807695
2025-02-10,ADANIENT,Adani Enterprises,Industrials,2275.39,2300.89,2244.31,2260.87,1183888
2025-02-11,ADANIENT,Adani Enterprises,Industrials,2333.34,2368.87,2296.58,2343.64,1883515
2025-02-12,ADANIENT,Adani Enterprises,Industrials,2309.45,2315.39,2278.32,2309.86,5219489
2025-02-13,ADANIENT,Adani Enterprises,Industrials,2340.47,2378.48,2337.26,2349.36,2197462
2025-02-14,ADANIENT,Adani Enterprises,Industrials,2341.77,2371.51,2312.08,2350.39,1293979
2025-02-17,ADANIENT,Adani Enterprises,Industrials,2377.56,2397.66,2338.72,2348.75,3700548
2025-02-18,ADANIENT,Adani Enterprises,Industrials,2415.96,2453.7,2379.8,2399.43,3654954
2025-02-19,ADANIENT,Adani Enterprises,Industrials,2478.74,2482.19,2434.93,2463.56,1764801
2025-02-20,ADANIENT,Adani Enterprises,Industrials,2466.0,2479.0,2415.06,2453.92,1873074
2025-02-21,ADANIENT,Adani Enterprises,Industrials,2496.5,2504.15,2468.41,2490.2,1967602
2025-02-24,ADANIENT,Adani Enterprises,Industrials,2492.57,2511.53,2455.82,2507.51,2230950
2025-02-25,ADANIENT,Adani Enterprises,Industrials,2490.94,2523.12,2455.29,2508.85,882635
2025-02-26,ADANIENT,Adani Enterprises,Industrials,2523.51,2568.44,2498.81,2519.08,2262584
2025-02-27,ADANIENT,Adani Enterprises,Industrials,2492.65,2506.59,2465.2,2488.89,6668824
2025-02-28,ADANIENT,Adani Enterprises,Industrials,2486.7,2517.24,2444.21,2476.17,1527308
2025-03-03,ADANIENT,Adani Enterprises,Industrials,2449.97,2458.66,2446.22,2451.28,1813700
2025-03-04,ADANIENT,Adani Enterprises,Industrials,2489.01,2520.02,2448.83,2492.03,1303823
2025-03-05,ADANIENT,Adani Enterprises,Industrials,2476.78,2532.9,2441.89,2488.76,3500758
2025-03-06,ADANIENT,Adani Enterprises,Industrials,2420.03,2446.12,2407.35,2431.62,4845494
2025-03-07,ADANIENT,Adani Enterprises,Industrials,2434.56,2472.09,2358.48,2400.93,4784901
2025-03-10,ADANIENT,Adani Enterprises,Industrials,2265.7,2306.39,2254.46,2263.63,1258455
2025-03-11,ADANIENT,Adani Enterprises,Industrials,2225.9,2269.09,2189.08,2244.39,3290949
2025-03-12,ADANIENT,Adani Enterprises,Industrials,2252.73,2266.83,2232.16,2246.8,5500578
2025-03-13,ADANIENT,Adani Enterprises,Industrials,2226.97,2270.11,2195.86,2242.2,3308865
2025-03-14,ADANIENT,Adani Enterprises,Industrials,2327.29,2363.04,2302.67,2323.01,3252474
2025-03-17,ADANIENT,Adani Enterprises,Industrials,2345.52,2357.17,2313.81,2347.98,1928779
2025-03-18,ADANIENT,Adani Enterprises,Industrials,2387.62,2408.38,2362.69,2371.34,2821732
2025-03-19,ADANIENT,Adani Enterprises,Industrials,2317.43,2332.32,2289.3,2302.15,4934570
2025-03-20,ADANIENT,Adani Enterprises,Industrials,2278.04,2301.27,2271.89,2287.96,2994585
2025-03-21,ADANIENT,Adani Enterprises,Industrials,2256.89,2304.3,2221.44,2268.83,1258272
2025-03-24,ADANIENT,Adani Enterprises,Industrials,2237.28,2255.91,2223.77,2237.63,1945400
2025-03-25,ADANIENT,Adani Enterprises,Industrials,2222.68,2237.72,2178.06,2206.31,4861730
2025-03-26,ADANIENT,Adani Enterprises,Industrials,2134.83,2159.43,2102.92,2135.39,2988882
2025-03-27,ADANIENT,Adani Enterprises,Industrials,2071.57,2097.07,2037.76,2087.2,2669189
2025-03-28,ADANIENT,Adani Enterprises,Industrials,2098.93,2131.28,2093.03,2120.88,1843345
2025-03-31,ADANIENT,Adani Enterprises,Industrials,2120.3,2141.17,2082.02,2116.27,4806745
2025-04-01,ADANIENT,Adani Enterprises,Industrials,2118.93,2135.79,2088.69,2097.82,6237738
2025-04-02,ADANIENT,Adani Enterprises,Industrials,2087.93,2111.08,2059.69,2098.46,5008040
2025-04-03,ADANIENT,Adani Enterprises,Industrials,2146.95,2151.06,2114.69,2143.39,5527392
2025-04-04,ADANIENT,Adani Enterprises,Industrials,2132.35,2165.54,2129.91,2144.41,2052384
2025-04-07,ADANIENT,Adani Enterprises,Industrials,2162.48,2198.37,2152.21,2166.13,1898753
2025-04-08,ADANIENT,Adani Enterprises,Industrials,2145.36,2178.55,2114.01,2133.99,2294008
2025-04-09,ADANIENT,Adani Enterprises,Industrials,2110.34,2121.64,2093.16,2111.08,2553604
2025-04-10,ADANIENT,Adani Enterprises,Industrials,2108.82,2149.16,2073.78,2125.37,5492324
2025-04-11,ADANIENT,Adani Enterprises,Industrials,2200.6,2234.82,2182.98,2198.63,4747074
2025-04-14,ADANIENT,Adani Enterprises,Industrials,2270.19,2288.23,2217.9,2256.09,3361707
2025-04-15,ADANIENT,Adani Enterprises,Industrials,2302.61,2341.4,2260.57,2280.66,1137847
2025-04-16,ADANIENT,Adani Enterprises,Industrials,2298.44,2336.02,2248.0,2287.79,987951
2025-04-17,ADANIENT,Adani Enterprises,Industrials,2352.19,2362.87,2314.64,2346.4,2853496
2025-04-18,ADANIENT,Adani Enterprises,Industrials,2369.25,2393.77,2333.48,2380.91,4056966
2025-04-21,ADANIENT,Adani Enterprises,Industrials,2299.02,2308.37,2277.21,2283.56,2392954
2025-04-22,ADANIENT,Adani Enterprises,Industrials,2220.45,2250.86,2196.11,2241.15,7167007
2025-04-23,ADANIENT,Adani Enterprises,Industrials,2273.93,2311.3,2247.96,2255.69,1378434
2025-04-24,ADANIENT,Adani Enterprises,Industrials,2153.91,2220.79,2140.85,2184.04,1286206
2025-04-25,ADANIENT,Adani Enterprises,Industrials,2127.6,2153.67,2102.92,2149.62,1734876
2025-04-28,ADANIENT,Adani Enterprises,Industrials,2121.61,2146.96,2093.29,2123.41,1698978
2025-04-29,ADANIENT,Adani Enterprises,Industrials,2135.58,2158.2,2110.94,2114.46,3339255
2025-04-30,ADANIENT,Adani Enterprises,Industrials,2105.07,2121.15,2083.27,2104.37,1982481
2025-05-01,ADANIENT,Adani Enterprises,Industrials,2099.13,2123.77,2072.04,2094.26,1067136
2025-05-02,ADANIENT,Adani Enterprises,Industrials,2142.59,2179.24,2121.23,2126.21,4082293
2025-05-05,ADANIENT,Adani Enterprises,Industrials,2113.22,2125.15,2093.12,2116.91,949630
2025-05-06,ADANIENT,Adani Enterprises,Industrials,2113.54,2119.98,2075.48,2103.1,1386968
2025-05-07,ADANIENT,Adani Enterprises,Industrials,2061.71,2064.94,2048.96,2052.87,1024087
2025-05-08,ADANIENT,Adani Enterprises,Industrials,2094.1,2109.15,2062.42,2091.54,2801646
2025-05-09,ADANIENT,Adani Enterprises,Industrials,2074.25,2088.23,2044.77,2067.1,2769362
2025-05-12,ADANIENT,Adani Enterprises,Industrials,2002.51,2044.35,1972.14,2027.48,7173119
2025-05-13,ADANIENT,Adani Enterprises,Industrials,2042.63,2062.15,2026.48,2036.06,4132553
2025-05-14,ADANIENT,Adani Enterprises,Industrials,2003.47,2036.66,1973.09,2008.77,5524518
2025-05-15,ADANIENT,Adani Enterprises,Industrials,1988.82,2005.82,1983.64,1990.56,2930069
2025-05-16,ADANIENT,Adani Enterprises,Industrials,1996.39,2013.86,1980.69,2000.61,1460791
2025-05-19,ADANIENT,Adani Enterprises,Industrials,1984.55,2019.62,1975.83,1989.66,2682501
2025-05-20,ADANIENT,Adani Enterprises,Industrials,2062.34,2105.27,2029.56,2073.24,3462955
2025-05-21,ADANIENT,Adani Enterprises,Industrials,2067.97,2081.55,2041.12,2071.28,3681737
2025-05-22,ADANIENT,Adani Enterprises,Industrials,2092.32,2108.44,2089.32,2095.14,1927963
2025-05-23,ADANIENT,Adani Enterprises,Industrials,2022.04,2053.15,2019.69,2022.75,3271090
2025-05-26,ADANIENT,Adani Enterprises,Industrials,1993.88,1998.57,1980.37,1992.23,1496494
2025-05-27,ADANIENT,Adani Enterprises,Industrials,1964.8,1977.64,1947.33,1954.05,1408447
2025-05-28,ADANIENT,Adani Enterprises,Industrials,1921.96,1938.53,1898.75,1921.26,1353385
2025-05-29,ADANIENT,Adani Enterprises,Industrials,1933.6,1944.49,1909.85,1936.4,2534091
2025-05-30,ADANIENT,Adani Enterprises,Industrials,1968.52,1981.28,1935.03,1973.27,1307975
2025-06-02,ADANIENT,Adani Enterprises,Industrials,1984.15,2002.63,1950.05,1986.3,1979177
2025-06-03,ADANIENT,Adani Enterprises,Industrials,1981.76,2009.16,1954.84,1978.99,4107829
2025-06-04,ADANIENT,Adani Enterprises,Industrials,1957.98,1987.91,1955.16,1957.31,1419449
2025-06-05,ADANIENT,Adani Enterprises,Industrials,2003.98,2039.35,1983.14,1997.33,1894432
2025-06-06,ADANIENT,Adani Enterprises,Industrials,2068.7,2077.27,2048.59,2072.59,2600458
2025-06-09,ADANIENT,Adani Enterprises,Industrials,2081.22,2090.97,2058.74,2078.46,2863597
2025-06-10,ADANIENT,Adani Enterprises,Industrials,2112.14,2143.74,2088.37,2114.43,1899671
2025-06-11,ADANIENT,Adani Enterprises,Industrials,2115.64,2150.04,2078.98,2128.35,3853815
2025-06-12,ADANIENT,Adani Enterprises,Industrials,2167.37,2181.61,2123.51,2158.14,3459207
2025-06-13,ADANIENT,Adani Enterprises,Industrials,2106.23,2123.27,2100.22,2113.77,4679596
2025-06-16,ADANIENT,Adani Enterprises,Industrials,2095.62,2108.13,2084.05,2096.04,2390277
2025-06-17,ADANIENT,Adani Enterprises,Industrials,2086.5,2129.32,2054.86,2111.8,1885589
2025-06-18,ADANIENT,Adani Enterprises,Industrials,2161.54,2170.21,2126.32,2158.73,1717454
2025-06-19,ADANIENT,Adani Enterprises,Industrials,2118.97,2164.81,2106.93,2127.81,2959901
2025-06-20,ADANIENT,Adani Enterprises,Industrials,2050.59,2056.58,2023.07,2050.78,2031663
2025-06-23,ADANIENT,Adani Enterprises,Industrials,2050.29,2086.69,2007.95,2033.21,1828045
2025-06-24,ADANIENT,Adani Enterprises,Industrials,2077.48,2109.29,2052.25,2070.99,1953715
2025-06-25,ADANIENT,Adani Enterprises,Industrials,2002.2,2029.27,1993.34,2012.77,1716454
2025-06-26,ADANIENT,Adani Enterprises,Industrials,1976.07,2002.9,1939.19,1970.94,2789193
2025-06-27,ADANIENT,Adani Enterprises,Industrials,2003.96,2028.84,1952.5,1977.26,1149549
2025-06-30,ADANIENT,Adani Enterprises,Industrials,1974.29,1983.43,1966.28,1973.92,2953378
2025-07-01,ADANIENT,Adani Enterprises,Industrials,2009.0,2022.59,1969.92,1995.83,3626951
2025-07-02,ADANIENT,Adani Enterprises,Industrials,1950.95,1971.47,1924.41,1952.49,1816310
2025-07-03,ADANIENT,Adani Enterprises,Industrials,1923.94,1964.85,1893.01,1941.85,7195177
2025-07-04,ADANIENT,Adani Enterprises,Industrials,1975.28,2004.7,1965.82,1984.4,2524347
2025-07-07,ADANIENT,Adani Enterprises,Industrials,1924.84,1960.15,1890.56,1942.59,1059240
2025-07-08,ADANIENT,Adani Enterprises,Industrials,2001.75,2018.83,1987.81,1995.01,2141715
2025-07-09,ADANIENT,Adani Enterprises,Industrials,1959.16,1977.71,1935.53,1957.47,2587653
2025-07-10,ADANIENT,Adani Enterprises,Industrials,2000.72,2017.5,1963.98,1988.18,3200230
2025-07-11,ADANIENT,Adani Enterprises,Industrials,1983.77,2004.01,1959.59,1975.63,2169949
2025-07-14,ADANIENT,Adani Enterprises,Industrials,1946.53,1977.86,1918.14,1935.71,1433224
2025-07-15,ADANIENT,Adani Enterprises,Industrials,1934.33,1957.08,1888.18,1919.17,1368960
2025-07-16,ADANIENT,Adani Enterprises,Industrials,1923.0,1964.52,1899.98,1938.76,1745098
2025-07-17,ADANIENT,Adani Enterprises,Industrials,1963.95,1985.86,1920.97,1939.3,1839537
2025-07-18,ADANIENT,Adani Enterprises,Industrials,1962.98,2002.73,1956.73,1979.12,1339176
2025-07-21,ADANIENT,Adani Enterprises,Industrials,2015.98,2053.05,2013.71,2031.05,1670701
2025-07-22,ADANIENT,Adani Enterprises,Industrials,1982.67,1991.51,1976.48,1988.62,3593019
2025-07-23,ADANIENT,Adani Enterprises,Industrials,1957.53,1992.76,1910.89,1944.44,6189892
2025-07-24,ADANIENT,Adani Enterprises,Industrials,1917.76,1920.77,1872.98,1899.55,3787835
2025-07-25,ADANIENT,Adani Enterprises,Industrials,1875.74,1890.22,1836.96,1869.57,5126967
2025-07-28,ADANIENT,Adani Enterprises,Industrials,1900.35,1912.79,1897.29,1907.48,4271888
2025-07-29,ADANIENT,Adani Enterprises,Industrials,1927.44,1932.58,1903.23,1927.48,3953148
2025-07-30,ADANIENT,Adani Enterprises,Industrials,1921.37,1949.21,1905.99,1909.34,2076124
2025-07-31,ADANIENT,Adani Enterprises,Industrials,1896.66,1925.46,1869.54,1909.72,2701458
2025-08-01,ADANIENT,Adani Enterprises,Industrials,1939.16,1987.39,1924.66,1958.76,1983672
2025-08-04,ADANIENT,Adani Enterprises,Industrials,2029.57,2041.01,2021.49,2026.81,2216172
2025-08-05,ADANIENT,Adani Enterprises,Industrials,2035.75,2048.01,2014.06,2037.09,2595508
2025-08-06,ADANIENT,Adani Enterprises,Industrials,1958.12,1968.44,1929.21,1940.39,3701551
2025-08-07,ADANIENT,Adani Enterprises,Industrials,1956.42,1978.87,1927.72,1951.55,3155410
2025-08-08,ADANIENT,Adani Enterprises,Industrials,1979.11,2014.66,1954.98,1985.17,2287099
2025-08-11,ADANIENT,Adani Enterprises,Industrials,1989.75,2011.31,1963.92,1993.99,2577544
2025-08-12,ADANIENT,Adani Enterprises,Industrials,2027.04,2042.13,1984.75,2020.86,3173057
2025-08-13,ADANIENT,Adani Enterprises,Industrials,2038.01,2073.78,2019.25,2034.66,3608736
2025-08-14,ADANIENT,Adani Enterprises,Industrials,1995.61,2001.57,1972.52,1990.26,1084201
2025-08-15,ADANIENT,Adani Enterprises,Industrials,1962.58,1980.78,1930.54,1959.3,1382269
2025-08-18,ADANIENT,Adani Enterprises,Industrials,1943.82,1964.24,1922.77,1948.76,4596575
2025-08-19,ADANIENT,Adani Enterprises,Industrials,2010.65,2016.01,1983.67,1986.91,2417689
2025-08-20,ADANIENT,Adani Enterprises,Industrials,1961.19,1972.09,1930.26,1960.32,1979904
2025-08-21,ADANIENT,Adani Enterprises,Industrials,1973.04,1980.12,1969.34,1977.19,2162718
2025-08-22,ADANIENT,Adani Enterprises,Industrials,1995.62,2027.36,1981.02,1988.79,2162473
2025-08-25,ADANIENT,Adani Enterprises,Industrials,2052.27,2075.53,2040.77,2046.36,3397896
2025-08-26,ADANIENT,Adani Enterprises,Industrials,2051.19,2081.66,2040.89,2045.65,1359180
2025-08-27,ADANIENT,Adani Enterprises,Industrials,1987.57,2007.18,1979.01,1981.85,2534302
2025-08-28,ADANIENT,Adani Enterprises,Industrials,2005.65,2028.17,2001.77,2005.72,2862385
2025-08-29,ADANIENT,Adani Enterprises,Industrials,2082.1,2110.62,2064.36,2083.71,3108803
2025-09-01,ADANIENT,Adani Enterprises,Industrials,2138.22,2173.36,2100.08,2111.27,2826010
2025-09-02,ADANIENT,Adani Enterprises,Industrials,2074.05,2087.51,2067.52,2082.18,3320246
2025-09-03,ADANIENT,Adani Enterprises,Industrials,2046.02,2059.58,2017.55,2042.46,1824503
2025-09-04,ADANIENT,Adani Enterprises,Industrials,1985.22,2034.46,1975.6,2008.24,1489289
2025-09-05,ADANIENT,Adani Enterprises,Industrials,2096.45,2132.7,2078.71,2081.46,9656615
2025-09-08,ADANIENT,Adani Enterprises,Industrials,2080.86,2117.64,2053.24,2070.03,2118260
2025-09-09,ADANIENT,Adani Enterprises,Industrials,2048.66,2072.93,2033.32,2046.17,2258815
2025-09-10,ADANIENT,Adani Enterprises,Industrials,2036.1,2049.91,2023.04,2041.15,3629528
2025-09-11,ADANIENT,Adani Enterprises,Industrials,2054.37,2060.59,2012.93,2030.32,6014299
2025-09-12,ADANIENT,Adani Enterprises,Industrials,2098.87,2134.72,2062.59,2088.43,1852989
2025-09-15,ADANIENT,Adani Enterprises,Industrials,2043.88,2068.31,2020.41,2051.13,1443314
2025-09-16,ADANIENT,Adani Enterprises,Industrials,2107.53,2116.61,2060.05,2095.54,1262515
2025-09-17,ADANIENT,Adani Enterprises,Industrials,2083.85,2136.44,2063.43,2100.98,6004439
2025-09-18,ADANIENT,Adani Enterprises,Industrials,2153.33,2159.31,2128.07,2147.47,1412458
2025-09-19,ADANIENT,Adani Enterprises,Industrials,2221.49,2251.26,2199.28,2209.5,2462396
2025-09-22,ADANIENT,Adani Enterprises,Industrials,2205.68,2239.5,2175.15,2213.76,1460507
2025-09-23,ADANIENT,Adani Enterprises,Industrials,2181.05,2207.58,2173.65,2202.09,1127152
2025-09-24,ADANIENT,Adani Enterprises,Industrials,2200.1,2220.5,2179.53,2205.59,2128642
2025-09-25,ADANIENT,Adani Enterprises,Industrials,2186.18,2210.53,2168.34,2202.71,1492582
2025-09-26,ADANIENT,Adani Enterprises,Industrials,2116.61,2162.01,2090.8,2137.9,1708977
2025-09-29,ADANIENT,Adani Enterprises,Industrials,2210.72,2230.87,2162.0,2198.5,7535675
2025-09-30,ADANIENT,Adani Enterprises,Industrials,2196.73,2211.47,2159.19,2209.1,3158141
2025-10-01,ADANIENT,Adani Enterprises,Industrials,2183.7,2222.1,2155.4,2163.74,4172848
2025-10-02,ADANIENT,Adani Enterprises,Industrials,2078.78,2098.55,2067.45,2084.08,3934774
2025-10-03,ADANIENT,Adani Enterprises,Industrials,1998.45,2009.22,1968.03,1997.59,2365092
2025-10-06,ADANIENT,Adani Enterprises,Industrials,2011.1,2035.79,1991.37,2026.1,1962944
2025-10-07,ADANIENT,Adani Enterprises,Industrials,1990.34,2011.75,1973.02,2004.33,2866823
2025-10-08,ADANIENT,Adani Enterprises,Industrials,1981.95,2024.49,1956.02,1988.72,2742688
2025-10-09,ADANIENT,Adani Enterprises,Industrials,2003.41,2019.07,1980.9,2006.99,1828411
2025-10-10,ADANIENT,Adani Enterprises,Industrials,1983.11,2004.86,1948.4,1989.15,2685070
2025-10-13,ADANIENT,Adani Enterprises,Industrials,2008.77,2041.29,1986.82,2009.52,1695214
2025-10-14,ADANIENT,Adani Enterprises,Industrials,2014.51,2038.5,1995.8,2013.77,2275020
2025-10-15,ADANIENT,Adani Enterprises,Industrials,1994.26,2026.14,1973.87,2011.52,2078995
2025-10-16,ADANIENT,Adani Enterprises,Industrials,1937.22,1987.2,1908.65,1955.38,1244098
2025-10-17,ADANIENT,Adani Enterprises,Industrials,1928.95,1955.47,1905.31,1927.31,686021
2025-10-20,ADANIENT,Adani Enterprises,Industrials,1946.21,1958.49,1922.86,1948.99,1491535
2025-10-21,ADANIENT,Adani Enterprises,Industrials,1924.9,1948.84,1891.18,1925.84,6743292
2025-10-22,ADANIENT,Adani Enterprises,Industrials,1987.62,2020.77,1945.73,1968.39,2108476
2025-10-23,ADANIENT,Adani Enterprises,Industrials,2056.47,2075.88,2037.0,2052.32,3830798
2025-10-24,ADANIENT,Adani Enterprises,Industrials,2057.64,2105.37,2031.4,2077.39,777124
2025-10-27,ADANIENT,Adani Enterprises,Industrials,2143.68,2181.22,2107.98,2134.04,1435816
2025-10-28,ADANIENT,Adani Enterprises,Industrials,2135.48,2190.12,2132.85,2162.58,1186872
2025-10-29,ADANIENT,Adani Enterprises,Industrials,2127.68,2148.52,2108.65,2142.65,2236754
2025-10-30,ADANIENT,Adani Enterprises,Industrials,2146.05,2162.32,2116.8,2151.22,9472247
2025-10-31,ADANIENT,Adani Enterprises,Industrials,2222.56,2254.83,2201.49,2230.04,3220131
2025-11-03,ADANIENT,Adani Enterprises,Industrials,2222.15,2234.78,2178.42,2209.92,6352685
2025-11-04,ADANIENT,Adani Enterprises,Industrials,2172.92,2210.46,2150.66,2169.46,2173525
2025-11-05,ADANIENT,Adani Enterprises,Industrials,2107.81,2142.81,2070.46,2126.04,5296090
2025-11-06,ADANIENT,Adani Enterprises,Industrials,2126.4,2145.06,2105.9,2118.56,7819197
2025-11-07,ADANIENT,Adani Enterprises,Industrials,2067.98,2108.05,2062.67,2081.14,2354051
2025-11-10,ADANIENT,Adani Enterprises,Industrials,2162.55,2183.99,2126.86,2144.69,1858361
2025-11-11,ADANIENT,Adani Enterprises,Industrials,2169.49,2185.76,2131.91,2153.9,1211058
2025-11-12,ADANIENT,Adani Enterprises,Industrials,2167.7,2197.48,2152.67,2192.43,2109197
2025-11-13,ADANIENT,Adani Enterprises,Industrials,2181.68,2205.98,2170.36,2181.52,2615182
2025-11-14,ADANIENT,Adani Enterprises,Industrials,2144.55,2178.33,2111.06,2137.62,7639370
2025-11-17,ADANIENT,Adani Enterprises,Industrials,2071.16,2114.53,2055.81,2088.1,1226365
2025-11-18,ADANIENT,Adani Enterprises,Industrials,2039.56,2070.18,2015.63,2054.8,2583395
2025-11-19,ADANIENT,Adani Enterprises,Industrials,2057.11,2075.04,2027.81,2068.48,921660
2025-11-20,ADANIENT,Adani Enterprises,Industrials,2095.83,2127.01,2059.55,2088.66,1976981
2025-11-21,ADANIENT,Adani Enterprises,Industrials,2115.82,2151.81,2096.59,2112.18,2967020
2025-11-24,ADANIENT,Adani Enterprises,Industrials,2052.58,2072.05,2030.72,2056.42,3314184
2025-11-25,ADANIENT,Adani Enterprises,Industrials,2048.69,2084.77,2030.99,2057.23,3456489
2025-11-26,ADANIENT,Adani Enterprises,Industrials,2026.24,2042.41,1988.13,2020.06,3110747
2025-11-27,ADANIENT,Adani Enterprises,Industrials,2033.38,2054.88,2000.97,2035.46,3440176
2025-11-28,ADANIENT,Adani Enterprises,Industrials,2050.54,2085.09,2036.51,2053.83,2563689
2025-12-01,ADANIENT,Adani Enterprises,Industrials,1995.91,2016.18,1990.8,2011.32,1404897
2025-12-02,ADANIENT,Adani Enterprises,Industrials,2037.94,2067.67,2030.1,2047.17,902920
2025-12-03,ADANIENT,Adani Enterprises,Industrials,2153.64,2163.65,2118.72,2134.17,1850789
2025-12-04,ADANIENT,Adani Enterprises,Industrials,2169.88,2184.58,2144.14,2167.09,2321589
2025-12-05,ADANIENT,Adani Enterprises,Industrials,2173.72,2199.71,2135.31,2161.61,4982606
2025-12-08,ADANIENT,Adani Enterprises,Industrials,2142.85,2153.3,2128.64,2150.16,2365429
2025-12-09,ADANIENT,Adani Enterprises,Industrials,2131.12,2166.7,2104.81,2142.93,2243815
2025-12-10,ADANIENT,Adani Enterprises,Industrials,2113.15,2126.74,2077.35,2114.44,3090493
2025-12-11,ADANIENT,Adani Enterprises,Industrials,2128.32,2154.67,2099.21,2124.89,2154985
2025-12-12,ADANIENT,Adani Enterprises,Industrials,2081.33,2089.29,2073.64,2082.2,3904340
2025-12-15,ADANIENT,Adani Enterprises,Industrials,2009.69,2039.39,1987.87,2012.21,7425531
2025-12-16,ADANIENT,Adani Enterprises,Industrials,2028.76,2053.05,2000.33,2020.96,8341330
2025-12-17,ADANIENT,Adani Enterprises,Industrials,2037.44,2073.12,1990.59,2022.55,2637055
2025-12-18,ADANIENT,Adani Enterprises,Industrials,2027.5,2060.94,1988.63,2002.56,3008920
2025-12-19,ADANIENT,Adani Enterprises,Industrials,1942.36,1968.51,1926.45,1957.13,5957563
2025-12-22,ADANIENT,Adani Enterprises,Industrials,1962.27,1971.0,1940.34,1968.12,2302076
2025-12-23,ADANIENT,Adani Enterprises,Industrials,1929.63,1957.3,1910.5,1933.82,3632228
2025-12-24,ADANIENT,Adani Enterprises,Industrials,1915.22,1951.47,1889.9,1929.76,1339039
2025-12-25,ADANIENT,Adani Enterprises,Industrials,2006.96,2009.9,1988.48,1991.84,2107134
2025-12-26,ADANIENT,Adani Enterprises,Industrials,2037.2,2043.49,1994.66,2015.99,4721628
2025-12-29,ADANIENT,Adani Enterprises,Industrials,1962.58,1988.63,1956.56,1967.11,1684187
2025-12-30,ADANIENT,Adani Enterprises,Industrials,1919.38,1954.48,1907.17,1922.76,2329986
2025-12-31,ADANIENT,Adani Enterprises,Industrials,1949.03,1981.01,1905.16,1928.78,1051771
2025-01-02,M&M,Mahindra & Mahindra,Automobile,3312.36,3343.61,3266.23,3316.81,2848712
2025-01-03,M&M,Mahindra & Mahindra,Automobile,3364.76,3439.08,3331.37,3393.55,1439118
2025-01-06,M&M,Mahindra & Mahindra,Automobile,3379.37,3426.47,3372.0,3406.39,7267632
2025-01-07,M&M,Mahindra & Mahindra,Automobile,3431.48,3445.56,3409.03,3438.87,2588873
2025-01-08,M&M,Mahindra & Mahindra,Automobile,3416.62,3508.03,3408.12,3464.75,1595334
2025-01-09,M&M,Mahindra & Mahindra,Automobile,3539.53,3595.21,3476.49,3552.47,1020246
2025-01-10,M&M,Mahindra & Mahindra,Automobile,3498.83,3572.22,3481.71,3520.72,2583795
2025-01-13,M&M,Mahindra & Mahindra,Automobile,3567.58,3609.48,3525.45,3568.53,2166303
2025-01-14,M&M,Mahindra & Mahindra,Automobile,3656.3,3669.71,3617.94,3639.17,3845729
2025-01-15,M&M,Mahindra & Mahindra,Automobile,3739.87,3797.86,3675.2,3720.23,2310437
2025-01-16,M&M,Mahindra & Mahindra,Automobile,3566.54,3612.07,3550.22,3570.43,1296599
2025-01-17,M&M,Mahindra & Mahindra,Automobile,3537.83,3589.94,3482.64,3533.34,6266298
2025-01-20,M&M,Mahindra & Mahindra,Automobile,3507.15,3556.81,3459.93,3469.93,3176831
2025-01-21,M&M,Mahindra & Mahindra,Automobile,3502.22,3523.46,3424.22,3480.66,2173917
2025-01-22,M&M,Mahindra & Mahindra,Automobile,3362.17,3369.8,3304.45,3355.75,2736943
2025-01-23,M&M,Mahindra & Mahindra,Automobile,3219.48,3246.46,3179.11,3233.53,3244670
2025-01-24,M&M,Mahindra & Mahindra,Automobile,3361.45,3370.12,3353.92,3361.13,1139306
2025-01-27,M&M,Mahindra & Mahindra,Automobile,3401.31,3418.79,3384.39,3399.84,2726510
2025-01-28,M&M,Mahindra & Mahindra,Automobile,3428.91,3459.13,3355.4,3408.61,1951743
2025-01-29,M&M,Mahindra & Mahindra,Automobile,3431.81,3488.63,3421.26,3432.29,3304567
2025-01-30,M&M,Mahindra & Mahindra,Automobile,3415.67,3497.18,3403.2,3442.7,1663943
2025-01-31,M&M,Mahindra & Mahindra,Automobile,3502.61,3552.22,3466.72,3505.88,1792667
2025-02-03,M&M,Mahindra & Mahindra,Automobile,3499.02,3503.95,3447.74,3467.37,6239311
2025-02-04,M&M,Mahindra & Mahindra,Automobile,3506.74,3530.6,3463.79,3480.41,4919920
2025-02-05,M&M,Mahindra & Mahindra,Automobile,3483.74,3540.1,3446.15,3496.05,408089
2025-02-06,M&M,Mahindra & Mahindra,Automobile,3436.19,3447.16,3406.4,3431.57,4723309
2025-02-07,M&M,Mahindra & Mahindra,Automobile,3513.39,3564.75,3499.91,3511.82,2400752
2025-02-10,M&M,Mahindra & Mahindra,Automobile,3497.91,3555.79,3449.88,3485.05,1693488
2025-02-11,M&M,Mahindra & Mahindra,Automobile,3539.58,3575.19,3512.75,3550.27,1436693
2025-02-12,M&M,Mahindra & Mahindra,Automobile,3565.47,3611.82,3511.03,3559.03,1483309
2025-02-13,M&M,Mahindra & Mahindra,Automobile,3669.21,3682.13,3655.04,3665.11,1720002
2025-02-14,M&M,Mahindra & Mahindra,Automobile,3616.34,3662.43,3556.31,3597.87,1344964
2025-02-17,M&M,Mahindra & Mahindra,Automobile,3509.65,3533.87,3480.1,3529.06,1186800
2025-02-18,M&M,Mahindra & Mahindra,Automobile,3477.55,3489.94,3445.49,3472.94,1410693
2025-02-19,M&M,Mahindra & Mahindra,Automobile,3470.0,3528.17,3452.83,3482.66,2986664
2025-02-20,M&M,Mahindra & Mahindra,Automobile,3606.51,3653.76,3575.25,3580.68,2569831
2025-02-21,M&M,Mahindra & Mahindra,Automobile,3646.85,3728.64,3590.65,3684.79,3394008
2025-02-24,M&M,Mahindra & Mahindra,Automobile,3506.18,3565.26,3483.22,3533.06,2410387
2025-02-25,M&M,Mahindra & Mahindra,Automobile,3591.5,3636.3,3505.69,3550.35,1218495
2025-02-26,M&M,Mahindra & Mahindra,Automobile,3362.62,3410.22,3289.19,3346.44,3281278
2025-02-27,M&M,Mahindra & Mahindra,Automobile,3385.97,3454.86,3350.06,3395.67,1438659
2025-02-28,M&M,Mahindra & Mahindra,Automobile,3493.03,3549.29,3438.51,3465.37,3567726
2025-03-03,M&M,Mahindra & Mahindra,Automobile,3466.99,3517.28,3444.99,3464.25,1316576
2025-03-04,M&M,Mahindra & Mahindra,Automobile,3462.01,3515.34,3403.57,3470.87,1712884
2025-03-05,M&M,Mahindra & Mahindra,Automobile,3480.72,3518.17,3433.07,3476.86,2049355
2025-03-06,M&M,Mahindra & Mahindra,Automobile,3418.11,3439.62,3376.03,3429.16,3622677
2025-03-07,M&M,Mahindra & Mahindra,Automobile,3471.62,3484.86,3428.67,3457.18,2754095
2025-03-10,M&M,Mahindra & Mahindra,Automobile,3491.17,3543.34,3391.24,3444.16,2527653
2025-03-11,M&M,Mahindra & Mahindra,Automobile,3482.69,3554.55,3436.95,3503.21,7052686
2025-03-12,M&M,Mahindra & Mahindra,Automobile,3477.09,3537.48,3456.87,3497.45,910237
2025-03-13,M&M,Mahindra & Mahindra,Automobile,3393.66,3473.78,3355.68,3444.64,1412248
2025-03-14,M&M,Mahindra & Mahindra,Automobile,3395.76,3400.66,3322.93,3350.79,1379384
2025-03-17,M&M,Mahindra & Mahindra,Automobile,3225.17,3260.96,3221.58,3239.7,944057
2025-03-18,M&M,Mahindra & Mahindra,Automobile,3357.19,3384.55,3268.67,3317.53,1682961
2025-03-19,M&M,Mahindra & Mahindra,Automobile,3257.2,3322.0,3247.14,3291.52,3649403
2025-03-20,M&M,Mahindra & Mahindra,Automobile,3303.23,3368.55,3271.29,3312.9,1805585
2025-03-21,M&M,Mahindra & Mahindra,Automobile,3440.21,3450.01,3397.59,3420.56,2081604
2025-03-24,M&M,Mahindra & Mahindra,Automobile,3371.5,3420.55,3348.52,3387.28,969364
2025-03-25,M&M,Mahindra & Mahindra,Automobile,3361.53,3385.92,3319.84,3350.38,1613170
2025-03-26,M&M,Mahindra & Mahindra,Automobile,3337.73,3403.37,3277.82,3343.75,1939356
2025-03-27,M&M,Mahindra & Mahindra,Automobile,3342.72,3399.24,3316.18,3346.86,3559467
2025-03-28,M&M,Mahindra & Mahindra,Automobile,3426.05,3491.19,3412.01,3461.91,995098
2025-03-31,M&M,Mahindra & Mahindra,Automobile,3522.51,3624.94,3482.24,3560.86,1946505
2025-04-01,M&M,Mahindra & Mahindra,Automobile,3615.04,3650.25,3584.01,3602.08,4545058
2025-04-02,M&M,Mahindra & Mahindra,Automobile,3674.18,3711.7,3663.91,3697.5,1957160
2025-04-03,M&M,Mahindra & Mahindra,Automobile,3679.29,3725.65,3672.47,3687.12,780931
2025-04-04,M&M,Mahindra & Mahindra,Automobile,3740.15,3758.27,3703.3,3708.45,5052268
2025-04-07,M&M,Mahindra & Mahindra,Automobile,3705.28,3749.07,3659.07,3689.81,3745233
2025-04-08,M&M,Mahindra & Mahindra,Automobile,3555.74,3666.65,3526.39,3605.58,4032792
2025-04-09,M&M,Mahindra & Mahindra,Automobile,3677.26,3738.09,3661.98,3685.15,958112
2025-04-10,M&M,Mahindra & Mahindra,Automobile,3699.7,3742.9,3646.69,3721.9,5743916
2025-04-11,M&M,Mahindra & Mahindra,Automobile,3729.34,3751.89,3712.69,3724.6,1633931
2025-04-14,M&M,Mahindra & Mahindra,Automobile,3738.03,3746.17,3664.22,3725.92,1889097
2025-04-15,M&M,Mahindra & Mahindra,Automobile,3625.8,3647.64,3585.96,3626.4,1698530
2025-04-16,M&M,Mahindra & Mahindra,Automobile,3569.74,3578.93,3558.8,3564.04,4208499
2025-04-17,M&M,Mahindra & Mahindra,Automobile,3619.46,3653.81,3524.72,3587.03,2264607
2025-04-18,M&M,Mahindra & Mahindra,Automobile,3575.83,3622.47,3532.14,3554.3,3258439
2025-04-21,M&M,Mahindra & Mahindra,Automobile,3526.82,3590.57,3496.31,3541.8,2606572
2025-04-22,M&M,Mahindra & Mahindra,Automobile,3544.64,3551.77,3515.91,3536.54,2372674
2025-04-23,M&M,Mahindra & Mahindra,Automobile,3493.97,3518.2,3447.21,3494.51,1485214
2025-04-24,M&M,Mahindra & Mahindra,Automobile,3430.19,3455.29,3398.44,3435.03,6773162
2025-04-25,M&M,Mahindra & Mahindra,Automobile,3330.45,3345.96,3319.63,3336.71,1117869
2025-04-28,M&M,Mahindra & Mahindra,Automobile,3306.49,3353.09,3297.33,3329.24,3136258
2025-04-29,M&M,Mahindra & Mahindra,Automobile,3389.99,3410.63,3322.75,3367.64,3075451
2025-04-30,M&M,Mahindra & Mahindra,Automobile,3258.21,3307.89,3241.82,3269.36,4717064
2025-05-01,M&M,Mahindra & Mahindra,Automobile,3254.51,3321.61,3243.63,3269.25,5364162
2025-05-02,M&M,Mahindra & Mahindra,Automobile,3267.77,3315.81,3236.76,3287.1,2318051
2025-05-05,M&M,Mahindra & Mahindra,Automobile,3257.48,3302.09,3182.56,3229.87,3346809
2025-05-06,M&M,Mahindra & Mahindra,Automobile,3308.78,3325.38,3289.79,3313.84,6599350
2025-05-07,M&M,Mahindra & Mahindra,Automobile,3258.6,3345.54,3240.03,3292.16,2411969
2025-05-08,M&M,Mahindra & Mahindra,Automobile,3289.43,3301.25,3237.58,3287.47,1390623
2025-05-09,M&M,Mahindra & Mahindra,Automobile,3269.76,3293.23,3258.27,3279.24,2023509
2025-05-12,M&M,Mahindra & Mahindra,Automobile,3161.23,3184.96,3124.93,3176.03,1219859
2025-05-13,M&M,Mahindra & Mahindra,Automobile,3255.0,3275.39,3179.22,3234.97,3067276
2025-05-14,M&M,Mahindra & Mahindra,Automobile,3146.01,3213.68,3097.87,3180.63,4489501
2025-05-15,M&M,Mahindra & Mahindra,Automobile,3158.89,3224.74,3152.41,3168.36,2338986
2025-05-16,M&M,Mahindra & Mahindra,Automobile,3193.76,3250.12,3173.19,3203.71,1025071
2025-05-19,M&M,Mahindra & Mahindra,Automobile,3322.37,3347.18,3277.99,3289.24,4385039
2025-05-20,M&M,Mahindra & Mahindra,Automobile,3211.31,3261.43,3156.27,3226.61,941130
2025-05-21,M&M,Mahindra & Mahindra,Automobile,3192.27,3239.11,3135.58,3201.97,1068243
2025-05-22,M&M,Mahindra & Mahindra,Automobile,3251.25,3332.13,3235.01,3282.93,2266427
2025-05-23,M&M,Mahindra & Mahindra,Automobile,3317.84,3362.7,3270.63,3311.65,2871322
2025-05-26,M&M,Mahindra & Mahindra,Automobile,3372.97,3408.98,3301.65,3352.98,3153543
2025-05-27,M&M,Mahindra & Mahindra,Automobile,3304.41,3345.3,3274.52,3290.88,2410692
2025-05-28,M&M,Mahindra & Mahindra,Automobile,3279.67,3324.54,3256.03,3269.73,6581843
2025-05-29,M&M,Mahindra & Mahindra,Automobile,3283.21,3293.92,3257.28,3261.16,2591231
2025-05-30,M&M,Mahindra & Mahindra,Automobile,3187.44,3226.27,3161.93,3212.11,4416547
2025-06-02,M&M,Mahindra & Mahindra,Automobile,3091.94,3156.17,3041.57,3116.57,3854016
2025-06-03,M&M,Mahindra & Mahindra,Automobile,3092.82,3140.62,3038.67,3089.18,1227783
2025-06-04,M&M,Mahindra & Mahindra,Automobile,3173.2,3198.45,3155.68,3165.72,2277182
2025-06-05,M&M,Mahindra & Mahindra,Automobile,3205.28,3261.88,3156.18,3170.36,8037491
2025-06-06,M&M,Mahindra & Mahindra,Automobile,3236.54,3265.24,3210.85,3250.06,1894391
2025-06-09,M&M,Mahindra & Mahindra,Automobile,3229.79,3288.2,3183.7,3261.83,1725038
2025-06-10,M&M,Mahindra & Mahindra,Automobile,3230.59,3254.61,3181.54,3218.24,2745895
2025-06-11,M&M,Mahindra & Mahindra,Automobile,3295.84,3351.26,3261.47,3293.53,1932094
2025-06-12,M&M,Mahindra & Mahindra,Automobile,3298.84,3326.79,3262.35,3307.44,1615675
2025-06-13,M&M,Mahindra & Mahindra,Automobile,3331.55,3396.33,3322.77,3366.02,1916469
2025-06-16,M&M,Mahindra & Mahindra,Automobile,3298.69,3316.46,3268.6,3302.64,5495315
2025-06-17,M&M,Mahindra & Mahindra,Automobile,3361.77,3398.91,3301.71,3365.71,2319033
2025-06-18,M&M,Mahindra & Mahindra,Automobile,3428.13,3485.27,3419.55,3431.82,1204240
2025-06-19,M&M,Mahindra & Mahindra,Automobile,3480.85,3502.32,3417.17,3451.09,1088532
2025-06-20,M&M,Mahindra & Mahindra,Automobile,3432.14,3482.88,3381.84,3402.34,8415148
2025-06-23,M&M,Mahindra & Mahindra,Automobile,3417.45,3473.82,3366.27,3400.89,2211026
2025-06-24,M&M,Mahindra & Mahindra,Automobile,3418.89,3447.37,3382.12,3439.67,3175004
2025-06-25,M&M,Mahindra & Mahindra,Automobile,3462.53,3510.52,3418.19,3455.57,1635638
2025-06-26,M&M,Mahindra & Mahindra,Automobile,3505.48,3524.2,3440.22,3494.34,2982712
2025-06-27,M&M,Mahindra & Mahindra,Automobile,3571.13,3585.34,3532.26,3559.4,5578511
2025-06-30,M&M,Mahindra & Mahindra,Automobile,3522.19,3561.71,3484.87,3519.28,1746381
2025-07-01,M&M,Mahindra & Mahindra,Automobile,3412.67,3492.32,3408.62,3447.52,3217206
2025-07-02,M&M,Mahindra & Mahindra,Automobile,3449.7,3476.3,3396.86,3446.57,1153880
2025-07-03,M&M,Mahindra & Mahindra,Automobile,3443.74,3449.47,3408.94,3427.49,7605465
2025-07-04,M&M,Mahindra & Mahindra,Automobile,3476.82,3534.54,3425.08,3477.34,2897897
2025-07-07,M&M,Mahindra & Mahindra,Automobile,3375.93,3457.27,3357.31,3411.48,1992229
2025-07-08,M&M,Mahindra & Mahindra,Automobile,3486.02,3505.6,3471.39,3475.5,2122214
2025-07-09,M&M,Mahindra & Mahindra,Automobile,3586.99,3620.88,3548.64,3561.57,1888475
2025-07-10,M&M,Mahindra & Mahindra,Automobile,3573.76,3579.02,3499.75,3563.02,1942338
2025-07-11,M&M,Mahindra & Mahindra,Automobile,3565.58,3592.49,3542.63,3568.34,650618
2025-07-14,M&M,Mahindra & Mahindra,Automobile,3505.99,3555.26,3496.0,3520.47,2368861
2025-07-15,M&M,Mahindra & Mahindra,Automobile,3466.54,3521.64,3456.08,3487.49,2314879
2025-07-16,M&M,Mahindra & Mahindra,Automobile,3485.11,3500.93,3441.51,3463.25,3270865
2025-07-17,M&M,Mahindra & Mahindra,Automobile,3574.98,3625.76,3548.75,3554.58,1874911
2025-07-18,M&M,Mahindra & Mahindra,Automobile,3558.31,3579.95,3516.98,3551.41,1635945
2025-07-21,M&M,Mahindra & Mahindra,Automobile,3454.12,3506.0,3438.12,3468.31,2489332
2025-07-22,M&M,Mahindra & Mahindra,Automobile,3512.19,3531.91,3451.38,3485.64,1029927
2025-07-23,M&M,Mahindra & Mahindra,Automobile,3551.82,3581.04,3526.87,3538.87,2705193
2025-07-24,M&M,Mahindra & Mahindra,Automobile,3551.3,3567.38,3509.27,3538.67,897888
2025-07-25,M&M,Mahindra & Mahindra,Automobile,3613.25,3676.4,3572.91,3633.67,4630852
2025-07-28,M&M,Mahindra & Mahindra,Automobile,3674.33,3716.33,3666.78,3685.98,3642386
2025-07-29,M&M,Mahindra & Mahindra,Automobile,3598.33,3622.45,3570.34,3617.84,1502136
2025-07-30,M&M,Mahindra & Mahindra,Automobile,3554.83,3588.68,3532.99,3583.38,3596339
2025-07-31,M&M,Mahindra & Mahindra,Automobile,3606.02,3638.51,3581.1,3599.41,2658131
2025-08-01,M&M,Mahindra & Mahindra,Automobile,3517.96,3532.43,3453.5,3492.89,1435244
2025-08-04,M&M,Mahindra & Mahindra,Automobile,3540.53,3579.28,3476.75,3515.44,821772
2025-08-05,M&M,Mahindra & Mahindra,Automobile,3443.35,3470.69,3365.46,3405.38,2975256
2025-08-06,M&M,Mahindra & Mahindra,Automobile,3479.05,3521.23,3456.63,3469.47,1615162
2025-08-07,M&M,Mahindra & Mahindra,Automobile,3535.67,3596.45,3506.86,3527.52,4565481
2025-08-08,M&M,Mahindra & Mahindra,Automobile,3544.23,3596.55,3528.06,3560.98,2519371
2025-08-11,M&M,Mahindra & Mahindra,Automobile,3518.73,3569.71,3482.87,3519.08,1701517
2025-08-12,M&M,Mahindra & Mahindra,Automobile,3541.69,3590.57,3500.06,3531.27,6720093
2025-08-13,M&M,Mahindra & Mahindra,Automobile,3502.49,3560.88,3476.9,3500.05,3432662
2025-08-14,M&M,Mahindra & Mahindra,Automobile,3458.07,3474.11,3387.15,3436.51,334872
2025-08-15,M&M,Mahindra & Mahindra,Automobile,3396.04,3468.41,3387.22,3416.93,1913196
2025-08-18,M&M,Mahindra & Mahindra,Automobile,3477.64,3534.66,3400.42,3461.24,1167706
2025-08-19,M&M,Mahindra & Mahindra,Automobile,3489.22,3516.01,3455.03,3465.36,1610269
2025-08-20,M&M,Mahindra & Mahindra,Automobile,3539.86,3579.77,3489.8,3557.24,2308707
2025-08-21,M&M,Mahindra & Mahindra,Automobile,3595.31,3669.69,3569.2,3607.69,3037447
2025-08-22,M&M,Mahindra & Mahindra,Automobile,3690.07,3733.13,3594.54,3651.91,2886491
2025-08-25,M&M,Mahindra & Mahindra,Automobile,3529.5,3574.11,3521.52,3547.61,4522753
2025-08-26,M&M,Mahindra & Mahindra,Automobile,3546.6,3597.89,3504.79,3530.82,3548126
2025-08-27,M&M,Mahindra & Mahindra,Automobile,3472.38,3493.82,3441.36,3464.58,3429455
2025-08-28,M&M,Mahindra & Mahindra,Automobile,3450.68,3468.37,3388.97,3454.56,2792986
2025-08-29,M&M,Mahindra & Mahindra,Automobile,3400.86,3447.8,3340.48,3412.83,5073495
2025-09-01,M&M,Mahindra & Mahindra,Automobile,3381.96,3427.03,3367.66,3391.0,2100842
2025-09-02,M&M,Mahindra & Mahindra,Automobile,3458.16,3510.16,3416.65,3457.13,2131069
2025-09-03,M&M,Mahindra & Mahindra,Automobile,3496.99,3527.66,3452.84,3488.08,876538
2025-09-04,M&M,Mahindra & Mahindra,Automobile,3543.94,3605.46,3531.1,3552.71,4469072
2025-09-05,M&M,Mahindra & Mahindra,Automobile,3454.22,3475.96,3438.47,3451.77,2396433
2025-09-08,M&M,Mahindra & Mahindra,Automobile,3419.71,3494.02,3358.78,3456.75,12550667
2025-09-09,M&M,Mahindra & Mahindra,Automobile,3505.95,3534.27,3475.46,3518.28,2000201
2025-09-10,M&M,Mahindra & Mahindra,Automobile,3635.23,3662.68,3603.74,3615.08,2624810
2025-09-11,M&M,Mahindra & Mahindra,Automobile,3525.9,3580.82,3499.44,3515.79,3376597
2025-09-12,M&M,Mahindra & Mahindra,Automobile,3493.95,3511.28,3474.51,3494.96,1363760
2025-09-15,M&M,Mahindra & Mahindra,Automobile,3533.86,3614.03,3499.64,3561.42,3044972
2025-09-16,M&M,Mahindra & Mahindra,Automobile,3520.71,3571.14,3497.1,3550.52,2548116
2025-09-17,M&M,Mahindra & Mahindra,Automobile,3502.08,3507.63,3463.23,3493.75,2115438
2025-09-18,M&M,Mahindra & Mahindra,Automobile,3416.81,3426.62,3384.66,3397.67,4764644
2025-09-19,M&M,Mahindra & Mahindra,Automobile,3362.43,3408.42,3319.11,3341.01,1520788
2025-09-22,M&M,Mahindra & Mahindra,Automobile,3235.88,3258.46,3228.78,3240.78,2908062
2025-09-23,M&M,Mahindra & Mahindra,Automobile,3201.24,3284.82,3149.62,3245.49,5564215
2025-09-24,M&M,Mahindra & Mahindra,Automobile,3288.51,3341.66,3274.11,3299.15,1694942
2025-09-25,M&M,Mahindra & Mahindra,Automobile,3256.73,3279.09,3180.85,3225.58,2123367
2025-09-26,M&M,Mahindra & Mahindra,Automobile,3256.02,3285.57,3219.33,3241.84,9081217
2025-09-29,M&M,Mahindra & Mahindra,Automobile,3304.83,3330.82,3262.61,3292.46,3245293
2025-09-30,M&M,Mahindra & Mahindra,Automobile,3309.94,3366.56,3274.01,3293.62,1892468
2025-10-01,M&M,Mahindra & Mahindra,Automobile,3206.91,3227.56,3158.36,3199.44,3887375
2025-10-02,M&M,Mahindra & Mahindra,Automobile,3215.84,3236.23,3166.45,3222.96,1829127
2025-10-03,M&M,Mahindra & Mahindra,Automobile,3207.96,3244.32,3189.14,3221.08,1057160
2025-10-06,M&M,Mahindra & Mahindra,Automobile,3192.39,3253.08,3176.05,3213.3,5317966
2025-10-07,M&M,Mahindra & Mahindra,Automobile,3172.97,3223.87,3133.04,3182.95,1362890
2025-10-08,M&M,Mahindra & Mahindra,Automobile,3227.04,3280.96,3175.43,3189.2,9628550
2025-10-09,M&M,Mahindra & Mahindra,Automobile,3240.3,3292.11,3181.5,3219.74,1910104
2025-10-10,M&M,Mahindra & Mahindra,Automobile,3362.77,3382.62,3350.83,3359.58,8081571
2025-10-13,M&M,Mahindra & Mahindra,Automobile,3364.74,3397.14,3325.91,3367.72,1177650
2025-10-14,M&M,Mahindra & Mahindra,Automobile,3442.87,3508.09,3409.38,3460.67,4394317
2025-10-15,M&M,Mahindra & Mahindra,Automobile,3483.44,3542.11,3473.21,3484.34,3290831
2025-10-16,M&M,Mahindra & Mahindra,Automobile,3478.43,3502.91,3436.57,3479.49,3963197
2025-10-17,M&M,Mahindra & Mahindra,Automobile,3485.21,3520.05,3455.27,3490.18,4257589
2025-10-20,M&M,Mahindra & Mahindra,Automobile,3420.06,3475.78,3398.81,3414.83,1901286
2025-10-21,M&M,Mahindra & Mahindra,Automobile,3433.2,3459.36,3409.15,3434.99,1217046
2025-10-22,M&M,Mahindra & Mahindra,Automobile,3290.97,3343.58,3260.15,3313.2,2430959
2025-10-23,M&M,Mahindra & Mahindra,Automobile,3264.72,3318.18,3254.73,3263.08,2826268
2025-10-24,M&M,Mahindra & Mahindra,Automobile,3271.43,3319.31,3214.32,3270.83,1928564
2025-10-27,M&M,Mahindra & Mahindra,Automobile,3343.11,3360.29,3301.28,3342.44,2912306
2025-10-28,M&M,Mahindra & Mahindra,Automobile,3403.35,3452.21,3394.01,3429.85,2996919
2025-10-29,M&M,Mahindra & Mahindra,Automobile,3439.48,3463.56,3365.4,3416.61,1515546
2025-10-30,M&M,Mahindra & Mahindra,Automobile,3391.42,3484.17,3369.43,3427.56,3106587
2025-10-31,M&M,Mahindra & Mahindra,Automobile,3514.47,3577.66,3450.77,3489.66,2158307
2025-11-03,M&M,Mahindra & Mahindra,Automobile,3420.97,3469.41,3388.08,3407.54,1701144
2025-11-04,M&M,Mahindra & Mahindra,Automobile,3418.46,3465.44,3372.42,3433.73,3854907
2025-11-05,M&M,Mahindra & Mahindra,Automobile,3363.15,3387.91,3318.45,3383.94,1630595
2025-11-06,M&M,Mahindra & Mahindra,Automobile,3403.49,3447.25,3339.78,3374.82,1944730
2025-11-07,M&M,Mahindra & Mahindra,Automobile,3370.39,3396.07,3331.23,3348.29,2601059
2025-11-10,M&M,Mahindra & Mahindra,Automobile,3370.25,3415.57,3352.34,3375.87,5323665
2025-11-11,M&M,Mahindra & Mahindra,Automobile,3363.35,3449.25,3338.09,3410.66,2779641
2025-11-12,M&M,Mahindra & Mahindra,Automobile,3441.0,3498.53,3429.07,3466.73,3342935
2025-11-13,M&M,Mahindra & Mahindra,Automobile,3495.05,3554.65,3466.32,3489.84,2122484
2025-11-14,M&M,Mahindra & Mahindra,Automobile,3553.6,3558.55,3457.78,3502.02,2394373
2025-11-17,M&M,Mahindra & Mahindra,Automobile,3618.52,3667.74,3563.79,3620.29,2433689
2025-11-18,M&M,Mahindra & Mahindra,Automobile,3514.77,3550.47,3491.38,3522.41,2937647
2025-11-19,M&M,Mahindra & Mahindra,Automobile,3639.68,3687.48,3613.27,3631.32,2124440
2025-11-20,M&M,Mahindra & Mahindra,Automobile,3632.37,3677.7,3559.06,3613.83,5224142
2025-11-21,M&M,Mahindra & Mahindra,Automobile,3648.93,3656.7,3590.03,3652.41,2036126
2025-11-24,M&M,Mahindra & Mahindra,Automobile,3653.12,3674.49,3603.51,3632.46,977563
2025-11-25,M&M,Mahindra & Mahindra,Automobile,3548.12,3603.1,3542.95,3587.98,11300295
2025-11-26,M&M,Mahindra & Mahindra,Automobile,3588.06,3634.61,3542.08,3620.71,2088065
2025-11-27,M&M,Mahindra & Mahindra,Automobile,3675.57,3739.47,3622.9,3690.08,5147618
2025-11-28,M&M,Mahindra & Mahindra,Automobile,3720.97,3741.86,3716.11,3722.97,5413661
2025-12-01,M&M,Mahindra & Mahindra,Automobile,3702.8,3736.39,3647.14,3688.13,4204513
2025-12-02,M&M,Mahindra & Mahindra,Automobile,3929.84,3950.27,3886.12,3929.35,2242016
2025-12-03,M&M,Mahindra & Mahindra,Automobile,3976.58,4059.32,3947.01,4015.7,2926968
2025-12-04,M&M,Mahindra & Mahindra,Automobile,4063.59,4138.89,4007.73,4084.77,1240246
2025-12-05,M&M,Mahindra & Mahindra,Automobile,4055.49,4087.36,4021.92,4060.45,7469828
2025-12-08,M&M,Mahindra & Mahindra,Automobile,3994.24,4061.57,3944.29,4016.38,1564861
2025-12-09,M&M,Mahindra & Mahindra,Automobile,3984.71,4057.81,3945.7,3997.76,2174166
2025-12-10,M&M,Mahindra & Mahindra,Automobile,4067.5,4087.78,4046.25,4077.17,2639879
2025-12-11,M&M,Mahindra & Mahindra,Automobile,3982.67,4058.51,3937.63,4006.11,2356550
2025-12-12,M&M,Mahindra & Mahindra,Automobile,3918.52,3956.2,3865.52,3930.68,1741959
2025-12-15,M&M,Mahindra & Mahindra,Automobile,3950.08,3982.68,3880.73,3970.43,5382630
2025-12-16,M&M,Mahindra & Mahindra,Automobile,3990.96,4035.88,3961.18,3994.83,4216242
2025-12-17,M&M,Mahindra & Mahindra,Automobile,3947.05,3966.18,3932.77,3941.03,2984453
2025-12-18,M&M,Mahindra & Mahindra,Automobile,3877.96,3935.98,3796.42,3865.2,2006790
2025-12-19,M&M,Mahindra & Mahindra,Automobile,3982.73,3989.62,3920.75,3966.79,4489056
2025-12-22,M&M,Mahindra & Mahindra,Automobile,4032.7,4043.5,3925.61,3993.86,1936404
2025-12-23,M&M,Mahindra & Mahindra,Automobile,3918.88,3957.51,3886.66,3897.44,5929893
2025-12-24,M&M,Mahindra & Mahindra,Automobile,3829.86,3872.04,3782.29,3808.24,2657703
2025-12-25,M&M,Mahindra & Mahindra,Automobile,3796.54,3847.45,3772.58,3784.99,4916862
2025-12-26,M&M,Mahindra & Mahindra,Automobile,3800.8,3857.17,3743.02,3836.43,2348295
2025-12-29,M&M,Mahindra & Mahindra,Automobile,3882.72,3942.17,3817.12,3879.05,2600318
2025-12-30,M&M,Mahindra & Mahindra,Automobile,3953.89,4027.74,3916.24,3959.62,4905084
2025-12-31,M&M,Mahindra & Mahindra,Automobile,3848.67,3891.54,3832.61,3854.98,8355746
2025-01-02,NTPC,NTPC,Power,409.44,417.5,408.16,411.39,3138147
2025-01-03,NTPC,NTPC,Power,423.04,430.6,410.68,418.05,3472069
2025-01-06,NTPC,NTPC,Power,422.12,423.29,418.44,422.66,5279421
2025-01-07,NTPC,NTPC,Power,418.84,424.09,412.56,418.97,1369287
2025-01-08,NTPC,NTPC,Power,420.82,424.75,414.9,421.36,1963552
2025-01-09,NTPC,NTPC,Power,414.82,415.31,409.16,414.61,1308115
2025-01-10,NTPC,NTPC,Power,416.5,422.35,410.22,417.58,1197158
2025-01-13,NTPC,NTPC,Power,422.51,423.81,419.91,421.05,1770019
2025-01-14,NTPC,NTPC,Power,403.62,409.38,398.56,406.36,3058508
2025-01-15,NTPC,NTPC,Power,405.65,409.02,403.41,406.8,3821173
2025-01-16,NTPC,NTPC,Power,409.63,412.93,403.75,410.0,1483932
2025-01-17,NTPC,NTPC,Power,411.27,415.13,402.48,409.55,1601897
2025-01-20,NTPC,NTPC,Power,410.35,415.28,403.65,412.35,939307
2025-01-21,NTPC,NTPC,Power,402.06,406.75,400.87,402.56,2812811
2025-01-22,NTPC,NTPC,Power,398.91,400.92,394.21,397.1,1671321
2025-01-23,NTPC,NTPC,Power,404.79,409.57,401.74,404.66,6239861
2025-01-24,NTPC,NTPC,Power,403.3,411.1,402.06,404.82,3132043
2025-01-27,NTPC,NTPC,Power,406.12,409.42,405.03,407.46,2275035
2025-01-28,NTPC,NTPC,Power,402.44,407.5,399.4,403.61,1757124
2025-01-29,NTPC,NTPC,Power,403.69,408.78,396.48,403.92,1098803
2025-01-30,NTPC,NTPC,Power,384.97,391.45,380.86,387.34,1178168
2025-01-31,NTPC,NTPC,Power,390.5,396.24,385.98,393.4,1775555
2025-02-03,NTPC,NTPC,Power,404.57,411.2,400.92,406.36,1702153
2025-02-04,NTPC,NTPC,Power,400.14,400.73,393.84,398.73,1443031
2025-02-05,NTPC,NTPC,Power,394.64,397.52,385.37,392.14,3076193
2025-02-06,NTPC,NTPC,Power,396.7,400.69,391.06,395.41,3317252
2025-02-07,NTPC,NTPC,Power,401.35,406.6,400.51,406.06,1942630
2025-02-10,NTPC,NTPC,Power,405.52,410.11,401.71,406.2,7247267
2025-02-11,NTPC,NTPC,Power,392.37,402.19,385.36,397.38,956561
2025-02-12,NTPC,NTPC,Power,396.33,401.84,393.04,396.04,2581268
2025-02-13,NTPC,NTPC,Power,389.47,390.61,384.55,388.86,2216815
2025-02-14,NTPC,NTPC,Power,384.51,391.36,383.25,384.33,1846709
2025-02-17,NTPC,NTPC,Power,382.6,386.92,381.08,382.38,1703314
2025-02-18,NTPC,NTPC,Power,377.9,380.61,370.17,376.14,2490448
2025-02-19,NTPC,NTPC,Power,373.6,375.56,368.76,371.02,2208360
2025-02-20,NTPC,NTPC,Power,370.56,375.66,368.26,371.67,2015281
2025-02-21,NTPC,NTPC,Power,370.91,379.23,368.1,373.26,1223841
2025-02-24,NTPC,NTPC,Power,358.58,367.42,352.33,363.84,1026678
2025-02-25,NTPC,NTPC,Power,367.54,372.04,365.69,366.58,2133164
2025-02-26,NTPC,NTPC,Power,364.98,367.56,358.77,364.21,2003985
2025-02-27,NTPC,NTPC,Power,370.79,373.61,366.56,369.08,2243238
2025-02-28,NTPC,NTPC,Power,371.9,376.6,366.15,374.41,2355018
2025-03-03,NTPC,NTPC,Power,369.08,375.71,362.49,370.89,1875573
2025-03-04,NTPC,NTPC,Power,377.12,379.8,372.54,375.14,2224354
2025-03-05,NTPC,NTPC,Power,371.65,373.22,368.45,369.64,1563380
2025-03-06,NTPC,NTPC,Power,376.44,381.35,375.14,378.59,5780330
2025-03-07,NTPC,NTPC,Power,372.44,379.09,367.26,373.3,1610321
2025-03-10,NTPC,NTPC,Power,374.11,380.91,372.82,375.82,2038575
2025-03-11,NTPC,NTPC,Power,376.69,379.21,372.66,374.7,1679014
2025-03-12,NTPC,NTPC,Power,372.18,378.29,366.34,367.99,1663578
2025-03-13,NTPC,NTPC,Power,376.08,376.93,371.47,374.1,2534112
2025-03-14,NTPC,NTPC,Power,368.6,370.8,367.76,370.12,2363307
2025-03-17,NTPC,NTPC,Power,354.45,360.08,348.93,358.94,1941745
2025-03-18,NTPC,NTPC,Power,341.34,342.36,335.14,340.46,2139086
2025-03-19,NTPC,NTPC,Power,330.72,336.07,328.07,335.24,1682689
2025-03-20,NTPC,NTPC,Power,341.97,347.88,338.07,343.67,3118149
2025-03-21,NTPC,NTPC,Power,354.55,358.53,347.4,351.59,7741896
2025-03-24,NTPC,NTPC,Power,346.74,351.35,341.98,347.18,1545160
2025-03-25,NTPC,NTPC,Power,343.2,349.36,339.82,344.98,3104865
2025-03-26,NTPC,NTPC,Power,347.29,352.1,338.92,342.23,2562575
2025-03-27,NTPC,NTPC,Power,332.87,335.67,328.96,334.16,3611189
2025-03-28,NTPC,NTPC,Power,326.29,332.39,322.06,328.58,3667560
2025-03-31,NTPC,NTPC,Power,333.72,338.15,331.42,334.52,2799015
2025-04-01,NTPC,NTPC,Power,337.81,343.57,335.45,337.69,2445841
2025-04-02,NTPC,NTPC,Power,339.83,341.51,337.58,339.48,1968640
2025-04-03,NTPC,NTPC,Power,331.92,332.58,328.03,331.46,1641421
2025-04-04,NTPC,NTPC,Power,334.55,338.6,329.82,332.19,2370321
2025-04-07,NTPC,NTPC,Power,319.87,324.21,315.3,318.55,1233390
2025-04-08,NTPC,NTPC,Power,324.32,326.2,320.95,323.51,1803393
2025-04-09,NTPC,NTPC,Power,324.92,328.62,319.97,325.14,4595420
2025-04-10,NTPC,NTPC,Power,318.46,319.1,316.69,317.4,2639191
2025-04-11,NTPC,NTPC,Power,328.47,334.16,323.26,326.76,4084732
2025-04-14,NTPC,NTPC,Power,314.89,317.24,311.5,316.33,5610247
2025-04-15,NTPC,NTPC,Power,318.77,320.16,316.37,319.47,2268059
2025-04-16,NTPC,NTPC,Power,323.84,324.41,320.16,322.79,2801962
2025-04-17,NTPC,NTPC,Power,314.76,318.33,310.17,315.72,2117583
2025-04-18,NTPC,NTPC,Power,316.49,317.33,313.81,315.63,1598966
2025-04-21,NTPC,NTPC,Power,306.34,310.64,301.5,306.46,1480171
2025-04-22,NTPC,NTPC,Power,289.19,295.62,284.49,290.88,3974994
2025-04-23,NTPC,NTPC,Power,286.44,288.0,281.96,285.41,2803968
2025-04-24,NTPC,NTPC,Power,284.35,287.68,278.36,282.35,6902767
2025-04-25,NTPC,NTPC,Power,285.99,286.48,282.48,285.74,4267035
2025-04-28,NTPC,NTPC,Power,288.56,290.75,283.36,286.2,1672172
2025-04-29,NTPC,NTPC,Power,287.27,288.99,281.8,286.8,3968860
2025-04-30,NTPC,NTPC,Power,282.15,283.53,280.04,281.67,2113825
2025-05-01,NTPC,NTPC,Power,283.29,286.68,278.09,279.1,4882041
2025-05-02,NTPC,NTPC,Power,273.67,275.42,272.06,274.54,1913257
2025-05-05,NTPC,NTPC,Power,268.89,273.09,265.52,268.6,1401378
2025-05-06,NTPC,NTPC,Power,263.96,269.1,262.87,265.83,1613854
2025-05-07,NTPC,NTPC,Power,265.95,269.78,261.58,266.3,1659846
2025-05-08,NTPC,NTPC,Power,262.5,268.11,260.4,263.66,1574837
2025-05-09,NTPC,NTPC,Power,260.37,266.69,256.35,262.23,1824591
2025-05-12,NTPC,NTPC,Power,265.82,268.58,264.22,265.61,4004710
2025-05-13,NTPC,NTPC,Power,263.33,265.81,261.66,263.32,6713463
2025-05-14,NTPC,NTPC,Power,259.56,261.3,256.59,257.11,1202841
2025-05-15,NTPC,NTPC,Power,257.9,263.24,256.51,259.82,5008932
2025-05-16,NTPC,NTPC,Power,261.39,264.05,258.73,261.16,1922360
2025-05-19,NTPC,NTPC,Power,264.41,268.87,258.32,262.81,3027163
2025-05-20,NTPC,NTPC,Power,264.71,267.22,262.69,265.88,1006531
2025-05-21,NTPC,NTPC,Power,271.73,273.43,264.99,268.17,3335124
2025-05-22,NTPC,NTPC,Power,269.11,270.83,266.2,268.42,829749
2025-05-23,NTPC,NTPC,Power,278.56,284.2,278.06,280.08,2971167
2025-05-26,NTPC,NTPC,Power,274.43,275.17,271.1,273.71,2879974
2025-05-27,NTPC,NTPC,Power,272.11,274.49,270.36,270.93,2776927
2025-05-28,NTPC,NTPC,Power,276.45,278.74,271.34,275.76,1668775
2025-05-29,NTPC,NTPC,Power,279.95,280.58,272.76,276.58,3382213
2025-05-30,NTPC,NTPC,Power,279.26,282.7,277.19,280.46,3099948
2025-06-02,NTPC,NTPC,Power,281.64,284.38,278.09,281.43,2227359
2025-06-03,NTPC,NTPC,Power,288.98,289.58,287.67,288.5,3617591
2025-06-04,NTPC,NTPC,Power,283.84,286.59,279.72,283.39,2371940
2025-06-05,NTPC,NTPC,Power,290.32,295.37,285.97,290.35,3343834
2025-06-06,NTPC,NTPC,Power,295.43,301.82,291.0,296.58,2332771
2025-06-09,NTPC,NTPC,Power,290.33,293.25,288.55,290.24,2816448
2025-06-10,NTPC,NTPC,Power,296.07,298.96,292.04,293.65,3429410
2025-06-11,NTPC,NTPC,Power,292.53,295.26,289.65,293.54,2008601
2025-06-12,NTPC,NTPC,Power,289.59,295.67,284.54,290.46,1268304
2025-06-13,NTPC,NTPC,Power,280.35,282.29,275.68,280.7,2909945
2025-06-16,NTPC,NTPC,Power,273.94,278.1,271.99,275.7,4808840
2025-06-17,NTPC,NTPC,Power,279.28,279.62,275.29,279.33,2947106
2025-06-18,NTPC,NTPC,Power,281.65,285.5,276.96,283.53,2978050
2025-06-19,NTPC,NTPC,Power,280.2,283.19,278.68,282.57,2442675
2025-06-20,NTPC,NTPC,Power,285.84,290.75,281.52,286.84,3753940
2025-06-23,NTPC,NTPC,Power,293.15,296.24,290.21,291.83,2256976
2025-06-24,NTPC,NTPC,Power,292.99,296.13,290.76,292.76,1947694
2025-06-25,NTPC,NTPC,Power,286.94,290.77,285.68,289.07,4591490
2025-06-26,NTPC,NTPC,Power,294.13,298.49,288.68,291.48,1867302
2025-06-27,NTPC,NTPC,Power,294.85,295.16,289.64,294.15,4077564
2025-06-30,NTPC,NTPC,Power,298.45,300.45,294.87,297.84,4593100
2025-07-01,NTPC,NTPC,Power,304.18,307.89,301.66,302.6,3414530
2025-07-02,NTPC,NTPC,Power,293.76,300.15,292.21,295.3,1257607
2025-07-03,NTPC,NTPC,Power,292.05,294.17,288.96,292.71,2537618
2025-07-04,NTPC,NTPC,Power,284.03,286.93,279.73,282.82,2237123
2025-07-07,NTPC,NTPC,Power,285.7,289.65,282.61,286.74,1903113
2025-07-08,NTPC,NTPC,Power,286.03,290.57,285.1,285.76,2704194
2025-07-09,NTPC,NTPC,Power,289.63,290.17,284.11,288.09,3816578
2025-07-10,NTPC,NTPC,Power,281.75,284.07,275.93,280.55,1942715
2025-07-11,NTPC,NTPC,Power,286.99,288.92,284.21,287.74,2275114
2025-07-14,NTPC,NTPC,Power,280.09,282.05,276.39,281.67,2189576
2025-07-15,NTPC,NTPC,Power,286.54,287.55,280.98,285.71,4741814
2025-07-16,NTPC,NTPC,Power,285.49,291.47,282.09,286.43,2170343
2025-07-17,NTPC,NTPC,Power,282.88,286.89,279.35,285.56,1267907
2025-07-18,NTPC,NTPC,Power,286.45,291.29,280.52,284.29,1052219
2025-07-21,NTPC,NTPC,Power,280.54,282.4,279.02,281.14,3051984
2025-07-22,NTPC,NTPC,Power,286.38,292.65,283.26,287.81,1645288
2025-07-23,NTPC,NTPC,Power,288.15,291.65,283.57,287.99,3611377
2025-07-24,NTPC,NTPC,Power,279.45,282.35,277.76,281.52,1202159
2025-07-25,NTPC,NTPC,Power,276.05,282.74,271.56,279.69,1858721
2025-07-28,NTPC,NTPC,Power,279.87,282.25,276.64,280.45,1202590
2025-07-29,NTPC,NTPC,Power,285.49,287.64,282.76,285.09,3175060
2025-07-30,NTPC,NTPC,Power,280.46,284.5,277.21,282.1,3572111
2025-07-31,NTPC,NTPC,Power,278.08,281.77,275.9,279.48,3011789
2025-08-01,NTPC,NTPC,Power,284.01,287.5,275.45,279.71,1375786
2025-08-04,NTPC,NTPC,Power,284.23,288.23,281.61,284.22,1658843
2025-08-05,NTPC,NTPC,Power,277.99,279.83,272.81,277.33,2843863
2025-08-06,NTPC,NTPC,Power,279.3,284.65,276.6,279.97,988104
2025-08-07,NTPC,NTPC,Power,278.06,282.78,274.35,277.74,2189485
2025-08-08,NTPC,NTPC,Power,276.37,276.84,271.27,276.23,5757991
2025-08-11,NTPC,NTPC,Power,287.78,288.14,285.29,286.29,2264412
2025-08-12,NTPC,NTPC,Power,284.14,287.74,280.3,285.4,1102511
2025-08-13,NTPC,NTPC,Power,286.54,292.58,285.58,289.39,1790000
2025-08-14,NTPC,NTPC,Power,294.75,296.43,288.77,293.25,1767223
2025-08-15,NTPC,NTPC,Power,289.56,291.13,283.94,287.14,8112941
2025-08-18,NTPC,NTPC,Power,277.68,281.19,272.97,277.71,6248954
2025-08-19,NTPC,NTPC,Power,281.98,285.14,277.5,281.93,3737082
2025-08-20,NTPC,NTPC,Power,274.61,277.6,273.99,276.54,2070104
2025-08-21,NTPC,NTPC,Power,270.36,274.7,267.47,268.37,4838656
2025-08-22,NTPC,NTPC,Power,274.32,277.76,270.37,273.43,1340292
2025-08-25,NTPC,NTPC,Power,272.03,273.98,265.89,268.53,4519526
2025-08-26,NTPC,NTPC,Power,262.73,268.24,261.72,264.9,4164832
2025-08-27,NTPC,NTPC,Power,274.01,275.22,273.13,274.42,2300325
2025-08-28,NTPC,NTPC,Power,267.07,269.47,263.51,266.33,4677871
2025-08-29,NTPC,NTPC,Power,262.5,263.51,259.94,260.41,1954861
2025-09-01,NTPC,NTPC,Power,260.29,260.73,254.27,258.36,1246692
2025-09-02,NTPC,NTPC,Power,256.71,259.09,252.93,257.35,4280935
2025-09-03,NTPC,NTPC,Power,255.01,255.92,249.68,253.31,2385496
2025-09-04,NTPC,NTPC,Power,247.98,251.05,247.66,248.13,3480827
2025-09-05,NTPC,NTPC,Power,251.89,258.15,251.43,254.97,6805821
2025-09-08,NTPC,NTPC,Power,256.82,257.72,253.63,256.28,1680432
2025-09-09,NTPC,NTPC,Power,260.59,260.96,254.45,259.08,2310426
2025-09-10,NTPC,NTPC,Power,257.96,262.29,256.2,258.55,5927423
2025-09-11,NTPC,NTPC,Power,261.93,262.2,258.22,260.0,3611391
2025-09-12,NTPC,NTPC,Power,261.77,266.28,260.91,264.47,1701329
2025-09-15,NTPC,NTPC,Power,257.66,262.28,254.45,259.83,1478504
2025-09-16,NTPC,NTPC,Power,261.43,265.33,258.04,261.17,1869827
2025-09-17,NTPC,NTPC,Power,265.98,270.04,263.83,264.55,1665562
2025-09-18,NTPC,NTPC,Power,272.71,276.34,269.58,272.01,2848612
2025-09-19,NTPC,NTPC,Power,282.16,283.63,278.18,281.66,2610207
2025-09-22,NTPC,NTPC,Power,281.48,285.86,278.84,282.13,2915004
2025-09-23,NTPC,NTPC,Power,286.24,289.52,282.67,288.02,1574351
2025-09-24,NTPC,NTPC,Power,276.01,277.29,270.21,274.29,2404476
2025-09-25,NTPC,NTPC,Power,280.37,284.97,276.82,282.07,807070
2025-09-26,NTPC,NTPC,Power,277.47,281.99,274.28,278.49,2707550
2025-09-29,NTPC,NTPC,Power,278.25,278.77,273.09,277.4,4772083
2025-09-30,NTPC,NTPC,Power,281.55,282.12,275.15,279.71,1141885
2025-10-01,NTPC,NTPC,Power,278.86,283.05,276.73,279.05,3261464
2025-10-02,NTPC,NTPC,Power,281.94,286.34,279.04,280.15,1786454
2025-10-03,NTPC,NTPC,Power,286.51,291.52,282.24,288.27,3887111
2025-10-06,NTPC,NTPC,Power,288.33,290.72,285.06,286.39,2727940
2025-10-07,NTPC,NTPC,Power,279.98,285.22,275.28,280.9,3123262
2025-10-08,NTPC,NTPC,Power,290.32,294.21,289.78,290.18,2590740
2025-10-09,NTPC,NTPC,Power,294.04,297.23,288.17,293.05,5190724
2025-10-10,NTPC,NTPC,Power,303.49,305.45,299.96,303.31,3026377
2025-10-13,NTPC,NTPC,Power,306.16,309.49,301.82,308.14,1696059
2025-10-14,NTPC,NTPC,Power,303.09,305.55,298.58,300.92,2639485
2025-10-15,NTPC,NTPC,Power,305.3,307.09,299.1,304.54,2040931
2025-10-16,NTPC,NTPC,Power,300.62,302.66,297.81,299.27,2733576
2025-10-17,NTPC,NTPC,Power,299.5,302.42,297.78,299.43,1984600
2025-10-20,NTPC,NTPC,Power,300.37,301.54,298.58,299.14,1722961
2025-10-21,NTPC,NTPC,Power,293.66,297.98,285.61,290.55,2789578
2025-10-22,NTPC,NTPC,Power,288.24,289.24,283.91,286.41,2577899
2025-10-23,NTPC,NTPC,Power,295.0,300.63,291.32,297.9,4488266
2025-10-24,NTPC,NTPC,Power,298.85,303.39,295.06,299.3,1989861
2025-10-27,NTPC,NTPC,Power,298.09,301.23,293.36,298.47,840987
2025-10-28,NTPC,NTPC,Power,308.85,311.06,304.53,308.33,2046562
2025-10-29,NTPC,NTPC,Power,306.35,309.13,303.02,306.25,1021992
2025-10-30,NTPC,NTPC,Power,306.66,311.39,301.87,305.87,3142159
2025-10-31,NTPC,NTPC,Power,310.47,317.0,306.19,311.45,995656
2025-11-03,NTPC,NTPC,Power,309.14,312.95,307.85,309.33,1451629
2025-11-04,NTPC,NTPC,Power,307.45,311.91,304.42,305.29,2048293
2025-11-05,NTPC,NTPC,Power,292.59,293.4,291.92,293.03,5844280
2025-11-06,NTPC,NTPC,Power,292.52,297.19,286.09,288.21,1385694
2025-11-07,NTPC,NTPC,Power,282.71,288.3,280.04,283.42,2517115
2025-11-10,NTPC,NTPC,Power,286.76,289.85,281.08,284.34,3439334
2025-11-11,NTPC,NTPC,Power,281.49,285.38,276.46,281.33,5654909
2025-11-12,NTPC,NTPC,Power,294.48,297.34,290.43,292.37,3834648
2025-11-13,NTPC,NTPC,Power,286.91,288.6,282.92,286.92,4562814
2025-11-14,NTPC,NTPC,Power,293.25,298.82,290.31,294.27,4021518
2025-11-17,NTPC,NTPC,Power,292.91,298.84,291.52,295.55,1285661
2025-11-18,NTPC,NTPC,Power,302.76,306.04,296.52,299.96,3046889
2025-11-19,NTPC,NTPC,Power,302.34,307.82,297.06,304.11,3987060
2025-11-20,NTPC,NTPC,Power,291.86,296.63,290.95,292.09,1477299
2025-11-21,NTPC,NTPC,Power,292.93,296.87,289.33,292.14,1817428
2025-11-24,NTPC,NTPC,Power,289.56,292.22,289.02,290.88,1607266
2025-11-25,NTPC,NTPC,Power,285.47,288.02,283.22,285.06,3823756
2025-11-26,NTPC,NTPC,Power,286.3,292.62,283.0,287.54,2406530
2025-11-27,NTPC,NTPC,Power,298.31,301.42,292.0,296.54,2095569
2025-11-28,NTPC,NTPC,Power,283.46,288.27,278.6,282.39,1235372
2025-12-01,NTPC,NTPC,Power,278.21,283.93,275.74,279.78,2409029
2025-12-02,NTPC,NTPC,Power,271.2,276.99,266.74,273.62,1829636
2025-12-03,NTPC,NTPC,Power,274.14,276.04,272.4,274.08,2858015
2025-12-04,NTPC,NTPC,Power,277.22,278.94,268.82,272.59,1333302
2025-12-05,NTPC,NTPC,Power,270.05,273.27,267.28,269.72,2756989
2025-12-08,NTPC,NTPC,Power,273.13,275.46,268.68,273.18,1963773
2025-12-09,NTPC,NTPC,Power,281.73,285.84,277.24,281.34,1257565
2025-12-10,NTPC,NTPC,Power,294.33,299.03,289.53,294.92,1204764
2025-12-11,NTPC,NTPC,Power,291.95,293.79,289.76,291.12,1308562
2025-12-12,NTPC,NTPC,Power,280.28,285.34,276.82,281.69,2231717
2025-12-15,NTPC,NTPC,Power,286.65,289.34,280.78,284.64,2672029
2025-12-16,NTPC,NTPC,Power,290.85,294.91,286.88,293.0,2899950
2025-12-17,NTPC,NTPC,Power,294.67,299.8,291.85,297.41,2960756
2025-12-18,NTPC,NTPC,Power,307.82,312.81,305.77,306.13,1647242
2025-12-19,NTPC,NTPC,Power,306.69,308.87,303.35,305.01,4474579
2025-12-22,NTPC,NTPC,Power,301.05,303.56,299.09,301.79,1960239
2025-12-23,NTPC,NTPC,Power,304.71,306.83,297.85,302.53,3202312
2025-12-24,NTPC,NTPC,Power,301.75,303.15,296.25,300.86,2284175
2025-12-25,NTPC,NTPC,Power,302.57,307.69,301.72,304.57,3073701
2025-12-26,NTPC,NTPC,Power,308.64,311.09,303.35,310.01,2222005
2025-12-29,NTPC,NTPC,Power,312.27,320.68,310.99,315.98,3104305
2025-12-30,NTPC,NTPC,Power,318.68,320.55,316.12,319.01,2489860
2025-12-31,NTPC,NTPC,Power,321.73,325.32,319.05,320.55,3911430
